:020000040000FA
:100000005023012095020000CD020000CF02000025
:10001000D1020000D3020000D50200000000000061
:10002000000000000000000000000000D7020000F7
:10003000D902000000000000DB020000D1660000D1
:10004000E5330000F93300000D34000021340000D6
:1000500035340000493400005D3400007134000084
:100060008534000099340000AD340000C134000034
:10007000D5340000E9340000FD34000011350000E3
:1000800025350000393500004D3500006135000090
:1000900075350000893500009D350000B135000040
:1000A000C5350000D9350000ED35000001360000EF
:1000B00015360000293600003D360000513600009C
:1000C00065360000793600008D360000A13600004C
:1000D000B5360000C9360000DD360000F1360000FC
:1000E00005370000193700002D37000041370000A8
:1000F00055370000693700007D3700009137000058
:10010000A5370000B9370000CD370000E137000007
:10011000F5370000093800001D38000031380000B4
:1001200045380000593800006D3800008138000063
:1001300095380000A9380000BD380000D138000013
:10014000E5380000F93800000D39000021390000C1
:1001500035390000493900005D390000713900006F
:100160008539000099390000AD390000C13900001F
:10017000D5390000E9390000FD390000113A0000CE
:10018000253A0000393A00004D3A0000613A00007B
:10019000753A0000893A00009D3A0000B13A00002B
:1001A000C53A0000D93A0000ED3A0000013B0000DA
:1001B000153B0000293B00003D3B0000513B000087
:1001C000653B0000793B00008D3B0000A13B000037
:1001D000B53B0000C93B0000DD3B0000F13B0000E7
:1001E000053C0000193C00002D3C0000413C000093
:1001F000553C0000693C00007D3C0000913C000043
:10020000A53C0000B93C0000CD3C0000E13C0000F2
:10021000F53C0000093D00001D3D0000313D00009F
:10022000453D0000593D00006D3D0000813D00004E
:10023000953D0000A93D0000BD3D0000D13D0000FE
:10024000E53D0000193F0000F1420000B943000005
:1002500049460000DF020000DF020000DF0200006C
:100260009D470000514A00004D4C0000F54D000034
:10027000D94E00009D500000995200008D5300009F
:10028000DFF80CD000F0E0F9004800475D0A0200FA
:100290005023012012484FF01F01016011484FF018
:1002A0007701016010484FF0770101600F484FF46B
:1002B000885101600B484FF0760101600A484FF009
:1002C000760101600A4880470A480047FEE7FEE7DA
:1002D000FEE7FEE7FEE7FEE7FEE7FEE7FEE7FEE7F6
:1002E00010080540040805400C08054000080540BA
:1002F000FD670000810200002DE9F05F0546002047
:1003000092469B4688460646814640241BE0284686
:1003100041464746224600F050F953465A46C01A15
:10032000914110D311461846224600F037F92D1A94
:1003300067EB01084F4622460120002100F02EF90C
:1003400017EB00094E41201EA4F10104DFDC4846F2
:1003500031462A464346BDE8F09F40EA01039B0729
:1003600003D009E008C9121F08C0042AFAD203E02A
:1003700011F8013B00F8013B521EF9D27047D2B28E
:1003800001E000F8012B491EFBD270470022F6E77E
:1003900010B513460A4604461946FFF7F0FF2046FB
:1003A00010BD421C10F8011B0029FBD1801A7047B8
:1003B00010B5002200E0521C835C8C5CA34201D18A
:1003C000002BF8D1D8B2E1B2401A10BD034611F8A3
:1003D000012B00F8012B002AF9D118467047420082
:1003E00005D0C0F3C7525242914201DC0020704751
:1003F00000EBC150704796230022114600F0F6B87A
:10040000BFFFDFFFFFFEFFFFFFFFFFFFFFFFFFFF5D
:10041000FFFFFFFFFFFFFFFFFFFFFFFFFFFFFFFFEC
:10042000F0B480EA0102D40F4200B2EB410F02D2D5
:100430000246084611464A0042D0C30DDDB2C1F360
:10044000C752AD1A202D35DAC1F3160141F400026E
:1004500004B15242C5F1200602FA06F12A411044C5
:10046000B3EBD05F23D0C4B1012DA0EBC35009DCA6
:10047000F0BC4FF0004202EAC352DBB200F50000CC
:1004800000F0B4B8400000F1807000EBC350A0F160
:10049000807040EAD170490009E0490841EAC07122
:1004A000A0EBC35000F50000400800EBC350F0BCC7
:1004B00000F093B86142012202EB4101001BF6E714
:1004C000F0BC704781F00041AAE780F00040A7E748
:1004D00030B480EA010202F0004530F0004221F021
:1004E000004013D090B1C30DD40DC2F31601C0F378
:1004F0001600E41A41F4000140F400027D349142F8
:1005000001D3641C00E04900002C02DA30BC00205A
:1005100070474FF400000023914201D3891A03432E
:1005200040084FEA4101F7D151B1914202D14FF059
:10053000004105E002D24FF0010101E06FF001013E
:1005400003EBC450284430BC00F047B820F0004012
:10055000C10DC0F3160040F400007F2901DA00202D
:100560007047962903DCC1F19601C840704796395F
:1005700088407047002801DBC0F10040002901DB02
:10058000C1F1004181427047002801DBC0F1004009
:10059000002901DBC1F1004188427047202A04DBB9
:1005A000203A00FA02F1002070479140C2F1200386
:1005B00020FA03F3194390407047202A04DB203AC5
:1005C00021FA02F00021704721FA02F3D040C2F173
:1005D000200291400843194670470029A8BF704780
:1005E000401C490008BF20F00100704710B4B0FA69
:1005F00080FC00FA0CF050EA010404BF10BC704704
:1006000049B1CCF1200421FA04F411FA0CF118BF1D
:10061000012121430843A3EB0C01CB1D4FEA0061EC
:100620004FEA102042BF002010BC704700EBC350BF
:1006300010440029A4BF10BC7047401C490008BFEB
:1006400020F0010010BC7047064C074D06E0E06842
:1006500040F0010394E8070098471034AC42F6D309
:10066000FFF712FE1C5D02003C5D020070B58C18A5
:1006700010F8015B15F0070301D110F8013B2A11B6
:1006800006D110F8012B03E010F8016B01F8016BA3
:100690005B1EF9D12B0705D40023521E0DD401F89F
:1006A000013BFAE710F8013BCB1A921C03E013F868
:1006B000015B01F8015B521EF9D5A142D8D300209D
:1006C00070BD7047704770477047704770477047FC
:1006D000704700002DE9F0410E46074617491848BB
:1006E0001C4615468F4202D1102D09D903E08742DE
:1006F00001D1082D04D940F2651112A000F03AFF93
:1007000036B1012E04D04FF4B3710EA000F032FFC9
:1007100034B1012C04D040F267110AA000F02AFF86
:1007200007EB86000121A94050F80C2F012C03D0C3
:100730008A430260BDE8F0810A43FAE70000044002
:10074000000404402E2E5C2E2E5C2E2E5C2E2E5C81
:10075000647269766572735C686333325F6C6C5F78
:100760006472697665725C7372635C686333325F6E
:100770006C6C5F6164632E630000000070B5054619
:100780000C480C46854207D00B48854204D040F205
:10079000AB210AA000F0EEFE0CB1A00804D04FF48B
:1007A0002B7106A000F0E6FE84F0030085F84600F9
:1007B00070BD000000000440000404402E2E5C2E9A
:1007C0002E5C2E2E5C2E2E5C647269766572735CD4
:1007D000686333325F6C6C5F6472697665725C73F8
:1007E00072635C686333325F6C6C5F6164632E6359
:1007F000000000002DE9F0410E4604461149124860
:1008000017468C4202D1102E09D903E0844201D14F
:10081000082E04D94FF4EA710CA000F0ABFE0125BC
:10082000B54037B1012F07D040F2D51107A000F035
:10083000A1FE6069A84301E0606928436061BDE8EA
:10084000F081000000000440000404402E2E5C2EC5
:100850002E5C2E2E5C2E2E5C647269766572735C43
:10086000686333325F6C6C5F6472697665725C7367
:1008700072635C686333325F6C6C5F6164632E63C8
:100880000000000070B504460D480D46844207D0B4
:100890000C48844204D040F2C3110BA000F06AFE61
:1008A00035F4E06004D04FF4E27107A000F062FE7E
:1008B000608805F4E06120F4E0600843608070BD6A
:1008C00000000440000404402E2E5C2E2E5C2E2ED0
:1008D0005C2E2E5C647269766572735C6863333279
:1008E0005F6C6C5F6472697665725C7372635C687E
:1008F0006333325F6C6C5F6164632E6300000000E1
:1009000070B505460D4800260C46854207D00C48B8
:10091000854204D040F296210AA000F02BFE0CB1D3
:10092000A00804D040F2972106A000F023FE95F81D
:100930004600204200D00126304670BD0000044031
:10094000000404402E2E5C2E2E5C2E2E5C2E2E5C7F
:10095000647269766572735C686333325F6C6C5F76
:100960006472697665725C7372635C686333325F6C
:100970006C6C5F6164632E630000000070B50C4610
:1009800005460A490A488D4202D1102C09D903E0D4
:10099000854201D1082C04D940F2762105A000F04F
:1009A000E9FD05EB4400B0F8500070BD00000440C4
:1009B000000404402E2E5C2E2E5C2E2E5C2E2E5C0F
:1009C000647269766572735C686333325F6C6C5F06
:1009D0006472697665725C7372635C686333325FFC
:1009E0006C6C5F6164632E630000000070B50546A7
:1009F0001A480C466FF00206854206D01848854218
:100A000003D0E52117A000F0B5FD002C24D02088EC
:100A100048B1012807D0022805D0032803D0E821D7
:100A200010A000F0A7FD6088202806D0102804D070
:100A300018B1E9210BA000F09DFDA08828B1802805
:100A400003D0EA2107A000F095FD208861880843C3
:100A5000A188084368800026304670BD000004402D
:100A6000000404402E2E5C2E2E5C2E2E5C2E2E5C5E
:100A7000647269766572735C686333325F6C6C5F55
:100A80006472697665725C7372635C686333325F4B
:100A90006C6C5F6164632E630000000070B51646E5
:100AA0000C460546052A04D240F2A5110DA000F01F
:100AB00061FD1A491A488D4202D1102C09D903E070
:100AC000854201D1082C04D940F2A71105A000F0FD
:100AD00051FD28192030102C01D2067070BD85F808
:100AE000306070BD2E2E5C2E2E5C2E2E5C2E2E5C69
:100AF000647269766572735C686333325F6C6C5FD5
:100B00006472697665725C7372635C686333325FCA
:100B10006C6C5F6164632E630000000000000440A1
:100B20000004044070B504460A480025844207D0FA
:100B30000948844204D040F2532108A000F01AFD75
:100B40002078012803D001202070284670BD6FF066
:100B50000505FAE700000440000404402E2E5C2E38
:100B60002E5C2E2E5C2E2E5C647269766572735C30
:100B7000686333325F6C6C5F6472697665725C7354
:100B800072635C686333325F6C6C5F6164632E63B5
:100B90000000000010B504460648844207D006480D
:100BA000844204D040F2672104A000F0E3FC00205E
:100BB000207010BD00000440000404402E2E5C2E66
:100BC0002E5C2E2E5C2E2E5C647269766572735CD0
:100BD000686333325F6C6C5F6472697665725C73F4
:100BE00072635C686333325F6C6C5F6164632E6355
:100BF000000000006FF0020118B100210180418067
:100C0000818008467047000070B5044610481646BB
:100C100020440D46682801D8A00703D07C210DA0F0
:100C200000F0A8FC0DB1A80003D07D2109A000F0C0
:100C3000A1FC2EB1012E06D07E2106A000F09AFC68
:100C40002068A84301E020682843206070BD0000B0
:100C5000FCF7FEBF2E2E5C2E2E5C2E2E5C2E2E5C04
:100C6000647269766572735C686333325F6C6C5F63
:100C70006472697665725C7372635C686333325F59
:100C80006C6C5F616F732E630000000070B50446EA
:100C900007480D462044682801D8A00703D08F21BB
:100CA00004A000F067FC206865F30800206070BDB8
:100CB000FCF7FEBF2E2E5C2E2E5C2E2E5C2E2E5CA4
:100CC000647269766572735C686333325F6C6C5F03
:100CD0006472697665725C7372635C686333325FF9
:100CE0006C6C5F616F732E630000000038B50020EC
:100CF000104C00902046FFF715FF4FF47A75012144
:100D00002046FFF7FDFD012809D00099481C0090FE
:100D1000A942F4D32046BDE83840FFF73BBF01218C
:100D20002046FFF72BFD00212046FFF727FE024952
:100D3000088038BD000004402680FF1F7FB50122D7
:100D40000321052001F01AF9684600F062FB02A8B1
:100D500000F0FEF92549264800F012FA00258DF82A
:100D6000025030208DF8010005248DF800508DF8D8
:100D70000440684600F0C8FA632060F3102404F1D0
:100D8000805424F0706000F1807020F4700000F551
:100D9000801020F0800003908DF8085002A800F029
:100DA000F1F8202000F064F80128FAD10022114661
:100DB000042005F091FA012211460B2005F08CFA6F
:100DC000502000F07BFF4FF4404001F05FFB04F047
:100DD000D3FE052000F024FA012000F033FF0020AC
:100DE00000F030FF012000F0F5FE7FBD1022110061
:100DF0007777770710B588B04FF400314FF4E020D3
:100E000000F0BEF9002000F0C3F90121084601F00E
:100E100077F805A8FFF7EEFE134C05A92046FFF76B
:100E2000E5FD684601F074FB4FF40040ADF810009A
:100E30006A460121002001F0FBF80022012311463F
:100E40002046FFF747FC402200212046FFF726FE00
:100E500061152046FFF716FD012200212046FFF70D
:100E6000C9FC08B010BD000000000440704700003D
:100E700010B5040002D034F0690004D040F28B5168
:100E800004A000F077FB114890F83C00204000D00F
:100E9000012010BD2E2E5C2E2E5C2E2E5C2E2E5C84
:100EA000647269766572735C686333325F6C6C5F21
:100EB0006472697665725C7372635C686333325F17
:100EC0006C6C5F636C6B2E6300000000004005409B
:100ED00070B506004FF0000406D0012E04D040F299
:100EE000E54119A000F046FB254DB5F8FE03C0070B
:100EF00004D140F2E64114A000F03CFB46B1D5F825
:100F000000014FF48056000631460ED408200DE053
:100F100095F8260000F00700052803D0012085F889
:100F20002A000EE06FF005040BE0012000F07FF9CD
:100F3000040006D185F82A003146202000F077F918
:100F40000446204670BD00002E2E5C2E2E5C2E2EF8
:100F50005C2E2E5C647269766572735C68633332F2
:100F60005F6C6C5F6472697665725C7372635C68F7
:100F70006333325F6C6C5F636C6B2E630000000048
:100F8000004005402DE9F041040027D0207900F011
:100F90001F00172804D940F2B94158A000F0EAFA1E
:100FA0006068C0F308201338B0F5E67F04D940F23A
:100FB000BA4152A000F0DEFA60684FF0FF3101EB59
:100FC00010700E2804D940F2BB414CA000F0D2FAB8
:100FD0006168584A080605D4134605E06FF0020020
:100FE000BDE8F0815448036801F01F00401CB3FBCA
:100FF000F0F0C1F308256D1C504945430844904268
:1010000004D94FF498613DA000F0B4FA4C484C4923
:1010100028444942884204D940F2C14137A000F037
:10102000A9FA6068012101EB1070B5FBF0F0454EA4
:10103000454F3044B84204D940F2C2412FA000F0DD
:1010400099FA6068C0F30360401E0E2804D940F28C
:10105000C3412AA000F08EFA6068C0F30350401E1E
:101060000E2804D940F2C44124A000F083FA60683D
:10107000C0F30350401CB5FBF0F03044B84204D933
:1010800040F2C5411DA000F075FA6068C0F303602E
:10109000401CB5FBF0F03044B84204D940F2C641E0
:1010A00016A000F067FA2078012805D020B14FF48F
:1010B000996112A000F05EFA244DB5F8FE03C00756
:1010C00004D140F2C9410DA000F054FAD5F8000156
:1010D000217920F08000C1F3C01140EAC110C5F8A9
:1010E00000016068C5F80001207820B10020BDE84B
:1010F000F041FFF7EDBE0120F9E700002E2E5C2E37
:101100002E5C2E2E5C2E2E5C647269766572735C8A
:10111000686333325F6C6C5F6472697665725C73AE
:1011200072635C686333325F6C6C5F636C6B2E63FD
:101130000000000000366E010480FF1FC0BDF0FFFC
:1011400000E4B1F1401E1BFF40E0060B00400540EB
:10115000002290B10021132363F3102101F180518B
:1011600021F0706101F1807121F4700101F58011AD
:10117000416001210170104670476FF00202FAE7EA
:1011800010B505F011F9BDE8104005F0EDBA00000A
:1011900070B5040010D0082C0ED0092C0CD00A2CED
:1011A0000AD00B2C08D00C2C06D00D2C04D040F209
:1011B0002B610CA000F0DEF9184DB5F8FE03C00756
:1011C00004D140F22C6107A000F0D4F9B5F8FE0379
:1011D000800704D440F22D6102A000F0CBF9E0B208
:1011E000288270BD2E2E5C2E2E5C2E2E5C2E2E5C48
:1011F000647269766572735C686333325F6C6C5FCE
:101200006472697665725C7372635C686333325FC3
:101210006C6C5F636C6B2E63000000000040054047
:1012200010B505F0D3F9BDE8104005F09DBAF8B54A
:10123000064600200D466FF00704009007E0304698
:10124000FFF716FE012806D00098401C0090A84227
:10125000F5D92046F8BD0024FBE7000070B5060074
:101260004FF0000506D0012E04D04FF4677117A08F
:1012700000F080F9234CB4F8FE03C00704D140F21B
:101280009D3112A000F076F946B1002084F83200BA
:101290004FF480510820FFF7CAFF13E094F82600AE
:1012A00000F007016FF0050003290BD0D4F80011FE
:1012B0000A064FF0010102D494F82A2012B184F8F2
:1012C000321000E00546284670BD00002E2E5C2E30
:1012D0002E5C2E2E5C2E2E5C647269766572735CB9
:1012E000686333325F6C6C5F6472697665725C73DD
:1012F00072635C686333325F6C6C5F636C6B2E632C
:10130000000000000040054070B5040045D0207882
:10131000012805D020B14FF45F712DA000F02AF90B
:10132000607850B1102808D0202806D0302804D08A
:1013300040F27D3126A000F01DF9A07830B14028A0
:1013400004D040F27E3122A000F014F9E078802829
:1013500005D020B140F27F311DA000F00BF92079BB
:10136000012814D0022812D0032810D004280ED04F
:1013700005280CD006280AD0072808D0082806D04F
:10138000092804D04FF4607111A000F0F3F81E4D4D
:10139000B5F8FE03C00708D102E06FF0020070BD8F
:1013A00040F281310AA000F0E5F8207985F8A2002A
:1013B000E07861780843A1780843144908702078E0
:1013C00020B10020BDE87040FFF748BF0120F9E7D9
:1013D0002E2E5C2E2E5C2E2E5C2E2E5C6472697678
:1013E0006572735C686333325F6C6C5F64726976DC
:1013F00065725C7372635C686333325F6C6C5F63ED
:101400006C6B2E6300000000004005401044054056
:101410007047002150B10122027000228270427098
:101420008022C27005220271084670476FF00201E7
:10143000FAE710B501F0A6FB0A2000F09DF8302174
:10144000112000F06FF8052000F096F8C021BDE8EB
:1014500010400F2000F066B808B500208DF800009D
:1014600001226946104600F003F89DF8000008BD0F
:101470002DE9F7431A4E884642F210751746294661
:10148000304601F039FD2B4600222721304601F07D
:10149000D7FD040015D12B4601226946304601F0E4
:1014A0003BFE04000DD12946304601F0D7FC040074
:1014B00007D12B4601222721304601F0C1FD04004F
:1014C00006D02946304601F061FD2046BDE8FE8386
:1014D0002B463A464146304601F00AFC0446F4E702
:1014E00000E004407CB514460D46064606226946D7
:1014F0000220FFF7BDFFBDF800003080BDF80200FC
:101500002880BDF804002080B6F9000080103080EB
:10151000B5F9000080102880B4F900008010208008
:101520007CBD0000F8B5104E8DF800008DF801105C
:1015300042F210752946304601F0DEFC2B460022AF
:101540002721304601F07CFD040006D12B46022203
:101550006946304601F0E0FD04462946304601F078
:1015600015FD2046F8BD000000E0044070477047BC
:1015700070477047FEE7000008B50D49096AC1F3DE
:1015800002630C490968D94041F270731944491E3D
:10159000B1FBF3F206E0009200BF00994B1E0093EE
:1015A0000029FAD1011EA0F10100F4D108BD00000C
:1015B000004005400080FF1F08B50C49096AC1F3CF
:1015C00002630B490968D9400A4B1944491EB1FB13
:1015D000F3F206E0009200BF00994B1E0093002931
:1015E000FAD1011EA0F10100F4D108BD0040054070
:1015F0000080FF1F808D5B00704770477047704709
:101600007047704770477047704770477047704722
:101610007047704770477047704770477047704712
:1016200070477047704770472DE9F04704464F48B0
:10163000002617460D46844207D04D48844204D008
:1016400040F27B114BA0FFF795FF032D04D94FF417
:10165000BE7148A0FFF78EFF37B1012F04D040F2D2
:101660007D1144A0FFF786FF5048017819B14FF073
:10167000FF30BDE8F08701210170E369A9408B4389
:101680004FF0000264D0E3696FF00709DB074FF405
:10169000A04C11D085B1A36C4FEA1348A36E1B0C6C
:1016A0000A2B09D8434504D306E0761CB6B266453A
:1016B00048D8E369DB07F8D1E3699B0714D5012D0E
:1016C00012D0D4F888301E0CD4F8A8301B0C0A2B8A
:1016D0000AD8B34208D2002303E05B1C9BB26345E7
:1016E00030D8E669B607F8D4E3695B0715D5022D53
:1016F00013D0D4F8C86000234FEA1648D4F8E86045
:10170000360C0A2E09D8464504D306E05B1C9BB272
:10171000634517D8E6697607F8D4E3691B0717D540
:10172000032D15D0D4F8085100232E0CD4F82851DD
:101730002D0C0A2D0CD8B54207D309E05B1C9BB2D7
:10174000634502D90270484693E7E5692D07F5D451
:10175000E369012F06D00F258D432B40E361027012
:10176000002086E701F00F010B43F7E7003005404A
:10177000003405402E2E5C2E2E5C2E2E5C2E2E5C10
:10178000647269766572735C686333325F6C6C5F38
:101790006472697665725C7372635C686333325F2E
:1017A0006C6C5F646D612E63000000002480FF1F7D
:1017B00070B505460B480C46854207D00A4885425D
:1017C00004D04FF4B27109A0FFF7D4FE14B134F085
:1017D0000F1004D040F2651104A0FFF7CBFEAC61FE
:1017E00070BD000000300540003405402E2E5C2EF8
:1017F0002E5C2E2E5C2E2E5C647269766572735C94
:10180000686333325F6C6C5F6472697665725C73B7
:1018100072635C686333325F6C6C5F646D612E630E
:101820000000000070B5054609480C46854206D008
:101830000848854203D0FB2107A0FFF79BFE2CB18F
:10184000012C03D0FC2104A0FFF794FE2C6070BD96
:1018500000300540003405402E2E5C2E2E5C2E2ECE
:101860005C2E2E5C647269766572735C68633332D9
:101870005F6C6C5F6472697665725C7372635C68DE
:101880006333325F6C6C5F646D612E630000000037
:1018900070B50C00054602D034F00F1004D04FF4A0
:1018A000AB7104A0FFF766FEA868204000D00120BD
:1018B00070BD00002E2E5C2E2E5C2E2E5C2E2E5C1B
:1018C000647269766572735C686333325F6C6C5FF7
:1018D0006472697665725C7372635C686333325FED
:1018E0006C6C5F646D612E63000000002DE9F047B1
:1018F00005464448002614460F46854207D0424814
:10190000854204D04FF46B7140A0FFF733FE032FE4
:1019100004D940F2AD313DA0FFF72CFE64B1E06880
:10192000002827D04FF480784FF40079404506D145
:101930002079C00711D007E06FF002065EE048454D
:1019400002D1207980070DD040F2B2312FA0FFF7ED
:1019500011FEE06870B1404502D1207AC00703E073
:10196000484502D1207A800720B140F2B33127A048
:10197000FFF700FEA06940B1012806D0022804D07C
:101980004FF46D7121A0FFF7F5FDE06940B1042827
:1019900006D0082804D040F2B5311CA0FFF7EAFDBC
:1019A0002069B0F5806F04D940F2B63117A0FFF777
:1019B000E1FD2068B0F5805F05D020B140F2B7317D
:1019C00012A0FFF7D7FD05EB871061680164A168DD
:1019D0004164218AA28AC1F3090141EA024181647A
:1019E0002268E1680A43D4E9061319430A4341F225
:1019F0000F31C36D0A408B431A43C2653046BDE8C0
:101A0000F087000000300540003405402E2E5C2E8B
:101A10002E5C2E2E5C2E2E5C647269766572735C71
:101A2000686333325F6C6C5F6472697665725C7395
:101A300072635C686333325F6C6C5F646D612E63EC
:101A4000000000002DE9F041064614480024154628
:101A50000F46864207D01248864204D040F2052144
:101A600010A0FFF787FD032F04D940F206210DA037
:101A7000FFF780FD06EB871005644FF4805208E005
:101A8000641CA4B2944203D96FF00700BDE8F08152
:101A90000564016EA942F3D10020F7E7003005404C
:101AA000003405402E2E5C2E2E5C2E2E5C2E2E5CDD
:101AB000647269766572735C686333325F6C6C5F05
:101AC0006472697665725C7372635C686333325FFB
:101AD0006C6C5F646D612E63000000002DE9F041C5
:101AE00006461948002415460F46864207D0174877
:101AF000864204D04FF4107115A0FFF73BFD032F71
:101B000004D940F2412112A0FFF734FD06EB871102
:101B100001F148008A6CC2EA05428A644FF480529F
:101B200068310BE0641CA4B2944203D96FF0070043
:101B3000BDE8F0810368C3EA054303600B68B5EBB9
:101B4000134FEFD10020F3E700300540003405408B
:101B50002E2E5C2E2E5C2E2E5C2E2E5C64726976F0
:101B60006572735C686333325F6C6C5F6472697654
:101B700065725C7372635C686333325F6C6C5F6464
:101B80006D612E6300000000002258B10021016049
:101B9000416001238160C0E9031341618161C1613A
:101BA000104670476FF00202FAE7000010B5074CCC
:101BB00001212046FFF76CFE002806D001212046B7
:101BC000FFF7F6FD02490120087010BD0030054006
:101BD0000880FF1F10B5040006D0012C04D040F28D
:101BE000711108A0FFF7C6FC14480068012804D052
:101BF0004FF4B97103A0FFF7BDFC1148C0F8404194
:101C000010BD00002E2E5C2E2E5C2E2E5C2E2E5C27
:101C1000647269766572735C686333325F6C6C5FA3
:101C20006472697665725C7372635C686333325F99
:101C30006C6C5F65666D2E6300000000000401405F
:101C40000080204210B5040006D0012C04D040F2E0
:101C5000631108A0FFF78EFC14480068012804D027
:101C60004FF4B27103A0FFF785FC1148C0F8604142
:101C700010BD00002E2E5C2E2E5C2E2E5C2E2E5CB7
:101C8000647269766572735C686333325F6C6C5F33
:101C90006472697665725C7372635C686333325F29
:101CA0006C6C5F65666D2E630000000000040140EF
:101CB00000802042704770477047000070B50546AD
:101CC000194800240068012804D040F24F1117A0E1
:101CD000FFF750FCF02D04D94FF4A87113A0FFF7C3
:101CE00049FC11490831086805F0F00220F0F000C5
:101CF000104308601C481B4A44F6206300680CE04F
:101D0000166AC6F3026620FA06F6B6FBF3F6641C02
:101D1000A64202D26FF0070070BD0E6806F0F00612
:101D2000AE42EDD1002070BD000401402E2E5C2E8D
:101D30002E5C2E2E5C2E2E5C647269766572735C4E
:101D4000686333325F6C6C5F6472697665725C7372
:101D500072635C686333325F6C6C5F65666D2E63C3
:101D600000000000004005400080FF1F70477047E2
:101D700070477047704770477047704770477047AB
:101D8000704770477047704770477047704770479B
:101D90007047704770B50E46050002D00E480542E8
:101DA00003D071210DA0FFF7E5FB2EB1012E03D06A
:101DB00072210AA0FFF7DEFB164C2069C00703D191
:101DC000732106A0FFF7D6FB2068012E02D028431E
:101DD000206070BDA843FBE7EE3A0C702E2E5C2EFF
:101DE0002E5C2E2E5C2E2E5C647269766572735C9E
:101DF000686333325F6C6C5F6472697665725C73C2
:101E000072635C686333325F6C6C5F6663672E631A
:101E1000000000000080044070B50E46040002D0AF
:101E20000A48044203D0842109A0FFF7A3FB164D02
:101E30002EB1012E06D0852105A0FFF79BFB686817
:101E4000204301E06868A043686070BD8602F0F03E
:101E50002E2E5C2E2E5C2E2E5C2E2E5C64726976ED
:101E60006572735C686333325F6C6C5F6472697651
:101E700065725C7372635C686333325F6C6C5F665F
:101E800063672E63000000000080044070B50E46BA
:101E9000040002D00A48044203D0962109A0FFF7AB
:101EA00069FB164D2EB1012E06D0972105A0FFF734
:101EB00061FBA868204301E0A868A043A86070BD4A
:101EC0000078F8FF2E2E5C2E2E5C2E2E5C2E2E5CC3
:101ED000647269766572735C686333325F6C6C5FE1
:101EE0006472697665725C7372635C686333325FD7
:101EF0006C6C5F6663672E63000000000080044026
:101F000070B50E46040004D041F2031034EA00001C
:101F100003D0A82108A0FFF72DFB154D2EB1012EEF
:101F200006D0A92104A0FFF725FBE868204301E0C3
:101F3000E868A043E86070BD2E2E5C2E2E5C2E2E2D
:101F40005C2E2E5C647269766572735C68633332F2
:101F50005F6C6C5F6472697665725C7372635C68F7
:101F60006333325F6C6C5F6663672E630000000052
:101F700000800440704770477047000070B5044609
:101F80001C4816460D460088C00704D140F2812146
:101F900019A0FFF7EFFA74B1012C0CD0022C0AD073
:101FA000032C08D0042C06D0052C04D040F282214A
:101FB00011A0FFF7DFFA25B940F283210EA0FFF749
:101FC000D9FA0C4B0020A2011B1DE90708D002EB37
:101FD00080011944012E0C8809D0C4F30E040C8032
:101FE0006D0803D0401CC0B21028EED370BD44F47D
:101FF0000044F4E7FC3B05402E2E5C2E2E5C2E2E7A
:102000005C2E2E5C647269766572735C6863333231
:102010005F6C6C5F6472697665725C7372635C6836
:102020006333325F6C6C5F6770696F2E6300000012
:102030002DE9F04114000E4605464FF0000704D08C
:1020400052480088C00708D102E06FF002079AE00A
:102050004FF480714EA0FFF78DFA75B1012D0CD0B1
:10206000022D0AD0032D08D0042D06D0052D04D052
:1020700040F2011146A0FFF77DFA26B94FF48171B5
:1020800043A0FFF777FA208830B1012804D040F24E
:1020900003113FA0FFF76EFA608830B1022804D028
:1020A0004FF482713AA0FFF765FAA08830B1042896
:1020B00004D040F2051136A0FFF75CFAE08840B189
:1020C000102806D0202804D04FF4837130A0FFF7E9
:1020D00051FA208938B1B0F5804F04D040F2071191
:1020E0002BA0FFF747FA608930B1402804D04FF4A5
:1020F000847127A0FFF73EFAA08938B1B0F5007FC0
:1021000004D040F2091122A0FFF734FAE08938B177
:10211000B0F5805F04D04FF485711DA0FFF72AFA57
:10212000208A38B1B0F5004F04D040F20B1118A04E
:10213000FFF720FA0021F0071FD020886288E3888B
:102140001043A2884DF2772C1A43104362890F4B3B
:102150001043A2891043E289104322891043228A46
:102160000243A80100EB81001B1D1844038802EA0A
:102170000C0223EA0C0313430380760803D0491CA6
:10218000C9B21029D7D33846BDE8F081FC3B0540E1
:102190002E2E5C2E2E5C2E2E5C2E2E5C64726976AA
:1021A0006572735C686333325F6C6C5F647269760E
:1021B00065725C7372635C686333325F6C6C5F671B
:1021C00070696F2E6300000070B50D4604000ED0DC
:1021D000012C0CD0022C0AD0032C08D0042C06D0E1
:1021E000052C04D04FF4FF7108A0FFF7C3F925B9FF
:1021F00040F2FF1105A0FFF7BDF9124901EB0410F1
:10220000B0F80008284000D0012070BD2E2E5C2EB2
:102210002E5C2E2E5C2E2E5C647269766572735C69
:10222000686333325F6C6C5F6472697665725C738D
:1022300072635C686333325F6C6C5F6770696F2ECA
:10224000630000000030054070B50D4604000ED05C
:10225000012C0CD0022C0AD0032C08D0042C06D060
:10226000052C04D040F24A2107A0FFF783F925B9D5
:1022700040F24B2104A0FFF77DF9114800EB041058
:1022800001882943018070BD2E2E5C2E2E5C2E2EDF
:102290005C2E2E5C647269766572735C686333329F
:1022A0005F6C6C5F6472697665725C7372635C68A4
:1022B0006333325F6C6C5F6770696F2E6300000080
:1022C0000A38054070B50C46050001D0680904D0F5
:1022D0004FF4B2710FA0FFF74DF934B1012C04D0C7
:1022E00040F265110BA0FFF745F918480088C007B8
:1022F00004D14FF4B37107A0FFF73CF9134A05F07E
:102300001F00083A012C118802D08143118070BD52
:102310000143FBE72E2E5C2E2E5C2E2E5C2E2E5CB7
:10232000647269766572735C686333325F6C6C5F8C
:102330006472697665725C7372635C686333325F82
:102340006C6C5F6770696F2E63000000FC3B05409A
:1023500070B516460D4604000ED0012C0CD0022C90
:102360000AD0032C08D0042C06D0052C04D04FF43E
:10237000BE7118A0FFF7FEF825B940F27D1115A037
:10238000FFF7F8F80F2E08D9A6F120001B2804D972
:102390004FF4BF710FA0FFF7EDF81C480088C0078D
:1023A00004D140F27F110BA0FFF7E4F8174B002097
:1023B000A2019B1DE90706D002EB800119440C889D
:1023C00066F305040C806D0803D0401CC0B21028D1
:1023D000F0D370BD2E2E5C2E2E5C2E2E5C2E2E5C2D
:1023E000647269766572735C686333325F6C6C5FCC
:1023F0006472697665725C7372635C686333325FC2
:102400006C6C5F6770696F2E63000000FC3B0540D9
:1024100070B50D4604000ED0012C0CD0022C0AD051
:10242000032C08D0042C06D0052C04D04FF40E71D8
:1024300007A0FFF79FF825B940F2392104A0FFF764
:1024400099F8114800EB041001882943018070BD00
:102450002E2E5C2E2E5C2E2E5C2E2E5C64726976E7
:102460006572735C686333325F6C6C5F647269764B
:1024700065725C7372635C686333325F6C6C5F6758
:1024800070696F2E630000000838054010B5040025
:102490000DD0B4F5804F0AD0B4F5004F07D0B4F595
:1024A000404F04D04FF4ED710AA0FFF763F81748CE
:1024B0000088C00704D140F2DB1106A0FFF75AF8EC
:1024C0001248001F018804F44042C1F30D0111437A
:1024D000018010BD2E2E5C2E2E5C2E2E5C2E2E5CCE
:1024E000647269766572735C686333325F6C6C5FCB
:1024F0006472697665725C7372635C686333325FC1
:102500006C6C5F6770696F2E63000000FC3B0540D8
:10251000002258B1002101804180C18001820181E7
:1025200041818181C1818180104670476FF0020234
:10253000FAE77047704770477047704770477047B9
:1025400070477047704770477047000070B5044689
:102550000F480D4684420AD00E48844207D00E48E8
:10256000844204D04FF438710CA0FFF703F83DB15A
:10257000B5F5806F04D040F2E12108A0FEF7FAFF24
:10258000206805F4806120F480600843206070BDFD
:1025900000E0044000E4044000E804402E2E5C2EDD
:1025A0002E5C2E2E5C2E2E5C647269766572735CD6
:1025B000686333325F6C6C5F6472697665725C73FA
:1025C00072635C686333325F6C6C5F6932632E6385
:1025D000000000002DE9F74F4FF000068AB00C0014
:1025E0000546B1464FF0020A6FF002087DD00C9804
:1025F0000028FBD05B4885420AD05B48854207D063
:102600005A48854204D04FF48A7159A0FEF7B2FFB0
:10261000606810B16449884204D940F2151154A091
:10262000FEF7A8FF2068072804D94FF48B7150A04B
:10263000FEF7A0FF5D48006A0127C0F302315C4845
:10264000006820FA01FB2068A16809916168019186
:10265000296B8740C90604D5296B01F0030101F1FC
:10266000010908B94FF0030A002F75D03846FDF76D
:10267000C2FE00900198FDF7BEFE059002905846FC
:10268000FDF7B9FE0299FDF723FF0099FDF720FF42
:1026900000900998FDF7AFFE01904846FDF7ABFEAC
:1026A0000121FDF79CFE81465046FDF7A4FE012165
:1026B000FDF795FE4946FDF7B3FE0199FDF7B0FE23
:1026C000824601460098FDF7FDFE03900098FDF755
:1026D0003DFFFDF790FE0099FDF7F7FEB0F17C5F3E
:1026E00000980ADBFDF732FF00E035E0FDF783FEDE
:1026F0004FF07E51FDF794FE03E0FDF727FFFDF755
:102700007AFE81465146FDF735FF25D929490398C0
:10271000FDF73AFF20D34846FDF718FFBBFBF0F06A
:10272000B0FBF7F0FDF767FE074639460598FDF761
:10273000C9FE3946FDF7CCFE07460398FDF706FFB4
:1027400041082288A0EB500041EA024141EA002002
:10275000E8620C98076000E046460DB03046BDE8E0
:10276000F08F000000E0044000E4044000E8044072
:102770002E2E5C2E2E5C2E2E5C2E2E5C64726976C4
:102780006572735C686333325F6C6C5F6472697628
:1027900065725C7372635C686333325F6C6C5F6933
:1027A00032632E6300000000801A060000400540DE
:1027B0000080FF1F0000784270B504460F480D46A8
:1027C00084420AD00E48844207D00E48844204D086
:1027D00040F201210CA0FEF7CDFE35B1012D08D04D
:1027E00040F2022108A0FEF7C5FEE06820F48060F8
:1027F00002E0E06840F48060E06070BD00E004400A
:1028000000E4044000E804402E2E5C2E2E5C2E2EA8
:102810005C2E2E5C647269766572735C6863333219
:102820005F6C6C5F6472697665725C7372635C681E
:102830006333325F6C6C5F6932632E6300000000AB
:1028400070B504460C480D4684420AD00B488442B9
:1028500007D00B48844204D040F28D2109A0FEF736
:1028600089FE15B11548054204D040F28E2105A01D
:10287000FEF780FE256270BD00E0044000E40440E5
:1028800000E804402E2E5C2E2E5C2E2E5C2E2E5C3C
:10289000647269766572735C686333325F6C6C5F17
:1028A0006472697665725C7372635C686333325F0D
:1028B0006C6C5F6932632E6300000000A0AD0FFFF7
:1028C00070B504460D480D4684420AD00C48844237
:1028D00007D00C48844204D04FF4EF710AA0FEF7F1
:1028E00049FE35B1012D04D040F2DF1106A0FEF7FC
:1028F00041FE206865F30000206070BD00E00440E8
:1029000000E4044000E804402E2E5C2E2E5C2E2EA7
:102910005C2E2E5C647269766572735C6863333218
:102920005F6C6C5F6472697665725C7372635C681D
:102930006333325F6C6C5F6932632E6300000000AA
:1029400010B504460B4884420AD00B48844207D095
:102950000A48844204D04FF4AE7109A0FEF70AFE83
:10296000206820F001002060206840F400402060D2
:10297000002010BD00E0044000E4044000E80440F2
:102980002E2E5C2E2E5C2E2E5C2E2E5C64726976B2
:102990006572735C686333325F6C6C5F6472697616
:1029A00065725C7372635C686333325F6C6C5F6921
:1029B00032632E630000000010B5044608488442CC
:1029C00009D00848844206D00748844203D0D42165
:1029D00006A0FEF7CFFD206840F08000206010BD0B
:1029E00000E0044000E4044000E804402E2E5C2E89
:1029F0002E5C2E2E5C2E2E5C647269766572735C82
:102A0000686333325F6C6C5F6472697665725C73A5
:102A100072635C686333325F6C6C5F6932632E6330
:102A20000000000010B504460848844209D0084858
:102A3000844206D00748844203D0C72106A0FEF78F
:102A400099FD206840F48070206010BD00E00440D3
:102A500000E4044000E804402E2E5C2E2E5C2E2E56
:102A60005C2E2E5C647269766572735C68633332C7
:102A70005F6C6C5F6472697665725C7372635C68CC
:102A80006333325F6C6C5F6932632E630000000059
:102A900010B504460848844209D00848844206D04C
:102AA0000748844203D0E12106A0FEF763FD2068B9
:102AB00040F40070206010BD00E0044000E40440D9
:102AC00000E804402E2E5C2E2E5C2E2E5C2E2E5CFA
:102AD000647269766572735C686333325F6C6C5FD5
:102AE0006472697665725C7372635C686333325FCB
:102AF0006C6C5F6932632E630000000070B50446A1
:102B00000E480D4684420AD00D48844207D00D4835
:102B1000844204D04FF41F710BA0FEF72BFD15B1BA
:102B20001748054204D040F27D2107A0FEF722FDA0
:102B3000E069284000D0012070BD000000E00440A2
:102B400000E4044000E804402E2E5C2E2E5C2E2E65
:102B50005C2E2E5C647269766572735C68633332D6
:102B60005F6C6C5F6472697665725C7372635C68DB
:102B70006333325F6C6C5F6932632E630000000068
:102B800020A908FF10B58AB001211020FFF744F9F1
:102B90006846FFF7BDFC2020ADF806000220ADF826
:102BA00002004020ADF80A000420ADF80400012125
:102BB0006A460846FFF73CFA6A4680210020FFF784
:102BC00037FA012131220846FFF7C2FB302280216B
:102BD0000020FFF7BDFB0D4C2046FFF7B1FE05A816
:102BE00000F020FA0A480021CDE90510079108AA53
:102BF00005A9204600F00EF801212046FFF7DCFD74
:102C000001212046FFF75CFE0AB010BD00E0044041
:102C1000A086010070B516460D00044641D022483A
:102C200084420AD02148844207D02148844204D0FB
:102C30004FF4C4711FA0FEF79DFC686810B12B49CA
:102C4000884204D940F289111AA0FEF793FC286843
:102C5000072804D94FF4C57116A0FEF78BFC206835
:102C600020F001002060206840F4004020602068CF
:102C700040F001002060324629462046FFF7AAFCBA
:102C8000216821F040012160216821F40041216088
:102C9000216821F001012160216921F48051216125
:102CA00070BD6FF0020070BD00E0044000E404401D
:102CB00000E804402E2E5C2E2E5C2E2E5C2E2E5C08
:102CC000647269766572735C686333325F6C6C5FE3
:102CD0006472697665725C7372635C686333325FD9
:102CE0006C6C5F6932632E6300000000801A06007E
:102CF0002DE9FF5F07462D48002615468A46874284
:102D00000AD02B48874207D02A48874204D04FF484
:102D10008C6129A0FEF72EFCBAF1000F40D0B868F4
:102D2000002400F080094FF4806BA5F1010830E029
:102D3000012240213846039B00F050FA0646B9F1C3
:102D4000000F02D0444507D104E0022D08D3A81E8D
:102D5000844205D1594600E000213846FFF7F6FBD2
:102D6000CEB9444506D110213846FFF769FD3846F3
:102D7000FFF78EFE384600F03BF80AF804004445A1
:102D800006D1012210213846039B00F027FA06469F
:102D9000641CAC42CCD300213846FFF7D7FB01E0DE
:102DA0006FF0020604B03046BDE8F09F00E004403A
:102DB00000E4044000E804402E2E5C2E2E5C2E2EF3
:102DC0005C2E2E5C647269766572735C6863333264
:102DD0005F6C6C5F6472697665725C7372635C6869
:102DE0006333325F6C6C5F6932632E6300000000F6
:102DF00010B50446084884420AD00848844207D0E7
:102E00000748844204D040F2D12106A0FEF7B2FB6D
:102E100094F8280010BD000000E0044000E40440E5
:102E200000E804402E2E5C2E2E5C2E2E5C2E2E5C96
:102E3000647269766572735C686333325F6C6C5F71
:102E40006472697665725C7372635C686333325F67
:102E50006C6C5F6932632E630000000070B504463D
:102E600013480D4684420AD01248844207D01248C3
:102E7000844204D040F2693110A0FEF77BFB0122AE
:102E80002B465104204600F0A9F900280ED101215B
:102E90002046FFF7D5FC2046FFF78EFD2B46204647
:102EA000BDE870400122134900F098B970BD0000E0
:102EB00000E0044000E4044000E804402E2E5C2EB4
:102EC0002E5C2E2E5C2E2E5C647269766572735CAD
:102ED000686333325F6C6C5F6472697665725C73D1
:102EE00072635C686333325F6C6C5F6932632E635C
:102EF000000000000100020070B5044611480D46B4
:102F000084420AD01048844207D01048844204D03A
:102F100040F24D310EA0FEF72DFB2B4600224FF460
:102F20000031204600F05AF900280AD12046FFF768
:102F300079FD2B462046BDE870400122124900F081
:102F40004DB970BD00E0044000E4044000E80440D6
:102F50002E2E5C2E2E5C2E2E5C2E2E5C64726976DC
:102F60006572735C686333325F6C6C5F6472697640
:102F700065725C7372635C686333325F6C6C5F694B
:102F800032632E63000000000100020070B50546A8
:102F900013480C46854210D0124885420DD0124885
:102FA00085420AD040F29B4110A0FEF7E3FA04E00C
:102FB00010212846FFF744FC641E10212846FFF725
:102FC0009DFD012801D1002CF2D12846FFF760FDBC
:102FD00023462846BDE870400122102100F0FEB8CB
:102FE00000E0044000E4044000E804402E2E5C2E83
:102FF0002E5C2E2E5C2E2E5C647269766572735C7C
:10300000686333325F6C6C5F6472697665725C739F
:1030100072635C686333325F6C6C5F6932632E632A
:1030200000000000002138B14CF250324260002212
:1030300082600260084670476FF00201FAE7000004
:103040002DE9F04106462348984615460F4686422C
:103050000AD02148864207D02048864204D040F258
:103060008A311FA0FEF786FA35B1012D04D040F257
:103070008B311BA0FEF77EFA7F2F04D94FF46371CA
:1030800017A0FEF777FA434601228021304600F070
:10309000A5F804001BD1780645EA1061304600F01F
:1030A000F9F8434645B100224FF48021304600F044
:1030B00095F8040003D00AE001220821F6E74FF456
:1030C00080513046FFF71AFD012800D1841E2046AA
:1030D000BDE8F08100E0044000E4044000E8044062
:1030E0002E2E5C2E2E5C2E2E5C2E2E5C647269764B
:1030F0006572735C686333325F6C6C5F64726976AF
:1031000065725C7372635C686333325F6C6C5F69B9
:1031100032632E63000000002DE9F84305460024C9
:103120001D48994617460E46009485420AD01B4812
:10313000854207D01A48854204D040F2FE3119A0DA
:10314000FEF718FA1EB34FF480580098B84220D00A
:10315000FCB94B4601228021284600F03FF80400CC
:10316000F3D10098315C284600F094F84B460122D8
:103170000821284600F032F8044641462846FFF769
:10318000BDFC012805D00098401C0090DDE76FF0E1
:1031900002042046BDE8F88300E0044000E4044057
:1031A00000E804402E2E5C2E2E5C2E2E5C2E2E5C13
:1031B000647269766572735C686333325F6C6C5FEE
:1031C0006472697665725C7372635C686333325FE4
:1031D0006C6C5F6932632E63000000002DE9F041E2
:1031E00006461A48984614460D466FF00707864271
:1031F00009D01748864206D01648864203D0AB2134
:1032000015A0FEF7B7F915B12148054203D0AC214E
:1032100011A0FEF7AFF92CB1012C03D0AD210EA007
:10322000FEF7A8F9F0692840012C01D1854208D0A9
:10323000204306D037B1B8F1000F03D0A8F1010840
:10324000F0E700273846BDE8F081000000E00440C8
:1032500000E4044000E804402E2E5C2E2E5C2E2E4E
:103260005C2E2E5C647269766572735C68633332BF
:103270005F6C6C5F6472697665725C7372635C68C4
:103280006333325F6C6C5F6932632E630000000051
:1032900020A908FF70B5044608480D4684420AD0AC
:1032A0000748844207D00748844204D040F2C32133
:1032B00005A0FEF75FF984F8245070BD00E00440DB
:1032C00000E4044000E804402E2E5C2E2E5C2E2EDE
:1032D0005C2E2E5C647269766572735C686333324F
:1032E0005F6C6C5F6472697665725C7372635C6854
:1032F0006333325F6C6C5F6932632E6300000000E1
:103300007047704770477047704770477047704705
:1033100070477047704770472DE9F04104004FF047
:1033200000056FF0020619D02088B0F5007F03D3A6
:10333000CD211AA0FEF71EF92288500900EB4001AA
:10334000202000EB4103B4F90200834204D8252376
:1033500003EB4101814203D2202801D335461AE014
:103360001D4901EB80010E681C4F1D4BB7EBC65F7A
:1033700006D10A60B4F90210606843F821000AE03F
:103380000968C1F308018A4203D1616843F820103B
:1033900001E06FF001052846BDE8F0812E2E5C2E7D
:1033A0002E5C2E2E5C2E2E5C647269766572735CC8
:1033B000686333325F6C6C5F6472697665725C73EC
:1033C00072635C686333325F6C6C5F696E746572E4
:1033D00072757074732E63005C100540000080FFEE
:1033E000F881FF1F034810B500688047BFF34F8F77
:1033F00010BD0000F881FF1F034810B540688047EA
:10340000BFF34F8F10BD0000F881FF1F034810B5B8
:1034100080688047BFF34F8F10BD0000F881FF1F09
:10342000034810B5C0688047BFF34F8F10BD000040
:10343000F881FF1F034810B500698047BFF34F8F25
:1034400010BD0000F881FF1F034810B54069804798
:10345000BFF34F8F10BD0000F881FF1F034810B568
:1034600080698047BFF34F8F10BD0000F881FF1FB8
:10347000034810B5C0698047BFF34F8F10BD0000EF
:10348000F881FF1F034810B5006A8047BFF34F8FD4
:1034900010BD0000F881FF1F034810B5406A804747
:1034A000BFF34F8F10BD0000F881FF1F034810B518
:1034B000806A8047BFF34F8F10BD0000F881FF1F67
:1034C000034810B5C06A8047BFF34F8F10BD00009E
:1034D000F881FF1F034810B5006B8047BFF34F8F83
:1034E00010BD0000F881FF1F034810B5406B8047F6
:1034F000BFF34F8F10BD0000F881FF1F034810B5C8
:10350000806B8047BFF34F8F10BD0000F881FF1F15
:10351000034810B5C06B8047BFF34F8F10BD00004C
:10352000F881FF1F034810B5006C8047BFF34F8F31
:1035300010BD0000F881FF1F034810B5406C8047A4
:10354000BFF34F8F10BD0000F881FF1F034810B577
:10355000806C8047BFF34F8F10BD0000F881FF1FC4
:10356000034810B5C06C8047BFF34F8F10BD0000FB
:10357000F881FF1F034810B5006D8047BFF34F8FE0
:1035800010BD0000F881FF1F034810B5406D804753
:10359000BFF34F8F10BD0000F881FF1F034810B527
:1035A000806D8047BFF34F8F10BD0000F881FF1F73
:1035B000034810B5C06D8047BFF34F8F10BD0000AA
:1035C000F881FF1F034810B5006E8047BFF34F8F8F
:1035D00010BD0000F881FF1F034810B5406E804702
:1035E000BFF34F8F10BD0000F881FF1F034810B5D7
:1035F000806E8047BFF34F8F10BD0000F881FF1F22
:10360000034810B5C06E8047BFF34F8F10BD000058
:10361000F881FF1F034810B5006F8047BFF34F8F3D
:1036200010BD0000F881FF1F034810B5406F8047B0
:10363000BFF34F8F10BD0000F881FF1F034810B586
:10364000806F8047BFF34F8F10BD0000F881FF1FD0
:10365000034810B5C06F8047BFF34F8F10BD000007
:10366000F881FF1F034810B5D0F880008047BFF3F2
:103670004F8F10BDF881FF1F034810B5D0F88400AC
:103680008047BFF34F8F10BDF881FF1F034810B56F
:10369000D0F888008047BFF34F8F10BDF881FF1F1F
:1036A000034810B5D0F88C008047BFF34F8F10BD92
:1036B000F881FF1F034810B5D0F890008047BFF392
:1036C0004F8F10BDF881FF1F034810B5D0F894004C
:1036D0008047BFF34F8F10BDF881FF1F034810B51F
:1036E000D0F898008047BFF34F8F10BDF881FF1FBF
:1036F000034810B5D0F89C008047BFF34F8F10BD32
:10370000F881FF1F034810B5D0F8A0008047BFF331
:103710004F8F10BDF881FF1F034810B5D0F8A400EB
:103720008047BFF34F8F10BDF881FF1F034810B5CE
:10373000D0F8A8008047BFF34F8F10BDF881FF1F5E
:10374000034810B5D0F8AC008047BFF34F8F10BDD1
:10375000F881FF1F034810B5D0F8B0008047BFF3D1
:103760004F8F10BDF881FF1F034810B5D0F8B4008B
:103770008047BFF34F8F10BDF881FF1F034810B57E
:10378000D0F8B8008047BFF34F8F10BDF881FF1FFE
:10379000034810B5D0F8BC008047BFF34F8F10BD71
:1037A000F881FF1F034810B5D0F8C0008047BFF371
:1037B0004F8F10BDF881FF1F034810B5D0F8C4002B
:1037C0008047BFF34F8F10BDF881FF1F034810B52E
:1037D000D0F8C8008047BFF34F8F10BDF881FF1F9E
:1037E000034810B5D0F8CC008047BFF34F8F10BD11
:1037F000F881FF1F034810B5D0F8D0008047BFF311
:103800004F8F10BDF881FF1F034810B5D0F8D400CA
:103810008047BFF34F8F10BDF881FF1F034810B5DD
:10382000D0F8D8008047BFF34F8F10BDF881FF1F3D
:10383000034810B5D0F8DC008047BFF34F8F10BDB0
:10384000F881FF1F034810B5D0F8E0008047BFF3B0
:103850004F8F10BDF881FF1F034810B5D0F8E4006A
:103860008047BFF34F8F10BDF881FF1F034810B58D
:10387000D0F8E8008047BFF34F8F10BDF881FF1FDD
:10388000034810B5D0F8EC008047BFF34F8F10BD50
:10389000F881FF1F034810B5D0F8F0008047BFF350
:1038A0004F8F10BDF881FF1F034810B5D0F8F4000A
:1038B0008047BFF34F8F10BDF881FF1F034810B53D
:1038C000D0F8F8008047BFF34F8F10BDF881FF1F7D
:1038D000034810B5D0F8FC008047BFF34F8F10BDF0
:1038E000F881FF1F034810B5D0F800018047BFF3EF
:1038F0004F8F10BDF881FF1F034810B5D0F80401A9
:103900008047BFF34F8F10BDF881FF1F034810B5EC
:10391000D0F808018047BFF34F8F10BDF881FF1F1B
:10392000034810B5D0F80C018047BFF34F8F10BD8E
:10393000F881FF1F034810B5D0F810018047BFF38E
:103940004F8F10BDF881FF1F034810B5D0F8140148
:103950008047BFF34F8F10BDF881FF1F034810B59C
:10396000D0F818018047BFF34F8F10BDF881FF1FBB
:10397000034810B5D0F81C018047BFF34F8F10BD2E
:10398000F881FF1F034810B5D0F820018047BFF32E
:103990004F8F10BDF881FF1F034810B5D0F82401E8
:1039A0008047BFF34F8F10BDF881FF1F034810B54C
:1039B000D0F828018047BFF34F8F10BDF881FF1F5B
:1039C000034810B5D0F82C018047BFF34F8F10BDCE
:1039D000F881FF1F034810B5D0F830018047BFF3CE
:1039E0004F8F10BDF881FF1F034810B5D0F8340188
:1039F0008047BFF34F8F10BDF881FF1F034810B5FC
:103A0000D0F838018047BFF34F8F10BDF881FF1FFA
:103A1000034810B5D0F83C018047BFF34F8F10BD6D
:103A2000F881FF1F034810B5D0F840018047BFF36D
:103A30004F8F10BDF881FF1F034810B5D0F8440127
:103A40008047BFF34F8F10BDF881FF1F034810B5AB
:103A5000D0F848018047BFF34F8F10BDF881FF1F9A
:103A6000034810B5D0F84C018047BFF34F8F10BD0D
:103A7000F881FF1F034810B5D0F850018047BFF30D
:103A80004F8F10BDF881FF1F034810B5D0F85401C7
:103A90008047BFF34F8F10BDF881FF1F034810B55B
:103AA000D0F858018047BFF34F8F10BDF881FF1F3A
:103AB000034810B5D0F85C018047BFF34F8F10BDAD
:103AC000F881FF1F034810B5D0F860018047BFF3AD
:103AD0004F8F10BDF881FF1F034810B5D0F8640167
:103AE0008047BFF34F8F10BDF881FF1F034810B50B
:103AF000D0F868018047BFF34F8F10BDF881FF1FDA
:103B0000034810B5D0F86C018047BFF34F8F10BD4C
:103B1000F881FF1F034810B5D0F870018047BFF34C
:103B20004F8F10BDF881FF1F034810B5D0F8740106
:103B30008047BFF34F8F10BDF881FF1F034810B5BA
:103B4000D0F878018047BFF34F8F10BDF881FF1F79
:103B5000034810B5D0F87C018047BFF34F8F10BDEC
:103B6000F881FF1F034810B5D0F880018047BFF3EC
:103B70004F8F10BDF881FF1F034810B5D0F88401A6
:103B80008047BFF34F8F10BDF881FF1F034810B56A
:103B9000D0F888018047BFF34F8F10BDF881FF1F19
:103BA000034810B5D0F88C018047BFF34F8F10BD8C
:103BB000F881FF1F034810B5D0F890018047BFF38C
:103BC0004F8F10BDF881FF1F034810B5D0F8940146
:103BD0008047BFF34F8F10BDF881FF1F034810B51A
:103BE000D0F898018047BFF34F8F10BDF881FF1FB9
:103BF000034810B5D0F89C018047BFF34F8F10BD2C
:103C0000F881FF1F034810B5D0F8A0018047BFF32B
:103C10004F8F10BDF881FF1F034810B5D0F8A401E5
:103C20008047BFF34F8F10BDF881FF1F034810B5C9
:103C3000D0F8A8018047BFF34F8F10BDF881FF1F58
:103C4000034810B5D0F8AC018047BFF34F8F10BDCB
:103C5000F881FF1F034810B5D0F8B0018047BFF3CB
:103C60004F8F10BDF881FF1F034810B5D0F8B40185
:103C70008047BFF34F8F10BDF881FF1F034810B579
:103C8000D0F8B8018047BFF34F8F10BDF881FF1FF8
:103C9000034810B5D0F8BC018047BFF34F8F10BD6B
:103CA000F881FF1F034810B5D0F8C0018047BFF36B
:103CB0004F8F10BDF881FF1F034810B5D0F8C40125
:103CC0008047BFF34F8F10BDF881FF1F034810B529
:103CD000D0F8C8018047BFF34F8F10BDF881FF1F98
:103CE000034810B5D0F8CC018047BFF34F8F10BD0B
:103CF000F881FF1F034810B5D0F8D0018047BFF30B
:103D00004F8F10BDF881FF1F034810B5D0F8D401C4
:103D10008047BFF34F8F10BDF881FF1F034810B5D8
:103D2000D0F8D8018047BFF34F8F10BDF881FF1F37
:103D3000034810B5D0F8DC018047BFF34F8F10BDAA
:103D4000F881FF1F034810B5D0F8E0018047BFF3AA
:103D50004F8F10BDF881FF1F034810B5D0F8E40164
:103D60008047BFF34F8F10BDF881FF1F034810B588
:103D7000D0F8E8018047BFF34F8F10BDF881FF1FD7
:103D8000034810B5D0F8EC018047BFF34F8F10BD4A
:103D9000F881FF1F034810B5D0F8F0018047BFF34A
:103DA0004F8F10BDF881FF1F034810B5D0F8F40104
:103DB0008047BFF34F8F10BDF881FF1F034810B538
:103DC000D0F8F8018047BFF34F8F10BDF881FF1F77
:103DD000034810B5D0F8FC018047BFF34F8F10BDEA
:103DE000F881FF1F4A4810B5D0F85C424948006886
:103DF000012803D1E00701D0FDF7BCFF4548001DB5
:103E00000068012803D1A00701D5FDF7B4FF4148A0
:103E100008300068012803D1600701D5FDF7ACFF29
:103E20003C480C300068012803D1200701D5FDF77C
:103E3000A4FF384810300068012803D1E00601D5FE
:103E4000FDF79CFF334814300068012803D1A00619
:103E500001D5FDF794FF2F4818300068012803D1E1
:103E6000600601D5FDF78CFF2A481C300068012848
:103E700003D1200601D5FDF784FF264820300068D5
:103E8000012803D1E00501D5FDF77CFF214824304E
:103E90000068012803D1A00501D5FDF774FF1D4876
:103EA00028300068012803D1600501D5FDF76CFFBB
:103EB00018482C300068012803D1200501D5FDF7F2
:103EC00064FF144830300068012803D1E00401D5B4
:103ED000FDF75CFF0F4834300068012803D1A004CF
:103EE00001D5FDF754FF0B4838300068012803D195
:103EF000600401D5FDF74CFF06483C3000680128FE
:103F000003D1200401D5FDF744FFBFF34F8F10BD4F
:103F100000100540800AA2422DE9F05FDD48D0F88C
:103F20006042DD480068DD4EDD4D012822D1D5F824
:103F3000000238B9D5F80001012803D1E00701D00B
:103F4000FDF762FBD5F8400238B9D5F840010128E9
:103F500003D1E00501D5FDF74FFB7068F26800F072
:103F600001114FF001109043014203D0E00301D54D
:103F7000FDF746FBCB48D0F8B0034FF0021A0128FA
:103F800021D1D5F8040238B9D5F80401012803D1AC
:103F9000A00701D5FDF739FBD5F8440238B9D5F8AB
:103FA0004401012803D1A00501D5FDF726FB706867
:103FB000F26800F002112AEA0200014203D0E00395
:103FC00001D5FDF71EFBB84800684FF0041B01281F
:103FD00021D1D5F8080238B9D5F80801012803D154
:103FE000600701D5FDF712FBD5F8480238B9D5F8BE
:103FF0004801012803D1600501D5FDF7FFFA70687B
:10400000F26800F004112BEA0200014203D0E00341
:1040100001D5FDF7F7FAA548D0F8B0034FF008191D
:10402000012821D1D5F80C0238B9D5F80C010128A6
:1040300003D1200701D5FDF7EAFAD5F84C0238B9CB
:10404000D5F84C01012803D1200501D5FDF7D7FA99
:104050007068F26800F0081129EA0200014203D0FA
:10406000E00301D5FDF7CFFA91480068DFF84482FC
:10407000904F914E08F10808012823D1D6F800028C
:1040800038B9D6F80001012803D1E00601D5FDF7C3
:10409000C7FAD6F8400238B9D6F84001012803D152
:1040A000E00401D5FDF7B4FA3868D8F8002000F034
:1040B00001114FF001109043014203D0A00301D53C
:1040C000FDF7AAFA7D48D0F8B003012822D1D6F82E
:1040D000040238B9D6F80401012803D1A00601D59D
:1040E000FDF79FFAD6F8440238B9D5F84401012803
:1040F00003D1A00401D5FDF78CFA3868D8F8002068
:1041000000F002112AEA0200014203D0A00301D507
:10411000FDF783FA6A480068012822D1D6F8080220
:1041200038B9D6F80801012803D1600601D5FDF79A
:1041300079FAD6F8480238B9D5F84801012803D1F0
:10414000600401D5FDF766FA3868D8F8002000F061
:1041500004112BEA0200014203D0A00301D5FDF7B0
:104160005DFA5848D0F8B003012822D1D6F80C02E5
:1041700038B9D6F80C01012803D1200601D5FDF786
:1041800052FAD6F84C0238B9D5F84C01012803D1BF
:10419000200401D5FDF73FFA3868D8F8002000F078
:1041A000081129EA0200014203D0A00301D5FDF75E
:1041B00036FA454DD5F80003012807D14348006879
:1041C000000703D0600301D5FDF776FDD5F808039D
:1041D000012807D1D5F81402012803D1200301D505
:1041E000FDF768FDD5F80403012807D1D5F81002C2
:1041F000012803D1E00201D5FDF75DFD4FF01C4021
:10420000C068000603D5600201D501F0F4FC304817
:10421000C06F012809D12F498869496808404006C4
:1042200003D0200201D5FDF7A1F92B48C06F01286A
:104230000BD12A480068294914390968084040060A
:1042400003D0E00101D5FDF792F92548C06F0128A0
:104250000BD12448006823491439096808404006F6
:1042600003D0A00101D5FDF783F91F48C06F0128D5
:104270000BD11E4800681D491439096808404006E2
:1042800003D0600101D5FDF774F9BFF34F8FBDE88E
:10429000F09F000000100540B00BA6420030054022
:1042A0000000A6420010A642B01BA6420020A64273
:1042B000B08BA642043405400080A6420090A6427E
:1042C000B09BA64200A0A6420080204210040140FC
:1042D0000000A442002005400080A44218240540AC
:1042E0000000A542182805400080A542182C054072
:1042F00070B52B48D0F864422A4DD5F80802012841
:1043000007D1D5F88002012803D1E00701D002F0DF
:10431000BBFAD5F84802012807D1D5F8C002012818
:1043200003D1A00701D502F0B0FA1F4DD5F808025D
:10433000012807D1D5F88002012803D1600701D5F3
:1043400002F0A4FAD5F84802012807D1D5F8C00236
:10435000012803D1200701D502F099FA134890F8FB
:104360004010C90707D090F84100C00703D0A00251
:1043700001D5FDF74DF80E480088C00403D5600252
:1043800001D501F037FC0B48006810F4403F03D022
:10439000200201D502F006F8BFF34F8F70BD000078
:1043A000001005400000484200804842004005409F
:1043B00000C40440049404402DE9F0419B48D0F827
:1043C00068429B480068012807D19A480068012884
:1043D00003D1E00701D002F07CFA9548001D006887
:1043E000012808D19348001D0068012803D1A007C7
:1043F00001D502F06FFA8E4808300068012808D114
:104400008C4808300068012803D1600701D502F00C
:1044100062FA87480C300068012808D185480C30C2
:104420000068012803D1200701D502F055FA804821
:1044300010300068012808D17E481030006801283B
:1044400003D1E00601D502F048FA7948143000683B
:10445000012808D1774814300068012803D1A0064C
:1044600001D502F03BFA724818300068012808D1E3
:10447000704818300068012803D1600601D502F0A9
:104480002FFA6B481C300068012808D169481C309D
:104490000068012803D1200601D502F022FA644801
:1044A00020300068012808D16248203000680128C7
:1044B00003D1E00501D502F012FA5F4D686D4FF4AB
:1044C000C066296F06EAD01001F4C061084203D02B
:1044D000200501D502F006FA686D4FF4C057296F28
:1044E00007EAD01001F4C051084203D0E00401D51E
:1044F00002F0F9F951480068012807D150480068D6
:10450000012803D1E00301D502F0EEF94B48001D6C
:104510000068012808D14A48001D0068012803D11D
:10452000A00301D502F0E1F94448083000680128F1
:1045300008D1434808300068012803D1600301D541
:1045400002F0D4F93D480C300068012808D13C48FD
:104550000C300068012803D1200301D502F0C7F90F
:10456000364810300068012808D1354810300068FE
:10457000012803D1E00201D502F0BAF92F48143026
:104580000068012808D12E4814300068012803D1A2
:10459000A00201D502F0ADF92848183000680128C2
:1045A00008D1274818300068012803D1600201D5DE
:1045B00002F0A1F921481C300068012808D12048E8
:1045C0001C300068012803D1200201D502F094F9C3
:1045D0001A4820300068012808D1194820300068A6
:1045E000012803D1E00101D502F084F9154D2868B6
:1045F00006EAD010134E1C36316801F4C06108423F
:1046000003D0200101D502F078F92868316807EA63
:10461000D01001F4C051084203D0E00001D502F0EF
:104620006DF9BFF34F8FBDE8F08100000010054029
:10463000800A3042000E304200800140808A3042C1
:10464000008E30425484014070B55048D0F86C421E
:104650004F480068012807D14E480068012803D15F
:10466000E00701D002F04BF94948001D006801281D
:1046700008D14848001D0068012803D1A00701D5D2
:1046800002F03EF9424808300068012808D141484C
:1046900008300068012803D1600701D502F031F924
:1046A0003B480C300068012808D13A480C300068BB
:1046B000012803D1200701D502F024F93448103035
:1046C0000068012808D1334810300068012803D160
:1046D000E00601D502F017F92D48143000680128D2
:1046E00008D12C4814300068012803D1A00601D558
:1046F00002F00AF9264818300068012808D1254838
:1047000018300068012803D1600601D502F0FEF8D8
:104710001F481C300068012808D11E481C30006862
:10472000012803D1200601D502F0F1F81848203005
:104730000068012808D1174820300068012803D1FB
:10474000E00501D502F0E1F8134E3068124D4FF448
:10475000C0611C3501EAD010296801F4C06108422B
:1047600003D0200501D502F0D3F830684FF4C051D2
:1047700001EAD010296801F4C051084203D0E004D6
:1047800001D502F0C6F8BFF34F8F70BD0010054091
:10479000800A3142000E3142548801402DE9F04137
:1047A0009A48D0F87C429A4D286B012806D1A86B14
:1047B000012803D1E00701D002F0E9FB686B012872
:1047C00006D1E86B012803D1A00701D502F0E0FB78
:1047D000904931F8900F8989084010F0FF0F03D0FD
:1047E000600701D502F0D2FB8B4D286B012806D162
:1047F000A86B012803D1200701D502F0CBFB686B21
:10480000012806D1E86B012803D1E00601D502F0AA
:10481000C2FB8248008881490C310988084010F0A9
:10482000FF0F03D0A00601D502F0B3FB7C4D286B2F
:10483000012806D1A86B012803D1600601D502F03A
:10484000ACFB686B012806D1E86B012803D1200678
:1048500001D502F0A3FB7348008872490C31098826
:10486000084010F0FF0F03D0E00501D502F094FBE3
:104870006D4D286B012806D1A86B012803D1A00536
:1048800001D502F08DFB686B012806D1E86B012889
:1048900003D1600501D502F084FB644800886349B8
:1048A0000C310988084010F0FF0F03D0200501D516
:1048B00002F075FB5E4D286B012806D1A86B01281C
:1048C00003D1E00401D502F06EFB686B012806D12C
:1048D000E86B012803D1A00401D502F065FB55491E
:1048E00031F8900F8989084010F0FF0F03D0600461
:1048F00001D502F057FB504D286B012806D1A86B5B
:10490000012803D1E00301D502F050FB686B0128B8
:1049100006D1E86B012803D1A00301D502F047FBC3
:104920004648008845490C310988084010F0FF0FBF
:1049300003D0600301D502F038FB4FF08740D0F878
:10494000000101280BD13E4881693E4A406911406F
:104950001040014203D0200301D502F012FE3A4874
:104960000768C568A80606D517F00B0F03D06002CC
:1049700001D502F0F2FD05EA0706B00603D52002D4
:1049800001D502F0EBFD300603D5E00101D502F0C0
:10499000E8FD700603D5A00101D502F0E1FDA807EE
:1049A00005D5F80503D5600101D502F0D8FD2748EB
:1049B000076826480C300568A80606D517F00B0FC7
:1049C00003D0200101D502F0CDFD05EA0706B006AF
:1049D00003D5E00001D502F0C6FD300603D5A000E6
:1049E00001D502F0C3FD700603D5600001D502F0C9
:1049F000BCFDA80705D5F80503D5002C01DA02F0A7
:104A0000B3FDBFF34F8FBDE8F081000000100540FB
:104A100000102A420050014000902A429054014068
:104A200000102B429058014000902B42905C0140B6
:104A300000102C420060014000902C429064014024
:104A400000000C40FBFC7CF700D0014000D401408A
:104A50002DE9F0417648D0F8804276480668C5686E
:104A6000A80606D516F00B0F03D0E00701D002F020
:104A70007EFD05EA0607B80603D5A00701D502F0BA
:104A800077FD380603D5600701D502F074FD78067E
:104A900003D5200701D502F06DFDA80705D5F00567
:104AA00003D5E00601D502F064FD6348076862485B
:104AB0000C300568A80606D517F00B0F03D0A0062A
:104AC00001D502F059FD05EA0706B00603D56006D8
:104AD00001D502F052FD300603D5200601D502F0C3
:104AE0004FFD700603D5E00501D502F048FDA8078B
:104AF00005D5F80503D5A00501D502F03FFD4F48C7
:104B000045684669680505D5300603D5200501D5F9
:104B100001F076F8A80505D5B00603D5E00401D567
:104B200001F06FF8280505D5B00703D4A00401D51E
:104B300001F065F8E80506D516F01D0F03D06004F6
:104B400001D501F05BF83E4805683D481030066825
:104B5000680505D5300603D5E00301D501F054F80A
:104B6000A80505D5B00603D5A00301D501F04DF881
:104B7000280505D5B00703D4600301D501F043F83B
:104B8000E80506D516F01D0F03D0200301D501F06E
:104B900039F82C4845684669680505D5300603D5BF
:104BA000A00201D501F034F8A80505D5B00603D55B
:104BB000600201D501F02DF8280505D5B00703D412
:104BC000200201D501F023F8E80506D516F01D0FE7
:104BD00003D0E00101D501F019F81B4805681A4817
:104BE00010300668680505D5300603D5600101D58B
:104BF00001F012F8A80505D5B00603D5200101D5AE
:104C000001F00BF8280505D5B00703D4E00001D565
:104C100001F001F8E80506D516F01D0F03D0A0003D
:104C200001D500F0F7FFBFF34F8FBDE8F081000022
:104C300000100540001002400014024000C0014076
:104C400004C40140000002400404024070B56648FC
:104C5000D0F88442654D2E8BE00705D0F00603D5D1
:104C6000700601D501F014FEA00705D5B00603D5E6
:104C7000300601D501F00DFEAE8B600705D5F006BC
:104C800003D5700601D501F005FE200705D5B00655
:104C900003D5300601D501F0FEFD2E8CE00605D5CA
:104CA000F00603D5700601D501F0F6FDA00605D586
:104CB000B00603D5300601D501F0EFFDB5F8486028
:104CC000600605D5F00503D5B00501D501F0E6FD78
:104CD000200605D5B00403D5700401D501F0DFFD31
:104CE000B5F8A450E00505D5E80703D1E80601D5DD
:104CF00001F0D6FDA00505D5A80703D4E80501D528
:104D000001F0CFFD600505D5680703D4E80401D59F
:104D100001F0C8FD36480588E00305D5E80603D54F
:104D2000680601D501F0B4FDA00305D5A80603D59A
:104D3000280601D501F0ADFD2D48001D0588600352
:104D400005D5E80603D5680601D501F0AEFD2003C0
:104D500005D5A80603D5280601D501F0A7FD2448EE
:104D600008300588E00205D5E80603D5680601D5B8
:104D700001F09DFDA00205D5A80603D5280601D5A2
:104D800001F096FD1A4830300588600205D5E80527
:104D900003D5A80501D501F08CFD200205D5A80496
:104DA00003D5680401D501F085FD11488C300588D4
:104DB000E00105D5E80703D1E80601D501F07BFD48
:104DC000A00105D5A80703D4E80501D501F074FDBD
:104DD000600105D5680703D4E80401D501F06DFD35
:104DE000BFF34F8F70BD0000001005400070014000
:104DF0001848024070B53648D0F8884235480588D2
:104E0000E00705D0E80603D5680601D501F056FD98
:104E1000A00705D5A80603D5280601D501F04FFD4A
:104E20002C48001D0588600705D5E80603D56806EF
:104E300001D501F045FD200705D5A80603D52806B4
:104E400001D501F03EFD234808300588E00605D570
:104E5000E80603D5680601D501F034FDA00605D5A6
:104E6000A80603D5280601D501F02DFD19483030DC
:104E70000588600605D5E80503D5A80501D501F02C
:104E800023FD200605D5A80403D5680401D501F04B
:104E90001CFD10488C300588E00505D5E80703D1D6
:104EA000E80601D501F0FCFCA00505D5A80703D450
:104EB000E80501D501F00BFD600505D5680703D4B1
:104EC000E80401D501F004FDBFF34F8F70BD000071
:104ED00000100540184C024070B56648D0F88C426E
:104EE00065480068644900F00F000831096801F066
:104EF0000F01084203D0600601D5FCF737FF5E487A
:104F0000203000685C4900F00F002831096801F08A
:104F10000F01084203D0200601D5FCF728FF5648B0
:104F200040300068544900F00F004831096801F032
:104F30000F01084203D0E00501D5FCF719FF4E48E8
:104F4000603000684C4900F00F006831096801F0DA
:104F50000F01084203D0A00501D5FCF70AFF474D19
:104F60006868012807D1D5F88000012803D1E00343
:104F700001D5FEF7C7F9E868012807D1D5F8840004
:104F8000012803D1A00301D5FEF7BBF92869012848
:104F900007D13B488068800703D0600301D5FEF746
:104FA000AFF9384D6868012807D1D5F8800001288D
:104FB00003D1200301D5FEF7A8F9E868012807D13D
:104FC000D5F88400012803D1E00201D5FEF79CF951
:104FD0002869012807D12C480068800703D0A00267
:104FE00001D5FEF790F9294D6868012807D1D5F859
:104FF0008000012803D1600201D5FEF789F9E86835
:10500000012807D1D5F88400012803D1200201D559
:10501000FEF77DF92869012807D11D4880688007BF
:1050200003D0E00101D5FEF771F91A4D6868012837
:1050300007D1D5F88000012803D1A00101D5FEF7E2
:105040006AF9E868012807D1D5F88400012803D15E
:10505000600101D5FEF75EF92869012807D10E48E5
:105060000068800703D0200101D5FEF752F9BFF395
:105070004F8F70BD001005400C7C014000003C4289
:1050800000E0014000803C4208E40140000044424E
:1050900000200240008044420824024070B572485B
:1050A000D0F89042714DD5F89800012807D1D5F875
:1050B0009803012803D1E00601D5FDF73BFAD5F8A6
:1050C0009C00012807D1D5F89C03012803D1A00634
:1050D00001D5FDF731FAD5F88C00012807D1D5F8B4
:1050E0008C03012803D1600601D5FDF724FA60493D
:1050F0004868604EC96930403140084203D02006FC
:1051000001D5FDF716FA5C4DD5F89800012807D1B6
:10511000D5F89803012803D1E00501D5FDF70EFA73
:10512000D5F89C00012807D1D5F89C03012803D1AC
:10513000A00501D5FDF704FAD5F88C00012807D1A8
:10514000D5F88C03012803D1600501D5FDF7F7F9E7
:105150004A480068494930401831096831400842DE
:1051600003D0200501D5FDF7E8F9454DD5F89800A5
:10517000012807D1D5F89803012803D1E00401D50F
:10518000FDF7E0F9D5F89C00012807D1D5F89C037C
:10519000012803D1A00401D5FDF7D6F9D5F88C007C
:1051A000012807D1D5F88C03012803D1600401D56B
:1051B000FDF7C9F9334800683249304018310968B1
:1051C0003140084203D0200401D5FDF7BAF92E4D35
:1051D00028782E4E00F00300012807D196F8E10050
:1051E000800703D5A00301D500F002FD2878C0F3A5
:1051F0000110012807D196F8E100800603D560036D
:1052000001D500F0F6FC224DD5F80003012807D1A6
:10521000D5F88003012803D1E00201D5FCF7ABFEED
:10522000D5F80403012807D1D5F88403012803D158
:10523000A00201D5FCF79EFED5F80803012807D18E
:10524000D5F88803012803D1600201D5FCF794FE4C
:105250001048406810F4403F03D0200201D502F00E
:1052600091F9BFF34F8F70BD0010054000009C42C4
:1052700000E004401752F00000809C4204E4044027
:1052800000009D4204E804401344054000400540EE
:10529000008090420090044070B53548D0F89442A8
:1052A00034480068012808D13248203800680128B5
:1052B00003D1E00701D0FBF705FA2E48001D006876
:1052C000012808D12B481C380068012803D1A00709
:1052D00001D5FBF7F8F9284D2868284E012807D199
:1052E000D6F8B000C00303D0600701D5FBF7E9F999
:1052F0002868012807D1D6F8B000C00303D02007E2
:1053000001D5FBF7E1F91E480068012808D11C48C7
:1053100020380068012803D1E00601D5FBF7D6F953
:105320001748001D0068012808D115481C3800687E
:10533000012803D1A00601D5FBF7C9F9114D286852
:10534000114E012806D13068C00503D0600601D592
:10535000FBF7BBF92868012806D13068C00503D0E7
:10536000200601D5FBF7B4F9BFF34F8F70BD0000E5
:1053700000100540E00880422014804200000440F4
:10538000E088804220948042B004044070B52A48EE
:10539000D0F8984240F2F715600740F27F1611D519
:1053A00026480088254908310B88891F0988234A27
:1053B0000A3212881840284202D11140314201D0ED
:1053C00000F01AFCA0060CD51D48018E038F428EFA
:1053D000408F1940294202D10240324201D000F0F0
:1053E0000CFC600625D517480278401E0378801C07
:1053F000007814491A3109788C0618D4D40716D1CC
:105400001A40520813D1C20701D082070FD44207B5
:1054100001D502070BD4C20601D5800607D40807C0
:1054200001D5C80603D4480603D5080601D5FBF705
:105430001DFDBFF34F8F70BD0010054030FC0640CE
:1054400000000740A50407402DE9F04104461D4631
:1054500016460F462A2000F0BFFA204600F092FAC6
:10546000304600F08FFA2B2000F0B6FA384600F0F4
:1054700089FA284600F086FABDE8F0412C2000F0B9
:10548000ABBA0000F0B58BB06846FDF741F82020BC
:10549000ADF80600402002240125ADF80240ADF829
:1054A0000A000146ADF800506A462846FCF7C0FDE8
:1054B0006A4608210120FCF7BBFDA7036A4639466E
:1054C0000020FCF7B5FD01212020FCF7DFFC05A83A
:1054D00002F032F800268DF816608DF8174041F280
:1054E0008730184C079005A9204601F0ABFD08A8AD
:1054F00001F03CFF40F6C310ADF828600890ADF80D
:105500002A50042280210120FCF722FF08AA012151
:10551000204601F03FFE01221146204601F0D0FE58
:1055200040210120FCF774FF08210120FCF770FFE7
:1055300039460020FCF76CFF204601F0B5FF0BB0A8
:10554000F0BD0000005C014010B50121064801F0EB
:105550002FFD80B241F28631884200D30846642292
:105560005043B0FBF1F010BD005C014010B5FFF7F7
:1055700089FF4FF4004421460020FCF765FE1E2001
:10558000FBF7FAFF21460020FCF742FF6420FBF7FF
:10559000F3FF80210120FCF73BFF6420FBF7ECFFC9
:1055A000112000F019FA362000F016FA002000F061
:1055B00000FA3A2000F010FA052000F0FAF9B220C3
:1055C00000F00AFA0C2000F0F4F90C2000F0F1F9D8
:1055D000002000F0EEF9332000F0EBF9332000F06A
:1055E000E8F9B72000F0F8F9352000F0E2F9BB2027
:1055F00000F0F2F9352000F0DCF9C02000F0ECF901
:105600002C2000F0D6F9C22000F0E6F9012000F0CD
:10561000D0F9C32000F0E0F9132000F0CAF9C4204B
:1056200000F0DAF9202000F0C4F9C62000F0D4F927
:105630000F2000F0BEF9D02000F0CEF9A42000F039
:10564000B8F9A12000F0B5F9D62000F0C5F9A120E5
:1056500000F0AFF9E02000F0BFF9F02000F0A9F968
:10566000002000F0A6F9042000F0A3F9042000F0C7
:10567000A0F9042000F09DF9052000F09AF92920F6
:1056800000F097F9332000F094F93E2000F091F9F2
:10569000382000F08EF9122000F08BF9122000F073
:1056A00088F9282000F085F9302000F082F9E12007
:1056B00000F092F9F02000F07CF9072000F079F971
:1056C0000A2000F076F90D2000F073F90B2000F0AD
:1056D00070F9072000F06DF9282000F06AF93320F6
:1056E00000F067F93E2000F064F9362000F061F91F
:1056F000142000F05EF9142000F05BF9292000F07E
:1057000058F9322000F055F9212000F065F91120F8
:1057100000F062F97820FBF72FFFBDE81040292048
:1057200000F05AB92DE9F0419EB013A8FCF7F0FE45
:1057300040202027ADF85600ADF8527013AA102172
:105740000120FCF775FC13AA20210120FCF770FC56
:105750002B2210210120FCF7FBFD28222021012013
:10576000FCF7F6FD01218804FCF756FB684600F0C3
:105770001DFC00240220CDE90040082002900320F7
:10578000CDE904407801CDE906403C4E08946946D5
:1057900030460A9400F0F0FA1A941B941AA81C944C
:1057A00000F090FA01214FF41030FCF7F3FA0BA847
:1057B000FCF7EAF901250F9510950E94CDE91154E7
:1057C0000BAA280382E85100DFF8B480002140468C
:1057D000FCF78CF800B1FEE72A4C4FF49B71204691
:1057E000FBF754FA012291072046FBF70DFA2548F2
:1057F00040F23F115430FBF749FAADF860700620D3
:10580000ADF862002048199018A8FDF785FDBDF994
:105810006200002809DB00F01F0105FA01F14009D0
:10582000800000F1E020C0F88012BDF96210F02085
:10583000002904DB01F1E02181F8000405E001F01A
:105840000F0101F1E02181F8140DBDF9620000287B
:1058500008DB00F01F018D404009800000F1E020CE
:10586000C0F8005101214046FBF7DCFF0121304622
:1058700000F0D4F91EB0BDE8F08100000000024045
:105880000030054014080140AD1B0000002801DC79
:1058900000220BE0642802DB41F2863206E041F28E
:1058A000863148436421B0FBF1F082B20121014806
:1058B00001F06CBD005C01402DE9F05F02FB03F4D8
:1058C0000B4402445B1E521E670000269BB292B23C
:1058D000FFF7BAFD40210120FCF7B6FC08210120AA
:1058E000FCF796FD234D4FF0010885F800804EF639
:1058F0006029DFF884A024E0B81B4C46A04200D801
:10590000044628780028FCD000202870DFF86CB00E
:10591000024601465846FBF787FE0A980021821985
:105920005846FCF78FF8A2B200215846FCF7D6F88B
:10593000012200215846FBF777FE1149C1F800808B
:105940002644BE42D8D328780028FCD054462021D3
:10595000204600F0C1F90028F9D00221204600F0CD
:10596000BBF90028F9D0BDE8F05F40210120FCF729
:105970004FBD00000880FF1F0000024000300540BE
:105980000000214270B5040AC5B240210120FCF795
:105990005BFC08210120FCF73BFD204600F030F8BD
:1059A000284600F02DF8BDE8704040210120FCF7AA
:1059B0002FBD10B5044640210120FCF745FC08210D
:1059C0000120FCF725FD204600F01AF84021BDE833
:1059D00010400120FCF71CBD10B5044640210120F9
:1059E000FCF732FC08210120FCF72EFC204600F0D9
:1059F00007F84021BDE810400120FCF709BD000078
:105A000001B50A2301226946014800F0E2FA08BD07
:105A10000000024010B58EB006A801F0A5FA684655
:105A200001F070F901218804FCF730FA03224FF4E9
:105A300000410120FCF78CFC1020079041F28830D7
:105A4000184C0C9006A9204600F0B2FF002201215C
:105A5000204601F0FDF901221146204600F05AFFD0
:105A600000220321204601F05BF90120049000216F
:105A70000320CDE902100820019105906A4601211A
:105A8000204601F039F800220121204601F090F96A
:105A900001221146204601F0DFF8204601F02CFAE1
:105AA0000EB010BD00880140C10706D0164940F273
:105AB00023120A6043F210220A60810702D5144AB9
:105AC00012491161410703D5124A4AF2015111806E
:105AD0001149C20606D5B1F8FE234AF208531A430B
:105AE000A1F8FE23420606D5B1F8FE334AF203526E
:105AF0001343A1F8FE33000605D508497720086056
:105B00000649083108607047000401400100A5A55E
:105B100000800440FC3B054000400540040805406F
:105B200010B586B06846FCF7F3FC0024ADF80040E1
:105B30000220ADF80200FFF76DFF4020ADF80A002B
:105B4000ADF802406A4620210020FCF771FA6A464F
:105B500040210020FCF76CFA6A4610210020FCF777
:105B600067FA4FF40040ADF810006A4601210020AA
:105B7000FCF75EFA06B010BD0D4810B5B0F8FE0394
:105B8000800704D440F2AD410AA0FBF7F3FC1748AC
:105B9000017801F0C00141F00F010170134910209C
:105BA0000D3108701E20FBF707FD002010BD00001E
:105BB000004005402E2E5C2E2E5C2E2E5C2E2E5C80
:105BC000647269766572735C686333325F6C6C5FB4
:105BD0006472697665725C7372635C686333325FAA
:105BE0006C6C5F7077632E63000000000244054018
:105BF00070477047704770477047704770477047ED
:105C000070477047704770477047704770477047DC
:105C100070477047704770477047704770B50446CB
:105C200016480D4684420DD0154884420AD01548C6
:105C3000844207D01448844204D040F2622113A069
:105C4000FBF798FC35B1012D04D040F263210FA081
:105C5000FBF790FC6069400705D535B14FF4197129
:105C60000AA0FBF787FC012D04D0606820F04000FB
:105C7000606070BD606840F04000F9E700C001401E
:105C800000C4014000000240000402402E2E5C2EA1
:105C90002E5C2E2E5C2E2E5C647269766572735CAF
:105CA000686333325F6C6C5F6472697665725C73D3
:105CB00072635C686333325F6C6C5F7370692E6310
:105CC000000000006FF0020118B100210160416086
:105CD000816008467047000070B5054614480026EC
:105CE0000C4685420DD0134885420AD012488542A1
:105CF00007D01248854204D04FF4257110A0FBF75D
:105D000039FC14B134F0BF0004D040F295210CA04E
:105D1000FBF730FC6869A10704D524F00204810771
:105D200000D40126204200D00126304670BD00007C
:105D300000C0014000C401400000024000040240D5
:105D40002E2E5C2E2E5C2E2E5C2E2E5C64726976BE
:105D50006572735C686333325F6C6C5F6472697622
:105D600065725C7372635C686333325F6C6C5F7323
:105D700070692E63000000002DE9F0410546794866
:105D80000C466FF0020685420DD0774885420AD056
:105D90007648854207D07648854204D040F2ED111E
:105DA00074A0FBF7E7FB002C7ED0206830B10128FF
:105DB00004D04FF4F8716FA0FBF7DCFB606830B1E2
:105DC000022804D040F2F1116AA0FBF7D3FBA068CF
:105DD00030B1082804D04FF4F97166A0FBF7CAFB74
:105DE000E0684FF4805730B1B84204D040F2F3116C
:105DF00060A0FBF7BFFB206950B1B0F5004F07D0A2
:105E0000B0F5404F04D04FF4FA715AA0FBF7B2FB43
:105E1000606950B1012808D0022806D0032804D0B8
:105E200040F2F51153A0FBF7A5FBA06990B104283F
:105E300010D008280ED00C280CD010280AD0142816
:105E400008D0182806D01C2804D04FF4FB7149A0B4
:105E5000FBF790FBE06940B3B0F5807F31D0B0F53F
:105E6000007F2ED0B0F5407F2BD0B0F5806F28D0CA
:105E7000B0F5A06F25D0B0F5C06F22D0B0F5E06FBF
:105E80001FD0B0F5006F1CD0B0F5106F19D0B0F571
:105E9000206F16D0B0F5306F13D0B0F5406F10D032
:105EA000B0F5506F0DD001E052E00AE0B0F5606F40
:105EB00007D0B0F5706F04D040F2F7112DA0FBF7BA
:105EC00059FB206A30B1B84204D04FF4FC7129A0CC
:105ED000FBF750FB606A30B1802804D040F2F91122
:105EE00024A0FBF747FBA06A50B1012808D0022884
:105EF00006D0032804D04FF4FD711EA0FBF73AFB37
:105F0000A168082902D1E068B84221D020680128A0
:105F100004D119B96269DAB1022A19D06268104352
:105F2000626A11430843E1680843216908436860D5
:105F300094F82810E86861F30100E860A068082878
:105F400009D0E16960690843216A0843A861002615
:105F50003046BDE8F081D4E905010843D4E90712D1
:105F60001143F2E700C0014000C4014000000240BC
:105F7000000402402E2E5C2E2E5C2E2E5C2E2E5CFB
:105F8000647269766572735C686333325F6C6C5FF0
:105F90006472697665725C7372635C686333325FE6
:105FA0006C6C5F7370692E63000000006FF002017B
:105FB00068B1002108220160C0E90112C1600161DD
:105FC000C0E90512D201C0E9072141628162084699
:105FD000704738B504466FF0020000290CD0002A43
:105FE0000AD0606800F00200022806D00093134631
:105FF0000022204600F07EF838BD01B02046BDE802
:10600000304000F001B800002DE9FF4F85B04FF09F
:1060100000090446CDF80890C06817468A46C8466D
:1060200000F003056D1CB2FBF5F005FB107020B10C
:106030004FF4D97121A0FBF79DFAA0694FF4806B52
:1060400000F4706626E05A464FF44061CDF80090A7
:1060500014E0964203D8029B1AF8030007E0029B63
:106060008E4202D83AF8130001E05AF8230020606B
:106070000098401C00900298401C02900098A84292
:10608000E7D3202211462046089B00F017F95FEA6B
:10609000000802D10298B842D5D36068000709D53C
:1060A000B8F1000F06D1002202212046089B00F023
:1060B00005F9804609B04046BDE8F08F2E2E5C2ED3
:1060C0002E5C2E2E5C2E2E5C647269766572735C7B
:1060D000686333325F6C6C5F6472697665725C739F
:1060E00072635C686333325F6C6C5F7370692E63DC
:1060F000000000002DE9F04F89B04FF0000A04467F
:10610000CDF808A00120CDF80CA0CDF81CA000907F
:10611000E068984691468B46564600F003056D1C94
:10612000B3FBF5F105FB118020B140F2491155A0F8
:10613000FBF720FA606800F008000690A06900F400
:1061400070678BE0029941453FD22022002311461F
:10615000204600F0B3F80099012936D1A8BB069873
:10616000082800D088BBBBF1000FCDF800A01DD0DF
:106170004FF480614FF4406214E08F4203D8029BD9
:106180001BF8030007E0029B974202D83BF813007C
:1061900001E05BF8230020600098401C009002980A
:1061A000401C02900098A842E7D30CE04FF0FF306B
:1061B00006E020600099491C00910299491C029157
:1061C0000099A942F5D3CDF800A080220023114602
:1061D000204600F073F8060037D1B9F1000F21D046
:1061E0004FF480614FF44062CDF800A016E02068C3
:1061F0008F4204D8DDF80CC009F80C0008E0DDF887
:106200000CC0974202D829F81C0001E049F82C0084
:106210000098401C00900398401C03900098A842EE
:10622000E5D30EE05046CDF800A008E020680790C6
:106230000098401C00900398401C03900098A842CE
:10624000F4D30120CDF81CA0009007991298814248
:1062500002D96FF0070605E0481C079003994145F5
:10626000FFF470AF6068000707D536B9002202213D
:106270002046129B00F022F8064609B03046BDE8E1
:10628000F08F00002E2E5C2E2E5C2E2E5C2E2E5CAF
:10629000647269766572735C686333325F6C6C5FDD
:1062A0006472697665725C7372635C686333325FD3
:1062B0006C6C5F7370692E630000000030B504469B
:1062C000002001E02BB15B1E65690D409542F9D1BC
:1062D00030BD6FF0070030BD2DE9F04117460D4687
:1062E00004004FF0000601D0200903D0C7211EA0F2
:1062F000FBF740F9072D03D9C8211BA0FBF73AF99A
:10630000072F03D9C92118A0FBF734F924480068E6
:10631000772803D0CA2114A0FBF72CF9DFF880E01E
:106320000723AEF1040E002C1BD0E00715D0F000BF
:10633000011D05FA01FC07FA00F24CEA020C03FA0F
:1063400001F203FA00F10A43DEF800000CEA020C45
:1063500090434CEA000CCEF800C06408761CF6B2FC
:10636000E1E7BDE8F08100002E2E5C2E2E5C2E2E83
:106370005C2E2E5C647269766572735C686333327E
:106380005F6C6C5F6472697665725C7372635C6883
:106390006333325F6C6C5F7372616D2E630000005B
:1063A00004080540704700002DE9FF41754D064681
:1063B0000C4628680027009068680190A868029041
:1063C000E86811F0E06F039012D0C4F30260012876
:1063D0000ED002280CD003280AD0042808D00528A3
:1063E00006D0062804D040F2A12167A0FBF7C2F82E
:1063F00014F0700F12D0C4F3021001280ED002283E
:106400000CD003280AD0042808D0052806D0062876
:1064100004D040F2A2215CA0FBF7ACF814F4E02F0A
:1064200012D0C4F3024001280ED002280CD0032859
:106430000AD0042808D0052806D0062804D040F247
:10644000A32151A0FBF796F814F4E00F12D0C4F387
:10645000025001280ED002280CD003280AD00428AC
:1064600008D0052806D0062804D04FF4297146A08C
:10647000FBF780F8600712D004F0070001280ED067
:1064800002280CD003280AD0042808D0052806D0FA
:10649000062804D040F2A5213BA0FBF76BF814F4CA
:1064A000E06F12D0C4F3022001280ED002280CD0D5
:1064B00003280AD0042808D0052806D0062804D0CE
:1064C00040F2A62130A0FBF755F814F4E04F12D0AB
:1064D000C4F3023001280ED002280CD003280AD0C1
:1064E000042808D0052806D0062804D040F2A721A9
:1064F00025A0FBF73FF83248064204D14FF42A7139
:1065000021A0FBF737F8DFF8BC80B8F8FE03C0071E
:1065100004D140F2A9211CA0FBF72CF898F8260022
:1065200000F00700052811D128690127C00704D110
:106530004FF42C7114A0FBF71DF823482860C012FB
:106540006860A860E8601E20FBF736F8D8F82010D5
:106550003440B1432143C8F820101E20FBF72CF82B
:10656000002F0DD000982860019868600298A860FC
:106570000398E86004B01E20BDE8F041FBF71CB8AA
:10658000BDE8FF81008004402E2E5C2E2E5C2E2E56
:106590005C2E2E5C647269766572735C686333325C
:1065A0005F6C6C5F6472697665725C7372635C6861
:1065B0006333325F6C6C5F636C6B2E6300000000B2
:1065C0007777770700400540EEFAFFFF2DE9FF419E
:1065D0002B4C05004FF00007206800906068019088
:1065E000A0680290E06803900ED0012D0CD0022D1F
:1065F0000AD0032D08D0042D06D0052D04D040F27A
:10660000372120A0FAF7B6FF2C4EB6F8FE03C007DC
:1066100004D14FF40E711BA0FAF7ACFF96F82600D8
:1066200000F00700052801D0052D11D120690127B0
:10663000C00704D14FF4107112A0FAF79BFF204855
:106640002060C0126060A060E0601E20FAF7B4FF16
:1066500086F826501E20FAF7AFFF002F0DD00098C5
:106660002060019860600298A0600398E06004B028
:106670001E20BDE8F041FAF79FBFBDE8FF81000092
:10668000008004402E2E5C2E2E5C2E2E5C2E2E5C66
:10669000647269766572735C686333325F6C6C5FD9
:1066A0006472697665725C7372635C686333325FCF
:1066B0006C6C5F636C6B2E63000000000040054053
:1066C000EEFAFFFF01484068704700001C80FF1F82
:1066D00010B500F013F8012019F052FD064CA07817
:1066E000401CC0B2A070032803D903F009FC0020AD
:1066F000A070BFF34F8F10BD0880FF1F0248416894
:1067000002681144416070471C80FF1F4FF0FF3149
:1067100000B34FF47A7290421CD8B2FBF0F20E4BE9
:106720001A600E4A126AC2F302630D4A1268DA4016
:10673000B2FBF0F0401EB0F1807F0BD24FF0E021B1
:106740004861084AF02082F8140D00208861072073
:1067500008610021084670471C80FF1F004005406B
:106760000080FF1F0FE000E030B51D480068C10742
:106770001C4801D01C4900E01C4941601C4991F8AB
:1067800026204FF4004402F007031A4A062B09D2D0
:10679000DFE803F003050907090B41681DE016490E
:1067A0001BE0026030BD046030BDD1F80031C3F39E
:1067B0000825D1F800311C0FD1F80031D1F80011B3
:1067C00003F01F03090600D542685B1CB2FBF3F11E
:1067D0006D1C6943641CB1FBF4F1016030BD000025
:1067E000840601400080FF1F0024F400002D3101C9
:1067F0000040054000366E0100127A0010B5FFF728
:10680000B3FF00F007F802490020086010BD000047
:1068100008ED00E019494AF201500880174920208C
:106820004831088015497C310880091F0880091FFC
:10683000088012496C31088010494C3108800720CB
:10684000891E08800D497E310880091F0880091FB4
:1068500008800A496E31088008494E31088008488E
:10686000416821F0080141604FF01C40054901607A
:106870001121416048F2323181607047FC3B054094
:10688000008004400D00010070477047704770475A
:106890007047704770477047704770477047704740
:1068A0007047704770477047704770477047704730
:1068B0007047704770477047704770477047704720
:1068C0007047704770477047704770477047704710
:1068D0007047704770477047704770477047704700
:1068E00070477047704770477047704770477047F0
:1068F00070477047704770477047704770477047E0
:1069000070477047704770477047704770477047CF
:106910007047704770B50446144815460E468442C9
:106920000AD01348844207D01248844204D040F26F
:10693000554111A0FAF71EFE36B1012E04D040F2E7
:1069400056410DA0FAF716FE35B1012D04D040F2E4
:10695000574109A0FAF70EFEE06D1EB165F3820003
:10696000E06570BD65F30000FAE7000000800140BB
:1069700000840140008801402E2E5C2E2E5C2E2EBD
:106980005C2E2E5C647269766572735C6863333268
:106990005F6C6C5F6472697665725C7372635C686D
:1069A0006333325F6C6C5F746D72362E630000006F
:1069B00070B505463E480C466FF0020685420AD087
:1069C0003C48854207D03C48854204D040F26311E0
:1069D0003AA0FAF7CFFD002C31D02078002830D033
:1069E000012807D040F2671134A0FAF7C3FD2078E0
:1069F000002826D03F4E206930B1304204D040F20A
:106A000073112EA0FAF7B6FD606930B1304204D0A0
:106A100040F2751129A0FAF7ADFD2069C5F888008C
:106A20006069C5F88C00A069B0F5803F04D34FF4CD
:106A3000BE7122A0FAF79EFDA0696860002630466C
:106A400070BDA06840B1082806D00A2804D040F2E2
:106A50006B111AA0FAF78EFDE068B0F5807F05D0C3
:106A600020B14FF4B67115A0FAF784FD606890B1BB
:106A7000102810D020280ED030280CD040280AD062
:106A8000502808D0602806D0702804D040F26D113C
:106A90000AA0FAF76FFD2089A1890843A18808435D
:106AA000296D00F4BF7021F4BF7108432865BAE76F
:106AB0000080014000840140008801402E2E5C2EA1
:106AC0002E5C2E2E5C2E2E5C647269766572735C71
:106AD000686333325F6C6C5F6472697665725C7395
:106AE00072635C686333325F6C6C5F746D72362EF8
:106AF0006300000000F0FCFF2DE9F0410546454829
:106B000014460E466FF0020785420AD0424885427D
:106B100007D04248854204D040F2F91140A0FAF76C
:106B200029FD36B1012E04D04FF4FD713CA0FAF7D7
:106B300021FD05EB860000F11008002C56D060689E
:106B400030B1012804D040F2FF1135A0FAF712FD50
:106B5000A06830B1012804D04FF4007130A0FAF7DA
:106B600009FDE06850B1012808D0022806D00328AA
:106B700004D040F201212AA0FAF7FCFC206950B1B0
:106B8000012808D0022806D0032804D040F20221B0
:106B900023A0FAF7EFFC6069082805D020B140F285
:106BA00003211FA0FAF7E6FC2068B0F5803F04D36C
:106BB0004FF401711AA0FAF7DDFC2168C8F8001043
:106BC000207BB6B1217C000540EA8150217A40EA61
:106BD0008140217940EA414061690843A96D00F490
:106BE0007F0021F47F010843A86500273846BDE8EF
:106BF000F081217C000140EA8110217A40EA810085
:106C0000217940EA4100217D0843A96D60F3070125
:106C1000A965EAE700800140008401400088014046
:106C20002E2E5C2E2E5C2E2E5C2E2E5C64726976CF
:106C30006572735C686333325F6C6C5F6472697633
:106C400065725C7372635C686333325F6C6C5F7433
:106C50006D72362E6300000070B504461848164663
:106C60000D4684420AD01748844207D01648844211
:106C700004D040F2272115A0FAF77CFC35B1012D94
:106C800004D04FF40A7111A0FAF774FC36B1012E4A
:106C90000ED040F229210DA0FAF76CFC0020A16D66
:106CA0004DB121F0807100F080700143A16570BD8D
:106CB0004FF0FF30F3E721F4807100F48070F4E7C7
:106CC0000080014000840140008801402E2E5C2E8F
:106CD0002E5C2E2E5C2E2E5C647269766572735C5F
:106CE000686333325F6C6C5F6472697665725C7383
:106CF00072635C686333325F6C6C5F746D72362EE6
:106D0000630000006FF0020140B10021416081602A
:106D1000C1604FF6FF720161026041610846704731
:106D200070B50446114815460E4684420AD01048F4
:106D3000844207D00F48844204D040F2BE310EA0F6
:106D4000FAF718FC052E04D940F2BF310AA0FAF771
:106D500011FC04EB86041034B5F5803F04D340F2F7
:106D6000C23105A0FAF706FC256070BD0080014025
:106D700000840140008801402E2E5C2E2E5C2E2EB9
:106D80005C2E2E5C647269766572735C6863333264
:106D90005F6C6C5F6472697665725C7372635C6869
:106DA0006333325F6C6C5F746D72362E630000006B
:106DB00070B50446154815460E4684420AD014485C
:106DC000844207D01348844204D040F2D52112A057
:106DD000FAF7D0FB36B1012E04D040F2D6210EA036
:106DE000FAF7C8FB35B1012D04D040F2D7210AA033
:106DF000FAF7C0FB36B1012E03D1A06D65F3104048
:106E0000A06570BDA06D65F30000F9E7008001404A
:106E100000840140008801402E2E5C2E2E5C2E2E18
:106E20005C2E2E5C647269766572735C68633332C3
:106E30005F6C6C5F6472697665725C7372635C68C8
:106E40006333325F6C6C5F746D72362E63000000CA
:106E500070B50446174815460E4684420AD01648B7
:106E6000844207D01548844204D04FF4886114A0AE
:106E7000FAF780FB35B1022D04D040F2414110A059
:106E8000FAF778FB6EB1012E04D040F242410CA01B
:106E9000FAF770FBE06D082120F0080001EA850197
:106EA00004E0E06D05F0020120F002000843E06517
:106EB00070BD000000800140008401400088014056
:106EC0002E2E5C2E2E5C2E2E5C2E2E5C647269762D
:106ED0006572735C686333325F6C6C5F6472697691
:106EE00065725C7372635C686333325F6C6C5F7491
:106EF0006D72362E6300000010B5044609488442C6
:106F00000AD00948844207D00848844204D040F29D
:106F10006F3107A0FAF72EFB206D40F001002065CD
:106F200010BD000000800140008401400088014045
:106F30002E2E5C2E2E5C2E2E5C2E2E5C64726976BC
:106F40006572735C686333325F6C6C5F6472697620
:106F500065725C7372635C686333325F6C6C5F7420
:106F60006D72362E630000006FF0020160B10021E7
:106F700001704FF480724160C0E902120161416109
:106F80004FF6FF71816100210846704770477047D6
:106F90007047704770477047704770477047704739
:106FA0007047704770477047704770477047704729
:106FB00070B504460F480D4684420ED00E488442F8
:106FC0000BD00E48844208D00D48844205D00D48AD
:106FD000844202D00C48844201D1072D04D940F2EA
:106FE0009B310AA0FAF7C6FA04EB8500B0F840001E
:106FF00070BD0000005001400054014000580140A5
:10700000005C014000600140006401402E2E5C2EB7
:107010002E5C2E2E5C2E2E5C647269766572735C1B
:10702000686333325F6C6C5F6472697665725C733F
:1070300072635C686333325F6C6C5F746D72612E77
:107040006300000070B505463E480C466FF002062E
:10705000854213D03C48854210D03C4885420DD033
:107060003B4885420AD03B48854207D03A48854292
:1070700004D04FF48B7139A0FAF77CFA002C29D098
:107080002078002828D0012807D04FF48C7133A035
:10709000FAF770FA207800281ED0A08830B1400B93
:1070A00004D040F223112DA0FAF764FAE08830B141
:1070B000400B04D040F2251128A0FAF75BFAA08813
:1070C000A5F88800E088A5F88C002846A16800F0A3
:1070D000A7F90026304670BDA07830B1042804D04E
:1070E00040F21B111DA0FAF745FAE07830B10228F2
:1070F00004D04FF48E7119A0FAF73CFA6178C1B14F
:10710000102916D0202914D0302912D0402910D0AF
:1071100050290ED060290CD070290AD0802908D0BF
:10712000902906D0A02904D040F21D110BA0FAF737
:1071300021FAA078E17808436178084385F8800057
:10714000C3E70000005001400054014000580140D6
:10715000005C014000600140006401402E2E5C2E66
:107160002E5C2E2E5C2E2E5C647269766572735CCA
:10717000686333325F6C6C5F6472697665725C73EE
:1071800072635C686333325F6C6C5F746D72612E26
:10719000630000002DE9F0410546354814460E46CF
:1071A0006FF0020785420ED0324885420BD032483C
:1071B000854208D03148854205D03148854202D009
:1071C0003048854201D1072E04D94FF4ED712EA02D
:1071D000FAF7D0F9002C47D0A08840B1012806D09A
:1071E000022804D040F2DD1127A0FAF7C3F9E088A5
:1071F00040B1012806D0022804D04FF4EF7122A03C
:10720000FAF7B8F9208950B1012808D0022806D031
:10721000032804D040F2DF111BA0FAF7ABF9608914
:1072200050B1012808D0022806D0032804D04FF41A
:10723000F07115A0FAF79EF9402105EB860022882F
:107240000A522179A279A37A41EA8201227A1201B3
:1072500042EA83121143B0F84021C9B202F47F42DE
:107260001143A0F8401100273846BDE8F081000026
:10727000005001400054014000580140005C0140B2
:1072800000600140006401402E2E5C2E2E5C2E2EEC
:107290005C2E2E5C647269766572735C686333324F
:1072A0005F6C6C5F6472697665725C7372635C6854
:1072B0006333325F6C6C5F746D72612E630000002B
:1072C00070B50446154815460E4684420ED0144843
:1072D00084420BD01348844208D01348844205D01E
:1072E0001248844202D01248844201D1072E04D9A8
:1072F0004FF406710FA0FAF73DF935B1012D04D016
:1073000040F219210BA0FAF735F904EB860000F5DD
:10731000A070400100F18440056370BD0050014041
:107320000054014000580140005C014000600140F1
:10733000006401402E2E5C2E2E5C2E2E5C2E2E5CC8
:10734000647269766572735C686333325F6C6C5F1C
:107350006472697665725C7372635C686333325F12
:107360006C6C5F746D72612E630000006FF002013F
:1073700048B1090C0160012181800021C1800321F5
:1073800001814181002108467047000070B5044624
:107390000F4815460E4684420ED00E4884420BD04C
:1073A0000D48844208D00D48844205D00C488442E0
:1073B00002D00C48844201D1072E04D94FF46271E7
:1073C00009A0FAF7D7F804EB8600A0F8405070BD8A
:1073D000005001400054014000580140005C014051
:1073E00000600140006401402E2E5C2E2E5C2E2E8B
:1073F0005C2E2E5C647269766572735C68633332EE
:107400005F6C6C5F6472697665725C7372635C68F2
:107410006333325F6C6C5F746D72612E63000000C9
:1074200070B504460C480D46844213D00B48844284
:1074300010D00B4884420DD00A4884420AD00A4832
:10744000844207D00948844204D04FF4517108A007
:10745000FAF790F8A58070BD00500140005401403B
:1074600000580140005C01400060014000640140A0
:107470002E2E5C2E2E5C2E2E5C2E2E5C6472697677
:107480006572735C686333325F6C6C5F64726976DB
:1074900065725C7372635C686333325F6C6C5F74DB
:1074A0006D72612E6300000010B504460E488442E0
:1074B00013D00E48844210D00D4884420DD00D48A0
:1074C00084420AD00C48844207D00C48844204D03D
:1074D00040F256410AA0FAF74DF814F8800F40F038
:1074E0000100207010BD0000005001400054014018
:1074F00000580140005C0140006001400064014010
:107500002E2E5C2E2E5C2E2E5C2E2E5C64726976E6
:107510006572735C686333325F6C6C5F647269764A
:1075200065725C7372635C686333325F6C6C5F744A
:107530006D72612E630000006FF0020158B10021EE
:107540000170417081700222C2708180C1804FF64B
:10755000FF7181600021084670477047704770478F
:107560007047704770477047704770477047704763
:107570007047704770477047704770477047704753
:1075800070477047704702E008C8121F08C1002A00
:10759000FAD170477047002001E001C1121F002A94
:1075A000FBD1704770B5044600256FF02F0608E048
:1075B0002068411C2160007805EB850106EB410144
:1075C00045182068007800F004F80028F0D128461B
:1075D00070BD3038092801D801207047002070475D
:1075E00010B54421074800F0F7FE00221E2106488E
:1075F00018F0D0FD054CA06001F02EFF0020207097
:1076000010BD00004085FF1F0D9500009480FF1FF6
:107610002DE9F0470E46814617461146304600F0E8
:107620001CF94FF0FF3A00287DD000223946304641
:1076300000F0BFF800284FF0000075D1B6F90480C3
:10764000B6F900305246A8EB0301491C0AFA81F151
:107650000FFA81FAB6F906C0B6F90210ACEB010CCC
:107660000CF1010C02FA8CF2B7F802C012B2ACEBCA
:10767000010C0FFA8CFCBCF1000F0EDD63F30F045C
:1076800068F30F0501EB0C0061F31F4460F31F4525
:10769000C9F800400120C9F80450B7F906107388F2
:1076A000CB1AD21A12B2002A13DDB6F9063099426B
:1076B0000FDA338863F30F04B38861F31F4463F375
:1076C0000F05114461F31F4509EBC001401C0C601C
:1076D0004D60B7F90220B6F902108A4200DD11466A
:1076E000B7F90630B6F90620934200DA1A463B880D
:1076F000B6F900C0521AA3EB0C031BB212B2002B56
:1077000010DD002A0EDD634463F30F058B1863F36D
:107710001F456CF30F0409EBC00361F31F441C60A9
:107720005D60401C01E01AE017E0B7F904303688CC
:107730009F1BAAEB070636B2002E0EDD63F30F0483
:1077400061F31F44334463F30F05114461F31F4594
:1077500009EBC001401C0C604D60BDE8F08750464D
:10776000FBE770B5B1F90030B2F90040A34200DC8C
:1077700023460380B1F90250B2F90240A54200DD70
:107780002C464480B1F90460B2F90450AE4200DAEC
:1077900035468580B1F90610B2F90620914200DB2A
:1077A0001146C1800120AB4201DC8C4200DD00208B
:1077B00070BDF8B50D460446B0F90000B1F90010EF
:1077C0001646884247DBB4F90210B5F9022091420F
:1077D00041DBB4F90410B5F9042091423BDCB4F963
:1077E0000610B5F90620914235DC96B3ADF80000DD
:1077F0006088ADF8020032466946284600F099F8E4
:10780000002827D0A088ADF800006088ADF80200FD
:1078100032466946284600F08CF800281AD02088A5
:10782000ADF80000E088ADF802003246694628460F
:1078300000F07FF800280DD0A088ADF80000E088A7
:10784000ADF8020032466946284600F072F800287A
:1078500000D00120F8BD0020F8BDB0F90020B1F93A
:1078600004309A4213DCB0F90420B1F900309A4296
:107870000DDBB0F90220B1F906309A4207DCB0F90D
:107880000600B1F90210884201DB01207047002098
:107890007047F8B50D460446B0F90400B1F9001080
:1078A0001646884243DBB4F90600B5F90210884257
:1078B0003DDBB4F90000B5F90410884237DCB4F9B7
:1078C0000210B5F90620914231DC76B3ADF8000024
:1078D0006088ADF8020032466946284600F029F873
:1078E00018BBA088ADF800006088ADF802003246F1
:1078F0006946284600F01DF8B8B92088ADF80000A8
:10790000E088ADF8020032466946284600F011F8DA
:1079100058B9A088ADF80000E088ADF80200324602
:107920006946284600F005F808B10020F8BD01209E
:10793000F8BD2DE9FC4114460E46B1F90020B0F91E
:10794000001005468A423ADBB5F90400824236DC73
:10795000B6F90270B5F90220974230DBB5F906306E
:107960009F422CDC002C75DD401A9A1A401C521CD8
:1079700000B212B200EBD07002EBD2724010521083
:10798000904200DB1046844200DD0446ADF8001052
:10799000288800222044ADF804006888ADF8020071
:1079A000688831462044ADF806006846FFF7C1FFFD
:1079B00040B1BDF804002044ADF804003FE00020D1
:1079C000BDE8FC81E8880022001BADF80200E888D1
:1079D000ADF8060031466846FFF7ABFF28B1BDF8A9
:1079E00004002044ADF8040011E0A8880022001B28
:1079F000ADF80000A888ADF8040031466846FFF7EE
:107A000098FF50B1BDF80000001BADF80000BDF8B4
:107A10000200001BADF8020016E06888ADF8020015
:107A2000688800222044ADF8060031466846FFF71A
:107A300080FF70B1BDF80000001BADF80000BDF87C
:107A400006002044ADF806003146684616F016FDE3
:107A5000B6E7FFE70120B3E710B5B1F90040B2F98E
:107A600000309C4200DA23460380B1F90240B2F9AB
:107A700002309C4200DA23464380B1F90440B2F957
:107A800004309C4200DD23468380B1F90610B2F930
:107A90000620914200DC1146C18010BD2DE9FC4159
:107AA000054618F063FB00267D4C074600960DB195
:107AB000E86801E00DF022F86060006916F0DAFB7A
:107AC0006068406908B116F0D5FB6068C06916F0BF
:107AD000D1FB6068006A16F0CDFB6068016991B166
:107AE00016F048FD1AF04EFA19F0BAFF6068B0F8C7
:107AF0005011E1B30068017CC9071ED0C06840681E
:107B0000D8B1002514E0A0F85061BDE8FC8141190E
:107B100091F8301151B900F5AC7000F0B4FC616817
:107B200001EBC5010A6B0260496B41606D1CADB28F
:107B30006068B0F85011A942E9D860684FF48071CC
:107B4000303012F059FC6068202100F5987012F076
:107B500053FC6068A0F85061384618F000FB0090B4
:107B600060680068436A13B122680099984712F070
:107B7000C1FA00F0CFF800F0A1F84A4D6F69EFBBF1
:107B80000CF0BCFF0CF0E8FF11F092FA074600225F
:107B90007F2116F0B0FA0022114610460CF011FDBC
:107BA0000190BDF804100022384616F098FAFF2222
:107BB000114610460CF005FD0190BDF8041000229E
:107BC000384616F0C5FA00220321384616F0B1FAFD
:107BD00000220321384616F09DFA00220321384680
:107BE00016F09DFA00220321384616F09DFA002275
:107BF0000321384616F0A7FA2BA100E009E0384629
:107C000012F0DCF800231A460621384612F048FD2F
:107C10006F61286818F0A3FAB0F5967F0DD220683E
:107C200041F2883188427FF670AF68680099084455
:107C30006860A868401CA86067E718F097FA286099
:107C40006068406828B100684FF47A71B1FBF0F0C9
:107C500000E02120696809B901216960A968E1B1E2
:107C60004FF47A7251436A68B1FBF2F46E60AE6011
:107C7000844200D90446286920442861E868401CF1
:107C8000E86018F0B9FAC0F1640302B02246384641
:107C9000BDE8F04105A112F0C8B80446E6E70000CF
:107CA0005880FF1FF883FF1F3F0000002575204606
:107CB00050530A25752525204350550070B50A4DAF
:107CC000002400BFC4EBC40655F8260008B112F02A
:107CD00085FA05EB86001C2112F08EFB641CE4B2D1
:107CE000042CEFD370BD00001C86FF1F08494968B3
:107CF0000AE04A68824202D00A68824203D10A7EC0
:107D000042F001020A7649690029F2D17047000069
:107D10002C80FF1F704700000421014800F05CBB6D
:107D20003485FF1F2021014800F056BB4C85FF1F02
:107D30002DE9FF410446DDE90A671D004FF0000010
:107D400002D1B6F5807F2BD0039001900290ADF860
:107D50000C100090ADF80410ADF80A20ADF80E201C
:107D60003B4632462946684616F0E8FA3B4632461C
:107D7000294601A816F0E2FA3B463246294602A8F7
:107D800016F0DCFA3B463246294603A816F0D6FA2E
:107D9000BDF90000BDF90430984209DA054608E053
:107DA0002080491E6080A180521EE280BDE8FF81D4
:107DB0001D46BDF90820BDF90C108A4201DA1646AD
:107DC00000E00E46B54203DA984206DB184604E0AE
:107DD0008A4201DA104600E00846801E2080BDF984
:107DE0000030BDF90420934201DD1D4600E0154638
:107DF000BDF90800BDF90C10884201DD064600E01F
:107E00000E46B54205DD934201DD194604E01146F8
:107E100002E0884200DD0146891CA180BDF90230E4
:107E2000BDF90620934201DA1D4600E01546BDF972
:107E30000A00BDF90E10884201DA064600E00E463F
:107E4000B54205DA934201DA194604E0114602E030
:107E5000884200DA0146891E6180BDF90230BDF911
:107E60000620934201DD1D4600E01546BDF90A00DB
:107E7000BDF90E10884201DD064600E00E46B5420F
:107E800005DD934201DD194604E0114602E0884217
:107E900000DD0146891CE18088E700002DE9F04102
:107EA00015460E460746114C18F060F980462B46E1
:107EB00032463946204610F051FF20B10020A06222
:107EC000E06950B110E02C21204612F095FA4FF0F5
:107ED0000040A0620020BDE8F081404618F03FF964
:107EE000E06108B90120E0612046F4E77085FF1FDA
:107EF00010B51421074800F06FFA10F0F5FE40B1FC
:107F00000549016005494160054981600549C16035
:107F100010BDFEE75885FF1FBD860100398A0100AC
:107F2000098C0100898601002DE9FE430446808A00
:107F300010B9E08A002874D0D4F82C805FEA0800D9
:107F400010D1204608F085F95FEA000869D0204684
:107F500009F088FE0022092140460FF053FE6078A8
:107F600080075ED44FF4807900274E4645460021B5
:107F7000284614F075FB384407B20021284614F057
:107F80008DFBC11700EB1160001210FB06F006B26A
:107F9000284613F0D7FB0500E9D10FB94E450CD0A8
:107FA000784201B24FF4803090FBF6F002B26B469B
:107FB00004F11400009516F0C1F9ADF80450ADF8C5
:107FC000085094F8400000F00F000328404616D0F7
:107FD00013F0EAFC0646404613F0C0FB03460C20B3
:107FE0000090B4F916103246404607F014FDADF883
:107FF0000800404613F004FCC10713D018E013F04A
:1080000067FC0646404613F003FC0246032000903E
:10801000B4F914103346404607F0FDFCADF80400F7
:10802000E7E736E0BDF90410002901DDADF80450A2
:10803000810705D4BDF90410002901DAADF8045018
:10804000410705D4BDF90810002901DDADF808503D
:10805000000705D4BDF90800002801DAADF8085082
:1080600002AA01A920461AF0C3FABDF90820BDF9F9
:108070000410404600F07CFA6078800709D4208B19
:10808000BDF8041008442083608BBDF80810084434
:108090006083BDE8FE832DE9FC5F0446C06A5FEAA9
:1080A000000B71D094F8400000076DD010F0D8FE9E
:1080B000019000684021457E584614F015FC4FF0B1
:1080C000000818B9A4F81E80A4F81C80584613F0C4
:1080D0005DFC8246584613F060FC064694F840006A
:1080E0004FF0640900F00F000C2802D003284CD098
:1080F0009AE0A4F81C8056B1B4F91E50002710F085
:10810000AFFE00684946407EC0F1640022E0E08B8B
:10811000C5F1640110FB01F191FBF9F0E0835846D1
:1081200013F01CFB0546584613F03EFC02460C209B
:108130000090B4F91E102B46584607F06CFCE08303
:10814000024600231EE07A1917B210FB05F292FBDB
:10815000F1F215B2002DF6D1ADF80070A4F81E8032
:108160006A46002120461AF043FA41F6FF72BDF933
:1081700000305142584608F003FABDF800100123C0
:10818000084402B200214CE09AE0A4F81E80BAF143
:10819000000F0AD0B4F91C50002710F061FE0068EF
:1081A0004946407EC0F1640022E0A08BC5F1640125
:1081B00010FB01F191FBF9F0A083584613F028FB66
:1081C0000546584613F084FB034603200090B4F99B
:1081D0001C102A46584607F01EFCA08301460023C7
:1081E0001EE07A1917B210FB05F292FBF1F215B2FC
:1081F000002DF6D1ADF80070A4F81C80002269466D
:1082000020461AF0F5F941F6FF72BDF900305142EF
:10821000584608F02DF9BDF800100123084401B2BA
:108220000022584615F03EFCA08B002848D1E08B78
:10823000002845D1C6B9584613F0B6FB0546584646
:1082400013F08CFA002D06DC00280DDD002D02DA7B
:1082500001232A4604E0002806DA0123404202B244
:108260000021584615F01EFCBAF1000F19D15846EE
:1082700013F0CEFA0546584613F02AFB002D07DC12
:1082800000280EDD002D03DA01230022294605E037
:10829000002806DA01230022404201B2584615F0B8
:1082A00001FC0A215846019A0FF0ACFC6078800767
:1082B00006D414F8400F20F00F00207044F8148CFE
:1082C000BDE8FC9F7FB50E46040003D10CF016FC00
:1082D00004002CD00CF086FC002828D094F828004C
:1082E000400724D4002506B3ADF80050ADF8025085
:1082F00020460CF01BFC401EADF8040020460CF09C
:108300005BFC401EADF806006A46314602A8FFF746
:1083100028FA00280BD02068017C890708D5DDE900
:108320000001C4E90C01012029E0A4F850517FBDEF
:1083300082690AB102A9904700260AE004EBC6014F
:10834000002202A83031FFF734FA0028EFD1761C62
:10835000B6B2B4F85001B042F0D880B2202804D2AE
:1083600004EBC00002A9303004E0A4F8505104F13D
:10837000300069460BF03AF8B4F85001401CA4F8FC
:10838000500160680028D2D017F0E4FF7FBD70B5BF
:10839000054600F012F804460CE02146284600F09D
:1083A00010F806462146284600F094F8204611F0C1
:1083B00015FF3446002CF0D170BD002800D0406875
:1083C00070470068091D4058704700684058704762
:1083D000002800D08068704700224260C91C21F04C
:1083E000030182600160704770B504460068083080
:1083F00011F068FE050013D001460022204618F057
:108400001DFF29462046626818F012FF616819B105
:108410002A46204618F012FF6560A06800B9A560E2
:10842000284670BD2DE9F0410C4606000AD04CB13B
:10843000FFF7C3FFA04208D13046FFF7D5FF051E66
:1084400001D01EE00020BDE8F0813068083011F056
:1084500039FE051EF7D030682A460759304639469E
:1084600018F0E6FE3A462946304618F0E7FE2A465E
:108470002146304618F0E2FE22462946304618F0E2
:10848000D7FE2846DFE770B504460068083011F0D3
:1084900019FE050013D001460022204618F0C8FE40
:1084A00029462046A26818F0C9FEA16819B12A46DB
:1084B000204618F0BDFEA560606800B965602846DA
:1084C00070BD28B1416809B9806808B100207047C3
:1084D0000120704770B504000DD0FFF76EFF002239
:1084E0008842204608D1FFF76CFF6060011E01D072
:1084F00000221EE0A26070BDFFF76AFF884220687C
:1085000008440AD10168A16029B12046BDE8704045
:10851000002218F08DBE626070BD05682046FFF72E
:1085200050FF064602462946204618F081FE2A469C
:1085300031462046BDE8704018F080BE10B50446B4
:10854000006882680AB121469047206800680028C8
:1085500001D02060F5E710BD8068002801D0B0F997
:10856000160070478068002801D0807E800970471F
:1085700070B5164605460C4651EA06001AD0284644
:1085800012F008FAA86801233246018A21440182C8
:10859000A868418A314441822146284614F00AFDE8
:1085A00000220B2128460FF02DFB012803D128467D
:1085B00014F059FC012070BD77B581B00E4605005E
:1085C00017D0622213F07AFF040012D0206880B125
:1085D00028463146632213F071FF10F0FF0208D0E5
:1085E00023682046039998470090BDF80000ADF835
:1085F0000C00039804B070BD2DE9F047074692B017
:10860000408C1A9E40F00800788490463A8499463F
:108610008A463289384613F051FF0546A7F8209064
:1086200032895146384613F049FF0446788CA542FA
:1086300020F00800788403D12904B1EB044F68D0FE
:10864000A7F8208032895146384613F037FF054697
:108650008046A7F820905146384609F043F9318901
:1086600000682A4616F0CEFE30890B2823D147F643
:10867000FF794D4501D04C451DD1384614F0EBF83B
:1086800000EBD0704510384613F01BF800EBD070AB
:108690004010C84506D1691C431C994200DA00E02D
:1086A000194688464C4506D1691C421C914201DAA4
:1086B0006C1C00E014461948FFF796FE05002BD00D
:1086C0002F60C5E903843089A8806846C5F808A0F2
:1086D0000AF092F91248FF21CDE9005011480290AA
:1086E0001148039000200890CDE9090130880B90D3
:1086F00070889DF8421040420C90F068079000206E
:1087000060F300018DF842103069069068460AF067
:10871000CFF912B0BDE8F087FEE700006485FF1FC7
:10872000A93D0200A93F0200053F020014210148B3
:10873000FFF752BE6485FF1F2DE9F84F00259046D4
:10874000894606462C460427E5E000BFF16807EBA2
:10875000C400085882017AD480B230EA090211D0EC
:108760005FF0000230EA08000ED0002082426ED096
:1087700051F834A06A461021504616F0DCFB002860
:1087800071D103E00122EDE70120EFE76A461121F4
:10879000504616F0D0FB002865D16A46122150469B
:1087A00016F0C9FB00285ED16A461321504616F028
:1087B000C2FB002857D16A461521504616F0BBFB74
:1087C000002850D16A461421504616F0B4FBE8BB8D
:1087D0006A460A21504616F0AEFBB8BB6A466B21CA
:1087E000504616F0A8FB88BB6A466C21504616F02E
:1087F000A2FB58BB6A460121504616F09CFB28BBE1
:108800006A460421504616F096FBF8B96A460221E2
:10881000504616F090FBC8B96A460321504616F040
:108820008AFB98B96A460521504616F084FB68B960
:108830006A460621504616F07EFB38B96A46322158
:10884000504616F078FB08B96A4601E00BE061E09B
:108850006E21504616F06FFB28B96A466D215046CE
:1088600016F069FB10B10320BDE8F88F6A46692154
:10887000504616F060FBE8BB6A466A21504616F087
:108880005AFBB8BB6A466E21504616F054FB88BBB3
:108890006A466D21504616F04EFB58BB6A4637219A
:1088A000504616F048FB28BB6A463821504616F061
:1088B00042FBF8B96A463521504616F03CFBC8B970
:1088C0006A464021504616F036FB98B96A46452163
:1088D000504616F030FB68B96A464121504616F002
:1088E0002AFB38B96A464221504616F024FB08B9E3
:1088F0006A4600E00AE04321504616F01CFB28B906
:108900006A464921504616F016FB08B1022501E0DF
:1089100005B90125641C708CC0F30510A0423FF618
:1089200015AF2846A0E700000148406870470000E6
:108930005880FF1F0448002141600161C1608160CF
:108940000160416170470000F883FF1FC0F304100D
:10895000072800D907207047A0F57F41FF3905D0CF
:10896000002804D0712803D208490AE01F2070476C
:108970000749713880B2096829B1064A52689042A5
:1089800001D2085C7047002070470000C05A020006
:10899000C080FF1FD480FF1F10B518210348FFF7C8
:1089A0001BFD03490120087010BD00001085FF1F4A
:1089B000DC80FF1F2DE9F04190460C46050015D0E4
:1089C000F7F7EFFC0A4F06462146BA68284690475B
:1089D0000446BA682819414690470146701A03E0D8
:1089E0006218AA5C2A55641CA042F9D2BDE8F08145
:1089F000F080FF1F2DE9F041094D90460E466A6850
:108A00001C46074619469047306020B120686A68C6
:108A1000384400219047C8F80000BDE8F08100000C
:108A2000F080FF1F2DE9F04F87B08A46DDE910582E
:108A30001F4693460446002105B129805CB1207889
:108A4000002809D0BAF1000F05D0002618F0060F53
:108A500015D0002004E0002007B0BDE8F08F401CD6
:108A6000215C0A2904D00D2902D00029F7D100E0A9
:108A7000401C002DF0D04FF0FF312980ECE75FEA79
:108A8000887001D541F6FF77894608468DF81410A5
:108A9000049127E00498CDF8189068B34FF0000CCB
:108AA00005AA06ABCDF80CC0CDF80080CDE90132A7
:108AB00020443B465A46514617F086FD06997A1ADD
:108AC000314417B20EB288B1049901440491207860
:108AD0000A280BD00D2809D0605C0A280FD00D2879
:108AE0000DD00846205C08B1002FD3DC049848B1B3
:108AF00005B12E800498AFE74FF0010CD0E7481C79
:108B00000490F3E7064A04A9204652689047002DD6
:108B1000F0D00146002250460FF0C2F906B2E8E755
:108B2000F080FF1F2DE9F0411746884606001ED051
:108B3000002F1CD0F7F735FC04463846F7F731FC18
:108B4000050014D00B4A2C444146926830469047A9
:108B5000411903E0621BB25C3255641EA142F9D98F
:108B600030442A463946BDE8F04111F007BCBDE863
:108B7000F0810000F080FF1F00230278232902D03B
:108B8000012A0DD00FE02AB10021012A04D0022AC7
:108B900004D008E0012101E0017004E0017001E06F
:108BA000202902D00123184670470221F6E72DE95B
:108BB000F0410E468046024600213346084617F033
:108BC00041FF04460027401C11F07CFA050008D044
:108BD0002F5533464246611C17F034FF2846BDE846
:108BE000F081FEE72DE9F0471E4614460D46824609
:108BF000DDF8209015E000BF4FEA540808FB065747
:108C0000394650464A469047002808DD44F30000A4
:108C1000C0EB540407EB0605A4F1010401E005DAFA
:108C20004446002CE8D12046BDE8F0873846FBE7F3
:108C30002DE9FC5F9B460CAB8A468146DDE911605D
:108C400093E81210DDE90F575FEA80784FF03003A8
:108C50001AD45EB15FEAC07808D000F00C0858EA78
:108C60000C0803D0761E01E00B55641CBC4204D2F4
:108C7000202CF9D301E00B55641C5FEAC07803D0C7
:108C8000B44201D2202CF6D35FEAC06825D55FEA52
:108C900040580AD44CB1BC4201D0B44205D1641E44
:108CA00003D0102D03D1641E04E0102D02D0022D3C
:108CB0000AD00EE0850603D4202C1ED2782506E0CB
:108CC000202C1AD2582502E0202C16D262250D55F0
:108CD000641C202C11D20B55641C202C0DD2BCF12D
:108CE000000F01D02D2306E0430701D52B2302E01E
:108CF000030702D520230B55641CCDE900BAC846F2
:108D0000154681468B46AA46800714D1274607E0C0
:108D10002A46DDE900316D1C2020C446E0477F1C57
:108D2000B742F5D307E02A466D1C641EDDE9003129
:108D30001BF80400C047002CF5D15FEA897006D407
:108D400009E02A46DDE900316D1C2020C047A5EB73
:108D50000A00B042F5D32846BDE8FC9F2DE9F04F4C
:108D60008FB099468B46DDE91818DDE91C63DDE913
:108D70001A4792468646002209B923F01003580587
:108D800007AD00D5C9B1B1FBF4F004FB1010C0B2BF
:108D90000A2801D2303009E05FEA836C02D54FF037
:108DA000410C01E04FF0610C60440A38B1FBF4F172
:108DB000A854521C09B1202AE5D3CDF80880CDE98A
:108DC0000563CDE90052CDE903474B46524659466B
:108DD0007046FFF72DFF0FB0BDE8F08F2DE9FF4F74
:108DE0008FB01CACDDE9239594E8030820AC94E82F
:108DF000C004002450EA010201D125F010056A05E3
:108E00000DF11C0802D550EA010217D032463B464C
:108E1000F7F772FAD2B20A2A01D2303206E0AB0674
:108E200001D5412300E061231A440A3A08F80420DE
:108E3000641C50EA010201D0202CE7D3CDE9008464
:108E4000CDF808B0CDE90595CDE9036A0FAF97E8F5
:108E50000F00FFF7EDFE13B0BDE8F08F9A4200D28D
:108E600088547047704700002DE9FF4F89B00546D0
:108E70000A9800249246002800D1FE4D8FE1252853
:108E800004D02246641C53460A990BE2491C4FF059
:108E9000000808460C9101782B2919D004DC202900
:108EA00019D0232904D119E02D290ED0302909D059
:108EB0000026C8B2FEF78DFBB0B10CA8FEF772FB1E
:108EC00006461FE048F001010AE048F0020107E011
:108ED00048F0040104E048F0080101E048F0100106
:108EE000401C88460C90D6E70C9908782A2809D1AE
:108EF000169840C81690002E02DA48F00208764212
:108F0000491C0C910C984FF0000B01782E2919D1B7
:108F1000401C0C9048F480680078FEF75AFB20B1A2
:108F20000CA8FEF73FFB83460CE00C9A10782A2829
:108F300008D1169901C91691002800DC0020521CA6
:108F400083460C920C9801786C290AD004DC6829BD
:108F50000FD06A2919D128E0742929D07A2914D18F
:108F600026E0401C0C90017848F480786C291CD0D5
:108F70000BE0401C0C90017848F08008682904D16F
:108F800048F04001401C88460C9001460078692852
:108F900022D015DC62281FD00DDC252872D0502885
:108FA0001AD058287FF46DAF16E048F40071E9E755
:108FB00048F48071E6E7632879D06428F2D10BE0A9
:108FC000732875D004DC6F2806D07028EAD103E03E
:108FD000752801D07828E5D178280DD058280BD0F5
:108FE00070280BD0502809D06F2816D0622816D0D0
:108FF0000A2228F0100016E0102207E0487810221C
:1090000048F48878562804D1491C0C9108785828CF
:1090100007D00878502804D006E0082209E0022290
:1090200007E048F0200080460878692803D06428CB
:1090300001D028F00C085FEA485001D528F001085B
:10904000087869281FD064281DD0562864D05FEAAC
:10905000885072D51698CDF818B0C01D0021CDE902
:1090600004210291CDE9076820F007005346F0E89B
:109070000212CDE900121690224628460A99FFF7FF
:10908000ADFE88E009E15FEA885022D5169804AF6A
:10909000C01D20F00703F3E802011693002387E8C0
:1090A0000C08CDE90768002903DA012202E07FE01D
:1090B000A6E00022002302921A461B1A8A4103DB13
:1090C0000022404262EB010153462246CDE90001F5
:1090D000D3E75FEAC85004D5169901C90FE04042B2
:1090E00015E05FEA486003D5169911F8040B06E015
:1090F0005FEA0860F0D5169931F8040B00B21691BA
:10910000CDE9022BCDE90468C10F0028E7DD534605
:109110002246CDE900013AE01699AAEB040201C902
:10912000169141680968009103680A980119284658
:10913000FFF79AFE04442FE0FFE75FEAC8500CD522
:10914000CDE9022BCDE9046816980021534604C8E6
:10915000CDE900211690224619E05FEA486003D568
:10916000169810F8041B08E05FEA0860169803D50B
:1091700030F8041B89B200E002C8169001AF00204D
:10918000009187E80508CDE9046853462246284641
:109190000A99FFF7E3FD04460C98401C0C900C99CB
:1091A000087800287FF46BAE54457DD222467DE0DE
:1091B00001275FEA887006D509E02246641C534601
:1091C00020200A99A84738467F1CB042F5D316984C
:1091D0002246641C10F804CB1690534660460A9948
:1091E000A8475FEA887006D4D6E72246641C534637
:1091F00020200A99A84738467F1CB042F5D3CBE718
:10920000169850F8049B16904B46BBF1000001D015
:10921000014601E04FF0FF31484600E0401C027873
:109220000AB1491EFAD2C71A5FEA485003D5584618
:109230005F4500D307465FEA887006D511E02246F5
:10924000641C534620200A99A84738467F1CB04228
:10925000F5D306E0224609F10109641C53460A9938
:10926000A84799F8000040B15FEA4851F2D5BBF138
:10927000010B01E0658E0000ECD25FEA887006D435
:109280008AE72246641C534620200A99A84738469C
:109290007F1CB042F5D37FE706E02246641C5346AC
:1092A00025200A99A84777E7AAF101025346002032
:1092B0000A99A8470DB02046BDE8F08F10B502000E
:1092C0004FF000000CD04B1E194200D0FEE70A44BC
:1092D000521E9A43B2F5803F02D20C2A01D91046A1
:1092E00010BD0C2010BD08444A1E401E9043114280
:1092F00000D0FEE7704700002DE9F0410F46012144
:109300000025044641862E460BE01B49F7F750F82E
:1093100010B16D1CADB202E0608E401C6086761C00
:10932000B6B257F8260010B101780029EDD1208E91
:10933000A8421ED0A06A002610B110F04FFFA6620E
:10934000E06A10B110F04AFFE662E80010F0BAFEE1
:10935000A06238B1680010F0B5FEE06218B1A16AF1
:1093600011B102E0FEE7FEE70025690011F044F8C4
:109370002586BDE8F0810000B03D01002DE9F84FE1
:109380008146407A0F4600F00700022819D01046A7
:109390008046974200DD3A46164603202A4C2B4A67
:1093A00000EB460020F00305A06811681035411A53
:1093B000636805EB010C9C4505D2416821F0004132
:1093C00024E00846E4E79D4219D892464FF0FF3B5F
:1093D00048196168884210D9002269461C48CDF8B6
:1093E00000B008F053FF002269461A4808F04EFF0B
:1093F000A168DAF80000091AEAE7A068DDE7284664
:1094000010F060FEC0B1416841F0004188EA670297
:10941000416089EA02010160416801F04041491C54
:1094200031F0804141608681A0F80E8005D500F1C1
:1094300010018160BDE8F88FFEE7A16801F110021C
:1094400029448260A160F5E76080FF1FBC80FF1F98
:1094500041020100ED22010010B5084C01202070EE
:109460000748FEF7AAFF0028A06803D0BDE8104017
:1094700016F070BFBDE8104016F060BF9480FF1F6B
:109480004085FF1F10B5044690F84200A16B82078B
:1094900009D4B4F840204AB1A2F57F43FF3B1BD06A
:1094A000521EA4F84020B4F84020AAB909B182079E
:1094B00012D521461448FFF70DF8FFF7CDFFE168FC
:1094C00009B120468847216909B1204688472046CE
:1094D000BDE8104010F082BEE26B524222630029C8
:1094E00011D0820702D4626B524222634210521C96
:1094F00062F3410084F84200A26A206A2262A062FC
:10950000E06AE162A06310BD4085FF1F70B5304D79
:10951000686816F024FE0646687880F001006870DE
:1095200047E00020287094F842006978C0F3800278
:109530008A4242D061F3820084F84200216B8A198A
:10954000030719D4002917DC002A15DBC00709D14D
:10955000616939B120468847216A01442162A16AC4
:109560000844A062A16809B12046884794F84200E7
:1095700040F0080084F84200206B8019206316D464
:10958000E16A884200DD2163E1692046884701469F
:10959000606A884204D0616262680AB120689047BC
:1095A000D4E90B01814202DB2046FFF76BFF2878EC
:1095B00018B10848FEF701FF03E021460548FEF711
:1095C00000FF0400ADD116F0D1FD686070BD000051
:1095D0009480FF1F4085FF1F70B5044640680D460C
:1095E00008B1FFF7F9FF2268002A04D02946204677
:1095F000BDE87040104770BD2DE9FF4F99B0984607
:10960000DDE926B12D9816468A464FF00009042858
:1096100011D0052811D0062812D0142870D10127A6
:109620000225002418FB06F00E901A98401E0D909B
:10963000701E069051E10027F2E701270325F0E7AD
:1096400001270225FFF770F90068D0F83890E8E7A5
:10965000289860430BEB2022299860430AEB2021D5
:1096600010124FEA212E7DD41A9B98427ADABEF16D
:10967000000F77DBB64575DAD2B2CBB2802A05DAB5
:10968000C2F17F024FF0FF31520003E0012152008E
:10969000A2F580720992802B05DAC3F17F034FF0A7
:1096A000FF325B0003E001225B00A3F580730A93A5
:1096B0000EFB080C199B0CFB053307934318119301
:1096C00072D4DDF834C063456EDC1EEB02036BD44C
:1096D000DDF818C0634567DCDDF81CC011FB05C16F
:1096E000CDE915C112FB08F101FB05C10C91D7B3FF
:1096F0002D99052905D014290BD0062955D066E0EF
:10970000EFE01598807807900C988178169880780B
:1097100010E0199A0E990EFB08FC02EB41010A18A1
:109720000EFB08111CF802000790119803FB08F3C8
:10973000085C995C079A91420AD00A9A11FB02F2DE
:109740000A99C1F58073079911FB0321C1F3072121
:10975000079A90420DD0099A10FB02F20998C0F5C1
:10976000807301E02FE035E0079810FB0320C0F381
:10977000072008442C994008085527D015980178EF
:10978000407801EB0020ADF80C000C98017840788F
:1097900001EB0020ADF8100016980178407801EB3D
:1097A0000020ADF8080023E04CE0159801881FFA6E
:1097B00089F0814207D00C990988814203D016991B
:1097C0000988814203D12C990020085583E0FF21AC
:1097D0000846CEE715980088ADF80C00169800886A
:1097E000ADF808000888ADF810002C98FF2101554D
:1097F000BDF80C00BDF81010884209D1BDF8081062
:10980000884205D12B98BDF80C1000EB440017E0FE
:109810000A98C2B2DDE903100AF0A8FF0490099883
:10982000C2B2DDE902010AF0A1FF7F220290049991
:109830000AF09CFF00902B98BDF8001000EB44004C
:10984000018048E0079B93F800C05B780CEB032392
:10985000DDF8ACC09BB22CF81430DDF8B4C0BCF11C
:10986000050F06D0BCF1060F06D0BCF1140F09D1CC
:109870000AE0079B9B780FE01FFA89FC634501D142
:10988000002309E0FF2307E0199B0EFB083C0E9B19
:1098900000EB43031CF8033008B9002905DBDDF8B1
:1098A00034C0604503D1002901DD09980AE0BEF10A
:1098B000000F01D1002A04DB06998E4508D1002A49
:1098C00006DD0A98C0F1FF0010FB03F0010A00E07A
:1098D00000212C980155641C24B22A988442FFF67A
:1098E000B7AE1DB0BDE8F08F10B5818F92B00446C1
:1098F000A9B1684609F080F80B480121CDE9004084
:10990000A08F0B9000200890CDE90901074807902F
:1099100007480390684609F0CBF812B010BD12B0AA
:10992000BDE8104017F0D6BD4D150200852A010094
:109930004F1502002DE9F047C468D4F800A015F0D7
:1099400045F812F088FF064615F040F811F0B9FE10
:109950000546504612F07FFF8146504611F0B1FE99
:109960000746504612F07DFF8046504612F095FFA4
:1099700002466068A36800EB080109B21A44A6EB2E
:10998000090612B28E4201DC31B202E0002902DC8B
:10999000002140426060E81B904201DC02B202E01C
:1099A000002A02DC00225842A0605046BDE8F04781
:1099B00014F08EBA10B50446406882080AD049688F
:1099C00021F00301091D08446060204600F042F8C0
:1099D000204610BDFEE74068103120F003008842A9
:1099E00001D301207047002070472DE9FC47054650
:1099F00048680C4620F0030001AA694617F0DAFB1C
:109A0000DDE9007005EBC71101EB80098046D9F84C
:109A10003C0060B164B1C4E9020504F10806C46009
:109A200030460421FFF75FFC864202D0FEE7FEE7E6
:109A3000FEE7C9F83C400120296900FA07F211430A
:109A4000296105EB870100FA08F04A6902434A617F
:109A5000BDE8FC8710B5044600F087F8046010BD2F
:109A60002DE9FC4706464FF000000D000090074628
:109A7000019042D00C46E9460DF10408802907D335
:109A800008461AF089F9411F01208840401E04440D
:109A900042464946204617F08DFB009C0A2C2CDAE2
:109AA00006EB8400019A40694FF0FF3101FA02F29F
:109AB00010400CD1641C3069A14008401DD01AF040
:109AC00063F90446009006EB8000406978B11AF013
:109AD0005BF9034606EBC411019001EB8000C76BF4
:109AE0005FB1786820F00300A84201D2FEE7FEE7EC
:109AF00039463046009A18F093FB3846BDE8FC879B
:109B000010B50446FFF7A6FF416841F0020141602D
:109B1000606840F00100606010BD10B5044600F0C0
:109B200024F8416821F002014160606820F00100E2
:109B3000606010BD70B506460D46084600F015F889
:109B4000040010D02079C0070BD0686880080BD0C3
:109B50002146304600F03CF821462846FFF72AFF10
:109B60000546284670BDFEE7FEE7426800F10801A1
:109B700022F00300001F0844910800D1FEE770475F
:109B800070B506460C004FF000001ED0F2B12079EF
:109B90001546C0071BD011462046FFF71CFF78B1C1
:109BA0002946204600F025F805462046FFF752FFDB
:109BB0006868294640F0020068603046FFF715FFEC
:109BC0002046FFF7AAFF04F1080070BDFEE7FEE79C
:109BD0007CB5054648680C4620F0030001AA69469A
:109BE00017F0E8FADDE900232146284618F018FBB3
:109BF0007CBD2DE9F0410D46044600F10801281F07
:109C00000E18606806F1080720F00300401BA0F161
:109C1000040838460421FFF766FB874200D0FEE7C0
:109C2000606820F0030108EB0500001D814200D0B0
:109C3000FEE7307900F0030040EA0800706020F091
:109C400003000C2800D2FEE7207900F0030028432F
:109C500060603046FFF754FF3046BDE8F08138B50C
:109C600004460FF0FDF805460FF02FF900282046B6
:109C700005D0218FE18613F0F6F8012038BD0DF0F4
:109C8000D7FD002820461ED00DF0B4FC218FE08EB9
:109C900081420CD02087E08E00906A461C2120462D
:109CA0000DF0B0FF0128E9D1204613F0DCF828467A
:109CB0000FF017F90428E0D1204611F0FDFC002137
:109CC0000EF08EFCD9E70DF00FFED6E7002804D089
:109CD000072902D200EB8100C260704770B50446CC
:109CE0000079A1688847E1784A0702D02288521C8F
:109CF0002280B0EBD11F0CD04FF0005202EBB1111B
:109D00004FEAB161C1F3C202E170032A04D360F3E8
:109D1000C71121F03800E070E078002500F007015D
:109D2000052973D2DFE801F0031D3D7C9A00C0F3E2
:109D30008011B1EBD01FA07820F0F0000ED1A07000
:109D4000E16809B1204688472580A07820F00F00FF
:109D5000401CA070E0787DE0E07070BD8030A070A5
:109D600070BDC0F38011B1EBD01F09D0A07820F0F6
:109D7000F0001030A0702169B1B32046884760E040
:109D80002088C828ECD9A07820F0F0005030A070CE
:109D9000216A09B120468847E07820F00700001DBD
:109DA000DAE7C0F38011B1EBD01F1ED1A07820F00C
:109DB000F000A070E16809B120468847A07800F063
:109DC0000F010F2906D24FF0805101EB30104FEAFE
:109DD0003070A070616909B1204688472580E0781D
:109DE00020F00700C01CB7E72BE020883C28B7D93B
:109DF000A07800F00F01012902D0022907D044E029
:109E000020F0F0003030A070A16905E03EE020F0C5
:109E1000F0004030A070E16991B32046884734E0FB
:109E2000C0F38011B1EBD01F11D0A07820F0F0006A
:109E30001030A070216909B12046884720883C284D
:109E400023D22580E07820F00700801C84E7218859
:109E50003C2985D920F00700401C7DE7C0F3801124
:109E6000B1EBD01FA07820F0F0000AD16030A070D4
:109E7000616A00293FF474AF2046BDE8704008478E
:109E800003E01030A0702169C6E7E07820F00700F9
:109E900062E72DE9F0411E4615460F46040014D036
:109EA000002F12D02C21F6F771FAA07820F0F000E4
:109EB0008030A070A760E0784DB120F0800065F39D
:109EC0008610267120F00700E070BDE8F08140F0B8
:109ED0008000F4E718B1094B19680A4608E06FF0F2
:109EE00001007047814202D14FF0FF307047896A0C
:109EF0000029F7D182621860002070472880FF1F78
:109F0000054810B5046803E02046FFF7E7FEA46AA1
:109F1000002CF9D110BD00002880FF1F2DE9F04F63
:109F20000D4687B00446002111F018FB60B32946A6
:109F3000204600F061FA2946204600F06FF8002123
:109F4000204612F0DDF905900021204612F068FA53
:109F500004900021204612F0BCF8012800D0002017
:109F600080460021204612F0B1FB07460021204622
:109F700012F012F942F2D17906464F450BD1608CAE
:109F8000000508D4012707E007B02846BDE8F04FD8
:109F90001C2110F031BA0027204611F03EFBDFF8FB
:109FA00078A0834620460021BAF8042012F086FAF1
:109FB000D5F810C0AB682968CDF800C0CDF80C808A
:109FC000CDE90131C2B239465846059B07F0FCFC89
:109FD00028834E4504D1608C400501D4012600E061
:109FE0000026204611F0FFFA074620460021BAF865
:109FF000082012F063FAC2B2686900246B68E9684D
:10A000008DE81B0031463846049B07F0DDFC688371
:10A0100007B0BDE8F08F00003C81FF1F2DE9F34F32
:10A0200081B00C46019806F0F3FF0646019811F046
:10A03000F4FA8246304600F0ABFF2061400010F099
:10A040006FF820602069400010F06AF8002541F6A2
:10A050009A79A0603AE036F91510DFF82081494579
:10A0600033D10027DFF818B11FE03946019811F00D
:10A0700075FA5946009012F03EFCA8B9009806F017
:10A08000D9FF012810D1009806F0CAFFA8420BD1D1
:10A09000009812F0E0FB4146404501DA084602E034
:10A0A000009812F0D8FB80467F1C019811F068FAE6
:10A0B000B842DAD8B8F1000F03DBA16821F81580A7
:10A0C00003E0A168002021F815006D1C2069A8425A
:10A0D000C1D800252F46284641F69B784B4615E00F
:10A0E00036F91010414504DB0D44A5F5F8559B3DAC
:10A0F0000BE0994204D1A16831F81010394403E013
:10A10000A26822F8101039440FB2401C2169814224
:10A11000E6D80021019812F0F3F82169C1F101029B
:10A1200000FB02A0C01B00B2002800DA00200022C1
:10A130004FF0FF331146C44611E000BF36F91170ED
:10A1400067450BDBA7F5F8579B3F3AB210FB02F3CC
:10A15000B3FBF5F3A76827F811300B46491C2769B4
:10A160008F42EBD8002B07DBA91A4143B1FBF5F175
:10A17000401AA16821F81300BDE8FE8F01E0FFFF3F
:10A18000010006002DE9F14F00221146009813F05E
:10A19000CBFD0021009811F0C3FF04460021009878
:10A1A00012F04AF920440FFA80F90021009812F0C9
:10A1B0005FF820440FFA80F8009811F039FF00EBA7
:10A1C000090101EB0800DFF898A006B25446009898
:10A1D00011F0D6F9074600252AE000982149806849
:10A1E000006850F82500834612F085FBF8B9584600
:10A1F00012F092FE40BB0021584611F03DFF18B30B
:10A20000012821D002281FD003281DD00021584644
:10A2100012F068FA58B9BBF81A10BBF81600081A01
:10A22000401C00B24844A04200DB044624B26D1C2E
:10A23000BD42D2D3544504D004EB080000B2B04272
:10A2400000DC3046BDE8F88F0098BBF91A10B0F971
:10A250001600081A411CA142E8DB0C46E6E70000A4
:10A2600001E0FFFF010004002DE9F84F00228046C5
:10A27000114613F043FD0021404611F051FF044602
:10A280000021404612F08AF820440FFA80FA00219B
:10A29000404612F041F820440FFA80F9404611F090
:10A2A000D5FE00EB090101EB0A00DFF844B105B26D
:10A2B0005C46404611F064F907460021404611F023
:10A2C000EAFE01284FF0000644D078E0D8F80800F4
:10A2D0004849006850F82600009012F00CFBC0BB03
:10A2E000009812F019FE50B10098B8F91810B0F9A2
:10A2F0001400091A481CA0422ADB4C1C28E000214B
:10A30000009811F0B9FE58B1032809D0062807D0EB
:10A31000082805D00021009812F0DEF958B118E0A5
:10A320000098B8F91810B0F91400081A411CA1429D
:10A330000EDB0C460CE000981430009009F0C7F8D2
:10A340005044A04204DB009809F0C1F800EB0A0475
:10A3500024B2761CBE42B9D35C453BD004EB090065
:10A3600033E000BFD8F808002249006850F8260002
:10A37000009012F0C0FA08BB009812F0CDFD60BB4F
:10A380000021009811F078FE38B3012825D0042868
:10A3900023D0072821D00021009812F0A3F968B932
:10A3A00000981430009009F092F84844A04204DB71
:10A3B000009809F08CF800EB090424B2761CBE4228
:10A3C000D0D35C4506D004EB0A0000B2584501D05A
:10A3D000A84200DC2846BDE8F88F0098B0F91810B4
:10A3E000B8F91400091A481CA042E6DB4C1CE4E74B
:10A3F00001E0FFFF010004002DE9F84F0C46834601
:10A4000007F07AF9064600F0C3FD606140000FF0E6
:10A4100087FE6060606940000FF082FE002541F613
:10A420009A79E0603AE036F91500DFF8288148456E
:10A4300033D10027DFF820A11FE03946584611F03C
:10A440008DF85146009012F056FAA8B9009807F01E
:10A45000DFF9012810D1009807F0D0F9A8420BD1FC
:10A46000009811F02EF94146404501DA084602E015
:10A47000009811F026F980467F1C584611F080F8AC
:10A48000B842DAD8B8F1000F03DBE16821F8158093
:10A4900003E0E168002021F815006D1C6069A84206
:10A4A000C1D800252F46284641F69B784B4615E03B
:10A4B00036F91010414504DB0D44A5F5F8559B3DD8
:10A4C0000BE0994204D1E16831F81010394403E0FF
:10A4D000E26822F8101039440FB2401C61698142D1
:10A4E000E6D80021584611F09BFF8146584611F0EE
:10A4F0007AF801466069C0F1010209FB0210C01B35
:10A5000000B2002800DA002000224FF0FF3311468D
:10A51000C44610E036F9117067450BDBA7F5F85714
:10A520009B3F3AB210FB02F3B3FBF5F3E76827F861
:10A5300011300B46491C67698F42EBD8002B07DBB3
:10A54000A91A4143B1FBF5F1401AE16821F8130063
:10A55000BDE8F88F01E0FFFF010006001CB50B8885
:10A5600004892344ADF800304B8844892344ADF876
:10A5700002308B8804892344ADF80430C9884389AC
:10A580001944ADF806104369694698471CBD0000A0
:10A590002DE9FF4F89B0C8781A9CC0070D460028E6
:10A5A00001D0F84800E0F848069001D0F74800E0F4
:10A5B000F748049001D1F54800E0F5484FF010034A
:10A5C0004FF00C0E4FF0080BCDF814006188A288F4
:10A5D0004FF0000AA1EB0201504609B25246D4F8EE
:10A5E00010C00FE002EB8207E66803EB870816F85D
:10A5F00008805FEAC87809D00BEB8707F65B891BF8
:10A6000009B2521C9445EDD8002254E00EEB8707A6
:10A61000F65B304400B2F4E7E66802EB820703EB36
:10A62000870CB146CDF820C016F80C60F60741D172
:10A63000002872D091FBF0F80EEB8706079639F8E8
:10A64000066006FB08F60FFA86FCCDF800C04FF056
:10A65000060C0CEB870C042639F90C8006EB8706F8
:10A66000DDF800C039F90660E04500DCC446664507
:10A6700004DC009EC446B04500DC6646DDF800C040
:10A680000196664506D0DDF820C04FF00108C246AD
:10A6900049F80C80D4F80C80019E0BEB870728F852
:10A6A0000760D4F80CC0079F3CF80770C01B891BDB
:10A6B00000B209B2521C26699642ADD8BAF1000F19
:10A6C00084D10021099811F0FEFC012826D0002732
:10A6D0000020ADF80800ADF80C0003A902A8CDE9F0
:10A6E00000012089B4F9022003B22878189916F0E5
:10A6F0003EFEE878384207D0099810F08EFFBDF88A
:10A7000008100844ADF808000B99099810F026FFCE
:10A7100006464FF4FA682AE1FFE7FEE70127D7E78C
:10A720009C49304612F0E7F800286FD100213046EE
:10A7300011F01CFDF0B34FF00009484621690FE00D
:10A74000E26800EB800352F82320B24207D1E168AF
:10A7500000EB80020BEB820031F9009002E0401C1C
:10A760008142EDD8E878C007708C04D020F4806076
:10A7700040F4006003E020F4006040F480607084E6
:10A7800006F11400049982468847484528D030468F
:10A7900012F069FBB08AADF80000F08AADF8020053
:10A7A000308BADF80400708BADF80600494650467A
:10A7B000069A00E010E090476A46292130460DF0E5
:10A7C00021FA304610F0BEFF324622210DF01AFA6F
:10A7D000304612F048FB03E0708C20F44060708437
:10A7E000002000906878012811D0022817D105991F
:10A7F00006F114008847B4F90010491C21F001014A
:10A80000081A00EBD07040F34F0007E0A7E005996D
:10A8100006F1140088472188081A00B20090E878F1
:10A82000384208D0049906F114008847BDF8081092
:10A83000081AADF80800304600216B2211F03EFEE8
:10A840000FFA80F9304600216C2211F037FE0FFA22
:10A8500080FA304611F0FFFF0190304610F031FFD2
:10A860000146C9F3413001280FD129F4C0404045C9
:10A870000BDCB0F57A7F01DDC0F57A70019A5043A8
:10A88000642290FBF2F00FFA80F9CAF341300128FC
:10A890000ED12AF4C04040450ADCB0F57A7F01DDD4
:10A8A000C0F57A704843642190FBF1F00FFA80FA0A
:10A8B000B18A1698F28A411A01EB0900179900B281
:10A8C0008A1A02EB0A01EA7809B2D207002A02D0FA
:10A8D000BDF9082000E0009A10440FFA80FA01D078
:10A8E000009801E0BDF9080008440FFA80F95AEA1F
:10A8F00009011BD0304612F0B6FAB18A01EB0A000A
:10A90000B082318B01EB0A003083F18A01EB090040
:10A91000F082718B01EB09007083304612F0A3FACC
:10A9200000234A465146304612F044FBE87838424C
:10A930000CD1049906F11400884719990844BDF810
:10A940000C100844BDF80810084406E0BDF80C10CF
:10A9500019980844BDF80810081AADF80800E878FE
:10A960000BAAC0F38001099806F08CFD0646002E64
:10A9700004D0DDE90B0188427FF4D2AE0DB0BDE812
:10A98000F08F0000573501004D350100FF34010004
:10A99000A7340100010006002DE9F04F91B00E0030
:10A9A00005463FD02E83286808B10FF017FC06EB50
:10A9B0004600062101EB40000FF084FB286040B305
:10A9C000022101EB46010144E960042101EB86010B
:10A9D0000144C5E9010101210024012E1AD0F00033
:10A9E00008300FF09DFB814600EB860000F1040863
:10A9F000B00000B2A346ADF81000C0F10102801013
:10AA0000ADF812B00FFA82FA5C46CDF828B0069085
:10AA1000ABE0FEE7B4220270E8680480E868418099
:10AA2000A868048011B0BDE8F08F0027BDF812209F
:10AA3000BAF1000F07DC032101EB42010AEB010030
:10AA40000FFA80FA0CE0BDF810100523521A03EB40
:10AA5000420202EB0A00491E0FFA80FAADF810100C
:10AA6000BDF81200401CADF8120004A800F0E9F88F
:10AA700068B1BDF9100006A9821041F827200AA983
:10AA800000F0030041F827007F1C042FCEDB042FC9
:10AA900071D109990698884212D129F8140028F832
:10AAA00014B0DDE90A010144DDE90C20104408443A
:10AAB00069680855696800010855641C24B252E0B1
:10AAC0000799884219D029F8140028F814B06A6848
:10AAD0000A9810556A6800011055641C069A20B245
:10AAE000521E29F8102028F810B0DDE90B120A4494
:10AAF0000D99091D11446A682FE0089929F814007E
:10AB0000884228F814B0DDE90A025946104412D0F0
:10AB10006A6810556A6800011055641C069A20B2D4
:10AB2000521E29F8102028F81010DDE90C121144EB
:10AB300008316A6811E00C9A10446A6810556A6816
:10AB400000011055641C069A20B2521E29F81020EC
:10AB500028F810100D996A680C3111546A680901BF
:10AB60001154401C04B20BF1010B04A800F069F869
:10AB700000287FF45AAF40F2D32016FB00F109EB16
:10AB80004402881232F9022C824205D108EB4402B9
:10AB900032F9022C82421AD0A1EB8021B1F5007F5C
:10ABA00003DC494341F3CF3106E0C1F580614943FD
:10ABB00041F3CF31C1F10F0129F8140028F8140036
:10ABC00068680155686809010155641C24B2A01E1B
:10ABD0000EE000BF38F8102029F8142039F81020B2
:10ABE00028F8142069680A5C0A55641C24B2401EC7
:10ABF0000028EFDAEA680021084611801BE0EA68C5
:10AC000022F81100AB6839F8102023F811200AE06F
:10AC1000AE6839F9102036F81130934200DA1A463E
:10AC200026F81120401C38F910208A4201D1A04298
:10AC3000EEDB491C09B2A042E1DB48460FF0BCFA4A
:10AC4000F0E6B0F90210B0F90000814201DC012009
:10AC500070470020704717B581B0022A03D8BDF8AD
:10AC6000080004B010BDBDF80830BDF80400C3F3FF
:10AC7000C401C0F3C40421441F2900D31F2161F380
:10AC8000C7005907890E01EB533100F0070401EBAF
:10AC9000C40101EB5031ADF804003F2900D33F213E
:10ACA000CC0864F3020061F34F30C3F30421C0F316
:10ACB00004231944ADF804001F2900D31F2161F3B8
:10ACC0000C20ADF80400FF2A07D0DDE9010109F0EE
:10ACD00027FD0090BDF80000C3E780B2C1E717B5BB
:10ACE00081B0022A03D8BDF8080004B010BDBDF839
:10ACF0000400BDF80810C0F3C403C1F3C40413FB7F
:10AD000004F35B0963F3C700C0F30423C1F3042415
:10AD100013FB04F35B0963F30C2043079B0E4C0702
:10AD2000A40E03EB503304EB513113FB01F35B0A28
:10AD300063F3020043079B0E03EB503313FB01F157
:10AD4000890961F34F30ADF80400FF2A07D0DDE92F
:10AD5000010109F0E5FC0090BDF80000C5E780B2F4
:10AD6000C3E717B581B0022A03D8BDF8080004B0C4
:10AD700010BDBDF80830BDF80400C3F3C401C0F332
:10AD8000C404091B002900DC002161F3C700590736
:10AD9000890E01EB533100F0070401EBC40101EB14
:10ADA0005031ADF80400002900DC0021CC0864F328
:10ADB000020061F34F30C3F30421C0F30423C91A26
:10ADC000ADF80400002900DC002161F30C20ADF88F
:10ADD0000400FF2A07D0DDE9010109F0A1FC009081
:10ADE000BDF80000C3E780B2C1E72DE9FF4F89B08D
:10ADF0000446169EDDE919577000DDF86090DDF815
:10AE000028A00FFA80FBB9F1040F22D0B9F1060F88
:10AE10001FD0B9F1050F5CD0B9F1140F56D1B4F9B8
:10AE20000000B4F90210CDF80CB006FB01030AEBE8
:10AE300043020092E2884FF00008511A491C0FFAB1
:10AE400081F9A188081A401C0FFA80FA4FEA4A0BD0
:10AE500081E0204608F02DFB0146039038460FF0B4
:10AE6000F9FAB4F90000B4F90280A18806FB0802DF
:10AE7000081A401C00B2069040000AEB420A2E4617
:10AE800002900CE051463046029A0FF0E3F9069822
:10AE900008F10108DA4406EB40060FFA88F8B4F925
:10AEA00006004045EEDAB9F1060F0FD100224EF24E
:10AEB0000700ADF80000114605E035F81130834277
:10AEC00000D17A54491C039B9942F6D30DB0BDE8DA
:10AED000F08FB4F90010B4F9023006FB031000EB58
:10AEE000400202EB0A00A288511A491C0AB2B11AA8
:10AEF00001EB41010EB2E188C91A491C0CB20023D2
:10AF000017E000210DE090F802C007F801C010F82A
:10AF100001CB10F8028B0CEB082C25F811C0491C52
:10AF200009B29142EFDB5B1C05EB4205174430444C
:10AF30001BB2A342E5DBC9E75A46284600990FF049
:10AF400089F90099039805EB4A050844009008F137
:10AF500001000FFA80F8C845EEDBDDE90A014A007E
:10AF60000C9902FB0100B4F90010B4F9022006FBB1
:10AF700002110D18002408E05246294638460FF009
:10AF800069F9641C5744354424B24C45F4DB9DE711
:10AF90000146002041F6FF7200E0401C31F91030FC
:10AFA0009342FAD170471CB5044690F8540000F063
:10AFB000010088422DD094F8540011B140F00100F6
:10AFC00001E020F0010084F8540004F148016846D3
:10AFD00008F054FA606ABDF80010828A1144ADF896
:10AFE0000010BDF80210C08A0844ADF80200606A83
:10AFF000BDF80410808A0844ADF80400606ABDF80A
:10B000000610C08A0844ADF806006946204611F0D3
:10B010004DFF1CBD08B50846114609F08BFA00909B
:10B02000BDF8000008BD2DE9F04F0746C87A89B089
:10B0300015460E46022803D8012009B0BDE8F08F5E
:10B0400018463269B168FCF729FF041EF5D0207D4F
:10B0500000F01F000DF010FB4FF4807808B10620BF
:10B0600011E0207D00F01F000E2806D014280AD021
:10B070000DF0F2FA30B1052005E030884FF00E09EE
:10B0800030B902E00420814606E07088404503D0D4
:10B0900000204FF00509A061226A22B129463846F6
:10B0A00017F009FDB7E0A069E0B3294602A808F04F
:10B0B000A6F9B6F9003013B97088404529D0A888A0
:10B0C00029886A88401A401C01B2E88806F1040CFD
:10B0D000801A401C02B27088CDE9000C02A8FCF76F
:10B0E00027FEBDF8080029880844ADF80800BDF81F
:10B0F0000A1068880844ADF80A00BDF80C002988D9
:10B100000844ADF80C00BDF80E1068880844ADF88E
:10B110000E0002AA04A8B968FCF723FB00287AD025
:10B1200004A800E00DE0D7F80880B860CDF80090E2
:10B130002A4631463846A36909F098FFC7F80880C7
:10B1400069E02A4604A8B968FCF70BFBE0B3BDF838
:10B150001400BDF81010401A401C0FFA80FB0BEBD6
:10B160004B000EF0DDFF039004A901A8D7F808A05A
:10B1700008F045F9012101A808F0E8F9BDF910002F
:10B18000B5F90010BDF91280401A0690B5F9020019
:10B19000A8EB000536E001AA514607A8FCF7E1FA42
:10B1A00070B30398009006985B4601B22AB220461D
:10B1B0000DF032FE01280ED020460DF082FD0398DE
:10B1C0000EF0FAFF204600E025E00DF07AFD0020A9
:10B1D000C7F808A031E707A8B860CDF8009001AA29
:10B1E00031463846039B09F041FFBDF80600401C7C
:10B1F000ADF80600BDF80A00401CADF80A006D1C51
:10B2000008F10108BDF916004045C4DAC7F808A0E6
:10B2100003980EF0D1FF20460DF053FD0CE700001F
:10B2200038B505460C481446007878B188880A88F5
:10B230004B88801A401C82B2C8880094C01A401CF7
:10B2400083B24C8808882146FAF736FB2846BDE8C9
:10B25000384009F04DBC00000C81FF1F2DE9F74F6D
:10B26000C878A0B00C4602287DD9114601A808F084
:10B27000E1F8B4F92000012829DD94F82200FD2826
:10B2800025D3208818B394F82300BDF80410400893
:10B29000C0F380021144ADF80410BDF80610C0F3ED
:10B2A00040000844ADF8060094F82310BDF80800EB
:10B2B0004908C1F3C001401AADF8080094F8231002
:10B2C000BDF80A00C1F34001401AADF80A00209809
:10B2D00001A9826805A8FCF744FA002843D0E07B66
:10B2E00010F0070619D0E088ADF80000BDF80000A6
:10B2F0006189884200D1002601A80AF00DFC0746AA
:10B300001C210EA8F5F742F8A0788DF85100BDF881
:10B310000000ADF840001FB105E060680090E5E76F
:10B32000208800B9EEB3E078FD2800D3FF208346E3
:10B33000BDF80800BDF80410401A401C0FFA80FA4E
:10B34000BDF80A00BDF80610401A401C01B289463B
:10B350005046CA4500DB0846B4F90050B5EB600F13
:10B3600000DB451000E043E0BDF81810BDF8140004
:10B37000081A401C0FFA80F84FF0FF301D90002093
:10B380000790002D00DC87B140460EF0C9FE079003
:10B3900000232A4601A916A80AF02AFE002116A8B1
:10B3A00000E01CE00AF0D8F91D90BDF81400ADF8DB
:10B3B0000C00BDF81800ADF810000798119003A814
:10B3C0000E901390FF208DF850004A465146A01D64
:10B3D0000CF090FF040018D0022E0CD015E001A84C
:10B3E0000E90E0788DF850000EA920980BF0C6F86A
:10B3F00023B0BDE8F08FBDF91410A06800EB410048
:10B40000BDF90410A0EB41000F90002F7DD0BDF9D5
:10B41000165027E02FB2ADF80E70ADF8127042460C
:10B42000594607980EF0B6FFBDF9141043463A4648
:10B4300007980AF033FB8DF84800012802D102205A
:10B440008DF84800012E08D1BDF90610A068691AD0
:10B4500000EB41000088ADF840000EA920980BF0E9
:10B460008DF86D1CBDF91A00A842D3DAB7E000BF11
:10B47000BDF80600BDF9161038440FFA80F9BDF882
:10B480000A00C01B0FFA80FA494503DDBDF91A1006
:10B49000514544DB4246594607980EF07BFFBDF903
:10B4A0000C1043464A4607980AF0F8FA8DF848000F
:10B4B000012802D102208DF84800BDF91610494537
:10B4C00013DCADF80E90ADF81290012E09D1BDF944
:10B4D0000620A168A9EB020001EB40000088ADF84E
:10B4E00040000EA920980BF049F8BDF91A105145FB
:10B4F00015DBADF80EA0ADF812A0012E0BD1BDF9F1
:10B500000600A268AAEB000000E009E002EB4000A0
:10B510000088ADF840000EA920980BF02FF87F1C92
:10B52000AF42A5DBBDF80400ADF87800BDF8080017
:10B53000ADF87C00BDF806002844ADF87A00BDF8EF
:10B540000A00401BADF87E001EA80AF0E5FA074687
:10B5500030430CD001208DF84800BDF90A008DF869
:10B5600050B0A0EB0509BDF90600054435E0BDF873
:10B5700006008DF850B02844ADF80E00BDF80A0062
:10B580000EA9401BADF812000020119020980AF07F
:10B59000F5FF24E06FB14246594607980EF0FAFED7
:10B5A000BDF9141043462AB207980AF077FA8DF8CD
:10B5B0004800ADF80E50ADF81250012E08D1BDF97B
:10B5C0000600A168281A01EB40000088ADF8400091
:10B5D0000EA920980AF0D2FF6D1C4D45DADD0798C0
:10B5E00008B10EF0E9FD1D98401C05D01D980AF029
:10B5F000ABFD16A80AF074FA002C3FF4F9AE204611
:10B600000CF072FEF4E62DE9F0410646086992B0AE
:10B6100015460C4600287DD0A07E02287AD92946FE
:10B620000EA8B268FCF79DF8002873D00EA8D6F8D3
:10B630000880B06020690DF002FC022806D069463F
:10B6400020690DF05FFB012849D0C9E0002741F6D1
:10B65000FF70CDE900700297D4E904123B4610A8B0
:10B6600015F04CF8284607F03EFF01462A88BDF940
:10B67000400001EBD17102EB610100EBD072A1EB54
:10B6800062010844401EADF81000ADF80C102846C9
:10B6900007F0FDFE01466A88BDF9420001EBD17159
:10B6A00002EB610100EBD072A1EB62010844401E85
:10B6B000ADF81200ADF80E1005A809F099FF606909
:10B6C0000590208BADF82000A07E8DF82E0000970D
:10B6D00003AA05A93046236909F0EAFC80E005A821
:10B6E00009F0CCFCA0788DF82000208BADF81C0070
:10B6F000E07E8DF81E00A07E8DF81F00207F4FF0A9
:10B70000FF3740B100996888ADF8060007EB51514A
:10B7100008445DE066E0284607F0E5FE298800EB76
:10B72000D07001EB60000099C1F38A21A0EB5100B9
:10B73000ADF80400284607F0AAFE698800EBD07037
:10B7400001EB60010098A1EB9051C0F38A22ADF8A3
:10B750000610BDF80430521E1A4407EB5050ADF8E5
:10B7600008200844ADF80A0001AA05A9304623695B
:10B7700009F050FC34E000992888C1F38A21ADF823
:10B780000400491E084410E001AA05A930462369B7
:10B7900009F040FC0098BDF80410C0F38A20014471
:10B7A000ADF80410BDF808100844ADF80800BDF964
:10B7B0000400B5F904108842E6DDBDF806100098D3
:10B7C00001EB5051ADF80610BDF80A1001EB5050D6
:10B7D000ADF80A00BDF90600B5F906108842CADDC9
:10B7E000C6F8088012B0BDE8F081F0B5074691F8C0
:10B7F000220087B016460C4602286BD9208C002800
:10B8000068D094F8230010F03E0F63D0C00761D1D8
:10B81000B08831887288401A401C01B2F088B4F9AF
:10B820000050801A401C00B2814200DA0846B5EB95
:10B83000600F00DD4510314604A807F0FBFD94F8C9
:10B840002300BDF91020C0F344014807B4F92000DB
:10B8500001D4284440421044ADF810000807BDF957
:10B860001420B4F9200001D428444042101AADF845
:10B87000140094F82300BDF9121040088007B4F9B1
:10B88000200001D4284440420844ADF8120094F846
:10B890002300BDF916104008C007B4F9200001D1FB
:10B8A00028444042081AADF81600208C281A00B22D
:10B8B000002800DA0020A27894F82210CDE90212C4
:10B8C000E18BADF8041000902B4604AA31463846AF
:10B8D00000F002F807B0F0BD2DE9FF4FA9B01D46FA
:10B8E000DDE93879DDF8D88016460C46FF2F00D305
:10B8F000FF2708460AF010F92690284350EA08006E
:10B9000074D029982146826808A8FBF72AFF0028EE
:10B9100073D0BDF82400BDF82010401A401C00B2BE
:10B9200004901C210AA80EF067FD04980EF0F8FBA5
:10B930000D904FF0FF302490002D0ADD00232A46A1
:10B94000214615A80AF054FB002115A809F004FFB0
:10B9500024900123424631461BA80AF049FB0021EE
:10B960001BA809F0F9FE259001A80A900F90BDF8D8
:10B97000DC008DF84070ADF830008DF84190B4F9DE
:10B9800000002290B6F900304119994200DC1946B6
:10B99000B4F904000FFA81F92190B6F90410421BA2
:10B9A0008A4200DB0A460FFA82F8B4F902E0B6F9DF
:10B9B00002200EEB05009246504500DC1046B4F91B
:10B9C00006B007B2B6F90620ABEB0500904200DBEB
:10B9D000104600B20590A8EB0900401C00B2279069
:10B9E000D6450DDC01200CE000E006E00097324671
:10B9F0002146379B299800F0B8F92DB0BDE8F08FAB
:10BA000000208246934501DB012000E000208346B0
:10BA10002698D8B3BDF82000ADF80400BDF8240086
:10BA2000ADF80800BDF9224022E000BFBAF1000FD6
:10BA300001D1A7421BDCBBF1000F02D10598A04247
:10BA40001ADB25B2ADF80650ADF80A5004990D98EE
:10BA50000EF000FDBDF920102A46049B0D980AF057
:10BA60001DF88DF838000AA929980AF087FD641C92
:10BA7000BDF92600A042D9DA1BA80AF031F82598B2
:10BA80000AF062FB2498401C07D000E009E015A8EA
:10BA90000AF026F824980AF057FB0D980EF08CFB5C
:10BAA000ABE72298984201DC012000E000201390CF
:10BAB0002198884201DB012100E000210120009053
:10BAC00013981291084000EA0A0010EA0B0F04D004
:10BAD0002798322801DA00200090012000998DF883
:10BAE00038001AEA010F0ED0ADF80490ADF80880C6
:10BAF0006088ADF8060070880AA9401EADF80A00FB
:10BB000029980AF03BFD00991BEA010F0ED0ADF811
:10BB10000490ADF80880F0880AA9401CADF8060032
:10BB2000E088ADF80A0029980AF028FD139878B14A
:10BB30002088ADF804003088ADF80670401EADF8DE
:10BB400008000598ADF80A000AA929980AF016FD20
:10BB5000129878B1B0880AA9401CADF80400A088FA
:10BB6000ADF808000598ADF80670ADF80A00299800
:10BB70000AF004FD0098C0B1BDF92400BDF9201001
:10BB8000A9F10102ADF80410904200DB1046ADF8B7
:10BB90000800401A401C05B2002D70DD139850EAD1
:10BBA0000A0066D0BDF9224061E0BDF82000ADF882
:10BBB0000400BDF82400ADF80800B6F90200B4F99D
:10BBC0000210401AA84200DB05460FFA85F800254E
:10BBD00033E06088284406B2E088401B07B2BDF914
:10BBE0002200B04203DDBDF92600B84224DB0499EF
:10BBF0000D980EF02FFCBDF904103246049B0D98F1
:10BC000009F04CFF8DF83800BDF92200B04207DC86
:10BC1000ADF80660ADF80A600AA929980AF0AEFCF2
:10BC2000BDF92600B84207DBADF80670ADF80A7022
:10BC30000AA929980AF0A2FC6D1C4545C9DB8DE0D4
:10BC400026B2ADF80660ADF80A6029460D980EF0F0
:10BC500001FCBDF904102B4632460D9809F01EFF79
:10BC60008DF838000AA929980AF088FC641CA742BC
:10BC7000E6DC139850EA0B001DD0059C16E01AE094
:10BC800026B2ADF80660ADF80A6029460D980EF0B0
:10BC9000E1FBBDF904102B4632460D9809F0FEFE7B
:10BCA0008DF838000AA929980AF068FCBDF9260029
:10BCB000641CA042E4DABDF9200008F101018842C9
:10BCC00000DC0846BDF82410ADF80400081A401C3A
:10BCD00005B2ADF80810002D40DD129850EA0A00B8
:10BCE0001BD0BDF9224016E026B2ADF80660ADF8D3
:10BCF0000A6029460D980EF0ADFBBDF904102B46E5
:10BD000032460D9809F0CAFE8DF838000AA9299824
:10BD10000AF034FC641CA742E6DC129850EA0B00DF
:10BD20001CD0059C15E026B2ADF80660ADF80A609F
:10BD300029460D980EF08EFBBDF904102B463246B5
:10BD40000D9809F0ABFE8DF838000AA929980AF081
:10BD500015FCBDF92600641CA042E4DA1BA809F01A
:10BD6000BFFE25980AF0F0F98FE62DE9FF478EB067
:10BD70000C46824615461C2102A81A9E0EF03CFB7A
:10BD8000CDF808D0BDF84400ADF810008DF8206063
:10BD9000B4F90200B5F90210884201DC012700E085
:10BDA0000027B4F90600B5F90610884201DB012628
:10BDB00000E00026B4F90000B5F90010884201DC6B
:10BDC000012100E000218946B4F90410B5F90420EE
:10BDD000914201DB012100E00021ADF80000A088C4
:10BDE000ADF804006088ADF8020068888846401EFF
:10BDF000ADF806001FB102A950460AF0BFFBE88863
:10BE0000401CADF80200E088ADF806001EB102A9A2
:10BE100050460AF0B3FB2088ADF800002888401E89
:10BE2000ADF8040017B1B5F9020001E0B4F9020061
:10BE3000ADF8020016B1B5F9060001E0B4F906004C
:10BE4000ADF80600B9F1000F03D002A950460AF080
:10BE500095FBA888401CADF80000A088ADF8040050
:10BE6000B8F1000F03D002A950460AF087FB12B0C8
:10BE7000BDE8F0872DE9F04F8B46A2F57F4195B0E4
:10BE800091460646FF3944D0746A208C8046984219
:10BE900004D02384608C40F0080060844FF4802A32
:10BEA0005146204610F097FB07465146204610F0B9
:10BEB000B9FB0546B7F90870304605F039FAB0F914
:10BEC00016107A1909FB021105EBD570A1EB600081
:10BED000ADF8060038446D1E2844ADF80A00706ABB
:10BEE000818AADF80410008BADF8080006A80AF0AE
:10BEF0004FF906AA5146204610F059FE01AA06A99C
:10BF000058460AF031F9A4F82080608C20F008002F
:10BF1000608415B0BDE8F08F2DE9F0430E46A2F520
:10BF20007F4191B090460546FF3956D06C6A278C08
:10BF30009F4204D02384608C40F00800608406A8EF
:10BF400009F056FB4FF4802906AA4946204610F016
:10BF500080FD4946204610F065FBADF82A002846D2
:10BF600005F0E6F9050038D00698B5F91620B0F9C5
:10BF70000810BDF92A0000EB010C08FB0C2200EBB5
:10BF8000D073A2EB63021044491EADF80A200844A6
:10BF9000ADF80E00A08AADF80800208BADF80C00BB
:10BFA00002AA0EA8B168FBF7DCFB88B10EA8D6F890
:10BFB0000880B06028460DF016FB03460020009074
:10BFC00005F1140206A9304609F072F8C6F8088097
:10BFD0002784608C20F00800608411B0BDE8F083F5
:10BFE0002DE9F0412E4D0746686808F09BFD044698
:10BFF0003868C66B716B09B130468847686800685D
:10C000000188408811FB00F0E168884201D10120DD
:10C0100000E00020216859B1616849B128B107E00A
:10C0200068680068816A01B1884720690028F7D1F3
:10C030000120206169680968C9688A69D20702D04D
:10C040008969890700D400206061606908B1012511
:10C0500000E000253868416971B1016911F0300FC5
:10C0600006D0490704D5D6E9001000F01BF803E01C
:10C07000D6E90021FEF772FA206800280BD061682B
:10C08000002908D03A68127CAA43D20703D1A268DB
:10C09000824202D1A160BDE8F081A060FBE7000010
:10C0A0005880FF1F2DE9F34F05468A4893B0416839
:10C0B0000E683069820701D542076ED4C0F30110C3
:10C0C00002281ED0012801D0032866D100200F903D
:10C0D000084608F027FD8346A988B5F90000EA88DC
:10C0E000091A491C0CB2B5F90210521A521C17B2A7
:10C0F0004FF4A052B2FBF4F3BB420FDAB2FBF4F2FE
:10C100000DE029463046149A00F0F0F8149A15B064
:10C1100029463046BDE8F04FFEF720BA3A460C9269
:10C120000791317CC1F30111012905D06880611E9E
:10C130000844E8800020BDE07188081A401EE880AD
:10C14000001B401C6880F5E70C99A7EB0A008842A9
:10C1500000DD084600B201900120CBF81000BAF1D2
:10C16000000F20D1A7421EDB0194307CC0F30110E8
:10C17000032810D000202146149A00F0EAF8307C01
:10C18000C0F30110012809D031880798081A401E11
:10C19000A880001B56E00120EDE797E00798288073
:10C1A0000798204466E00F9820B94FF420500DF016
:10C1B000B7FF0F90307CC0F3011003281BD0002084
:10C1C0008646DDF850C001990F980A9014FB01F0E3
:10C1D000401E0D90601E48430E900020814688420C
:10C1E00022DA0E9ABEF1000F02EB090001D00D9A7F
:10C1F000101A002212E00120E2E70A9BBEF1000FB4
:10C2000003EB400863460CF1020C1B88A8F80030D1
:10C2100001D0084400E0401A521C12B2A242ECDBEA
:10C2200009F1010000B2D9E7307CC0F30110012808
:10C230001BD031880798091AA1EB0A00401EA8807C
:10C240000199401A401C288001990AEB0108B84561
:10C2500013DBDBF81800C0070FD0DBF818008007ED
:10C260000BD50120CBF814000AE007985044288031
:10C2700001990844401EA880E6E70021CBF814107D
:10C280000F9828B1024629463046FEF767F905E0C7
:10C29000149AF8E7B16A09B130468847DBF8100014
:10C2A0000028F7D101981499604301EB40001490E5
:10C2B0000FFA88F08246B842FFF646AF0F98002882
:10C2C00004D015B0BDE8F04F0DF076BF15B0BDE855
:10C2D000F08F00005880FF1F30B504880D8805805E
:10C2E00010880880188810801C8030BDF8B58B88B5
:10C2F0000C884D881B1BCC885B1C641B641C13FBC7
:10C3000004F300245B1E0DE002EB430602EB44073E
:10C310003588ADF80050B7F800C0A6F800C05B1E25
:10C320003D80641CA342EFD843884C88CA881B1BFD
:10C330005B1ECB8043889A1A521E4A8003880C8861
:10C340008A881B1B5B1E8B800088801A401E088019
:10C35000F8BD2DE9F0470C4617468246002601EB52
:10C36000D47931E00025601C00EBD07827E0A01BD9
:10C37000401E01B2601B401E00B2BAF1000F0AD08D
:10C3800015FB041207EB420311FB040107EB41020A
:10C3900010FB046009E010FB046207EB420311FB91
:10C3A000040007EB400215FB041007EB400116FBED
:10C3B000045007EB4000FFF78FFF6D1C2DB2B5EB6B
:10C3C000680FD4DB761C36B2B6EB690FCADBBDE86A
:10C3D000F08700002DE9F047A2B005460BF010FCF5
:10C3E000044628460BF0D4FB8246606A0DF0FBF849
:10C3F000054694F85400C00777D004A809F0C8FE99
:10C400004FF4E02904AA4946204610F0D0FB04F17D
:10C41000480101A807F032F8606ABDF80410828A6A
:10C420001144ADF80410BDF80610C08A01AA0844F2
:10C43000ADF80600606ABDF80810808A0844ADF8BF
:10C440000800606ABDF80A10C08A0844ADF80A0006
:10C4500004A9504609F088FE494620460FF078FEB0
:10C460000646494620460FF08DFF8719494620466B
:10C4700010F01EF84FF000081D490644CDF87480F6
:10C48000CDF87880206D0968284488470246206DE1
:10C4900041191DA80DF0DEFEBDF8040055223844F8
:10C4A000ADF80400BDF8060041463044ADF8060082
:10C4B000606A10F003F8054612A809F099F812AA6C
:10C4C0004946204610F0C5FA9DF81300022804D80A
:10C4D000BDF85400A9B2884207D01DAB01AA12A929
:10C4E0005046CDF8008008F0E3FD22B0BDE8F087AB
:10C4F000F080FF1F2DE9F04FD3B005460BF080FB15
:10C50000044628460BF044FB4F9010A920460FF03C
:10C510009EF80021692220460FF0D0FF0546002139
:10C520006A2220460FF0CAFFBDF84010BDF8442033
:10C53000491BADF840102A44BDF84230ADF8442004
:10C540001B1ABDF84650511A2844ADF84600C01ACF
:10C55000401C0FFA80FAADF84230D4E90A02491CB7
:10C560000FFA81FBA2EB0008D34501DB012100E0BB
:10C570000021894600213E9194F85C1001F00301EE
:10C58000012908D1002806DA002A04DD216B814246
:10C5900001D101203E90002120460FF0CFFE2190D6
:10C5A000002120460FF00CFF3690002120460FF0AE
:10C5B00055FF2090002120460FF06CFE359004F1CD
:10C5C000340010A9139006F03EFFA18E2198084474
:10C5D000A086218F3698081A2087E18E2098014482
:10C5E000E186618F3598081A00B26087B9F1000FB3
:10C5F00011D0E18E401A401C00B204281DDAE18AF5
:10C600000AEBDA726FF0010000EB62000844E0868A
:10C61000001D608711E0218FA08E081A401C00B217
:10C6200004280ADAA18A0BEBDB726FF0010000EB41
:10C6300062000844A086001D2087218FA08E081A62
:10C64000401C00B21890618FE08E081A401C00B2A6
:10C650002290B9F1000F05D004F13805DC48189F8D
:10C66000139E04E004F13606DA48229F351D3A9005
:10C67000A36D581C14D0216DA06A626D091A101A9E
:10C680007943784391FBF8F190FBF8F009B200B2DE
:10C69000401A5843C21700EB126001EB202005E05E
:10C6A000216BA06A081A784390FBF8F000B216904C
:10C6B000A26C501C14D0216CA06A636C091A181A61
:10C6C0007943784391FBF8F190FBF8F009B200B29E
:10C6D000401A5043C21700EB126001EB202005E026
:10C6E000D4E90910081A784390FBF8F000B23F90A3
:10C6F0002046002116220FF0E1FEC0B2B9F1000F72
:10C7000028D001280AD130462E4605463F9840429F
:10C7100000B23F901698404200B2169031883F9880
:10C720000844288031881698084430803E9888B3A1
:10C73000A06A4042784390FBF8F000B2B9F1000FD4
:10C7400015D031880844B5F9001000B281420BDDE4
:10C75000308039E029883F98081A401C30802988A9
:10C760001698081A2880E1E7318028802CE0298873
:10C77000081A401CB6F9001000B2814201DD288081
:10C7800001E029803080B5F90010B6F9000081423F
:10C79000EADB19E0FFE73A9913988847012813DC90
:10C7A00035A84F990EF018FD4FF4003042908A489A
:10C7B0003690002037901398389035AA1A212046D9
:10C7C0000BF020FA35AAFBE050A8139906F03BFEC7
:10C7D000684609F0DDFC4FF400356A4629462046DC
:10C7E00010F0E5F923A84F990EF0F6FC4FF0000881
:10C7F0007948CDE924083095CDF89CD0139826903F
:10C80000454623AA1A2120460BF0FCF920460B22AC
:10C8100029460FF053FE05B258465146D34500DB7A
:10C820000846B5EB600F00DD4510229A1899BDF956
:10C830000000914200DB1146B0EB610F00DD4810B3
:10C84000B9F1000F02D0228FA18E01E0628FE18E3C
:10C85000511A491C09B2B1EB400F18DD9DF82200B6
:10C8600012909DF803709DF81A608DF803808DF882
:10C870001A808DF822806946139A4F9809F074FC4B
:10C8800012988DF803708DF81A608DF82200A18A35
:10C89000219800230844ADF83401218B36982A46AC
:10C8A000081AADF83801E18A20980844ADF836013D
:10C8B000618B3598081AADF83A014DA947A809F0DF
:10C8C00097FB002147A808F047FF17909DF82260CA
:10C8D0008DF8228045468DF8368010A90EA806F006
:10C8E000B2FDBDF838102198084400B2ADF8380008
:10C8F000BDF83A20209911440BB2ADF83A30BDF89A
:10C900003C203699511A0AB2ADF83C20BDF83E7071
:10C910003599791A09B2ADF83E10B9F1000F12D06D
:10C92000C81A401C00B204281FDAE18A0AEBDA7246
:10C930006FF0010000EB62000844ADF83A00001D02
:10C94000ADF83E0011E0101A401C00B204280CDAC9
:10C95000A18A0BEBDB726FF0010000EB6200084470
:10C96000ADF83800001DADF83C00BDF900200023F3
:10C9700019A8139909F03CFB002119A808F0ECFE56
:10C9800007460EAA69464F9809F0EEFB8DF8226023
:10C990008DF803508DF81A508DF836506946139A69
:10C9A0004F9809F0E1FB19A809F09AF847A809F097
:10C9B00097F8384609F0C8FB179809F0C5FB23AA79
:10C9C0001B2120460BF01EF953B0BDE8F08F00008C
:10C9D000F33401009B340100505B02002DE9F04765
:10C9E000B8B005460BF00CF9044628460BF0D0F819
:10C9F0008246002120460FF05AFB01280CD0002768
:10CA0000204605F0C2FA054694F85C00002600F0C6
:10CA10000300012802D008E00127F1E7A06A0028FE
:10CA200003DAE06A002800DD012620468DB10EF011
:10CA300048FE804626B1606A002801DAA08E05E033
:10CA400017B1B4F9340001E0B4F93800ADF894003E
:10CA50000BE00FF000FF804626B1606A002801DA83
:10CA6000608F00E0E08EADF8960012A809F090FB10
:10CA70004FF4403612AA3146204610F098F82B4663
:10CA8000424625A9204614F0B0FC04F1680025A90F
:10CA9000814606F0EAFC514668460EF09DFB2F48A1
:10CAA000019000200290CDE90D6012AECDE9039611
:10CAB000204612F037FA022806D06A461A2120468C
:10CAC0000BF0A0F84A463CE0382212A927A80DF046
:10CAD000C1FB6A461A2120460BF094F84A4612A977
:10CAE000504609F041FB6A461B2120460BF08AF8AC
:10CAF00045B127B1B4F93800ADF8940005E0B4F9B8
:10CB00003400F9E7608FADF896002B46424625A920
:10CB1000204614F06AFC04F1600025A9054606F0E1
:10CB2000A4FC382227A912A80DF094FB02A9012029
:10CB300081E861000E906A461A2120460BF062F8E7
:10CB40002A4612A9504609F00FFB6A461B212046CF
:10CB50000BF058F838B0BDE8F0870000685C0200C0
:10CB60002DE9F0438FB004460BF04AF805460EF06D
:10CB7000E9FD074603A808F03BFD03AA002138465B
:10CB80000FF067FF28460CF029FD28B19DF8290019
:10CB900040F001008DF8290020460AF0F9FF816875
:10CBA00004460E4607F114020DA8FAF7DAFD002834
:10CBB00050D00DA8A0600BA9384604F033FEA88A17
:10CBC000ADF80400E88AADF80600288BADF808003F
:10CBD000BDF82E00ADF80A0001AA1046A168FAF7C8
:10CBE000C0FD4FF000090DF1040878B1A768284690
:10CBF000C4F808800CF0F7FC034605F1140203A901
:10CC00002046CDF8009008F053FAA760A88AADF846
:10CC10000400BDF83200ADF80600288BADF808001E
:10CC2000688BADF80A0001AA1046A168FAF799FDD1
:10CC300078B1A7682846C4F808800CF0D4FC0346F5
:10CC400005F1140203A92046CDF8009008F030FA4F
:10CC5000A760A6600FB0BDE8F08300002DE9FF4F8C
:10CC60009FB0987B8A7E00F00F04DDF8B0E00E469E
:10CC7000032C18D0012C1DD0022C21D0042C13D051
:10CC8000082C7DD1A24D4FF0FF0A6101FD2A2FD261
:10CC9000A04F3878904202D17868A04225D0002079
:10CCA000DFF874821FE00424994D4FF0F00A103D24
:10CCB0001021EBE7964D4FF0800A163D0221E5E783
:10CCC000934D4FF0C00A143D0421DFE715F800C072
:10CCD000BCF1FF0F1DD01CFB02FC4FEA1C2C00BF57
:10CCE00008F800C0401C8842F0D38B4D3A707C603D
:10CCF0001F9AB3F80680188907902199926808FB5B
:10CD000004F0B1F90010B2F90030994203DB0023BE
:10CD100002E09446E4E75B1A9B46B2F9043001EB6B
:10CD200008079F4201DC414601E0591A491C894627
:10CD30002199B2F90230B1F90210994201DB0023C6
:10CD400000E05B1A1193079BB2F906200B44934253
:10CD500001DC079901E0511A491C0A9111994143DC
:10CD60000BFB04100EEBD00100F007072C911C21E7
:10CD700015A80DF041FBB089ADF85C00B07E00E075
:10CD8000C2E08DF86C00B07FC0F3C2008DF86D007A
:10CD9000FBF7CAFD07F0CAFE079A08FB02F18142C1
:10CDA00000DC08461C900DF0BBF907901890219804
:10CDB0000026018801EB0B02ADF80C200188A9F1D7
:10CDC000010001442198ADF81010438811981844CF
:10CDD0008B1AADF81200ADF80E00ADF83810ADF8B2
:10CDE00034200A99ADF836005B1C08441BB2ADF83C
:10CDF0003A000B930DA808F08FFE1D9003A8159024
:10CE00001A90C4F1080008EB0B010F90A1EB090088
:10CE100060431290119860E033462AFA07F05946B1
:10CE20004FF0000C1FE02C9ADDF83C801278A8EB44
:10CE30000708024032FA08F205D015F80280079A76
:10CE400002F8068002E0079A02F806C00F9A97429D
:10CE500002D22744E04004E02C9A0027521C50469E
:10CE60002C92491C761C4945DDDB1D9880B1079842
:10CE7000BDF912201844BDF90C1080460B9B08F038
:10CE80000DFE8DF8640018B940460B990DF0B4FA08
:10CE9000A9EB0B0081191C98814205D2BDF8120044
:10CEA000401CADF812000EE002208DF8640015A9B8
:10CEB0001F9809F063FBBDF81200401CADF80E008E
:10CEC000ADF81200002612982C99384401EBD001DD
:10CED00000F0070701982C91401C0A9901908842A4
:10CEE0009ADBBDF90E10BDF91200814209D0401E37
:10CEF000ADF8120002208DF8640015A91F9809F002
:10CF00003DFB07980DF058F923B0BDE8F08F000005
:10CF10009A4402006C80FF1F1084FF1F2DE9F04F20
:10CF20008346B1F902000C46401E411000F001009A
:10CF30004618B2F90050B3F9000089B0854200DA12
:10CF40002846ADF80000B2F90000B3F9003098426D
:10CF500000DC1846401EADF804005088801BADF878
:10CF6000020050880844ADF8060069460846DBF820
:10CF70000820FAF7F6FB00281FD0E08818B1A08837
:10CF800008B1012700E000270125684608F0C4FD2C
:10CF900000B907B100251C2102A80DF02DFACDF82B
:10CFA00008D02088ADF81000207A6E468DF8200059
:10CFB00035B102A9584609F0E1FA09B0BDE8F08F91
:10CFC000BDF80410BDF90000BDF90680091A491C1E
:10CFD0000DB2BDF80210ADF806104FF0000A47B1CF
:10CFE000B4F90610B4F90420114490FBF1F201FBEE
:10CFF000120A28460DF094F8079605908146BDF96F
:10D0000002603EE0294648460DF024FABDF90010C2
:10D010002B4632B2484608F041FD8DF818000FB398
:10D0200000B3002150460B4617E000BFB4F90420BE
:10D03000824205DB121A1144104409B200B208E022
:10D04000B4F906C06244824201DC002001E009F824
:10D050000130491C401C09B200B2A942E6DB0220A3
:10D060008DF8180002A9584609F088FABDF80200A8
:10D07000401CADF80200BDF80600401CADF80600EB
:10D08000761C4645BEDD48460DF096F895E7000053
:10D090002DE9FF4FB2F90240B3F90250C5B0AC42DE
:10D0A00008DA128864F31F4062F30F0065F31F4132
:10D0B0001A8807E01B8865F31F40128864F31F413C
:10D0C00063F30F0062F30F010FFA81F904B2051444
:10D0D000A9EB04064FEA214AAAEB05070391002EAB
:10D0E00001DD314600E07142002F01DD384600E0ED
:10D0F0007842814201DD012000E000201590469831
:10D10000B0F90210159858B1002F01DD384600E043
:10D1100078424201002E01DD30460CE070420AE008
:10D12000002E01DD304600E070424201002F01DD9B
:10D13000384600E0784292FBF0F0AB4A105C10FBFE
:10D1400001F03F30C0114FEA600800F0010202EB2D
:10D15000080B49464C4500DA2146A1EB0001ADF829
:10D16000581001DD214600E049460144ADF85C104D
:10D170005146554500DA2946A1EB0001ADF85A1099
:10D1800001DD294600E051460844ADF85E004598AF
:10D1900016A982680846FAF7E4FA00287ED01598A6
:10D1A000002100287BD0002E16DDAAEB080000B27B
:10D1B000CDE90001A5EB080002B24B46214620A8AC
:10D1C00008F04EFD0AEB0B00012100B2CDE9000191
:10D1D0004B4605EB0B0015E00AEB0B0000B2CDE966
:10D1E000000105EB0B0002B24B46214620A808F0D7
:10D1F00037FDAAEB0800012100B2CDE900014B4642
:10D20000A5EB080002B221460AA808F029FD00217A
:10D2100020A808F0A1FA189000210AA808F09CFAAA
:10D22000159046984FF0FF39C846407AC00623D47F
:10D23000A819032100B2CDE90001E01B03B22A4680
:10D2400021462BA808F00CFD039902200A1491191D
:10D2500009B2CDE90010039801B2C81B03B236A889
:10D2600008F0FEFC00212BA808F076FA8146002188
:10D2700036A808F071FA8046BDF85C00BDF8581079
:10D28000401A401C04B2FBF74FFB07F04FFC054669
:10D2900016A806F00EF9A84206D201E0A1E027E0A8
:10D2A00016A806F006F90546AA4628460CF038FFEF
:10D2B0008346BDF95E70BDF85A00ADF85E000025EA
:10D2C000514658460DF0C6F81C2119A80DF094F8E7
:10D2D00016A9199146980088ADF86C004698BDF9DA
:10D2E0005A60007A8DF87C00CDF870B01E9145E050
:10D2F00009EB0B00CDE900A103B204EB0B0001B276
:10D300002A4620A808F0ACFC0121A9EB0800CDE9D1
:10D3100000A103B2A4EB080001B22A4674E700BFE3
:10D32000BDF958100BEB0500234632B2079008F008
:10D33000B5FB8DF8740018B9214607980DF05CF81C
:10D3400025442919514505D2BDF85E00401CADF8B1
:10D350005E0012E002208DF8740019A9459809F0CA
:10D360000DF9BDF85E000025401CADF85A00ADF87F
:10D370005E00514658460DF06DF8761CBE42CFDD7A
:10D38000BDF95A10BDF95E00814209D0401EADF8CA
:10D390005E0002208DF8740019A9459809F0EEF896
:10D3A00058460CF009FF20A808F09AFB0AA808F0DC
:10D3B00097FBB9F1FF3F02D02BA808F091FBB8F121
:10D3C000FF3F02D036A808F08BFB189808F0BCFE8F
:10D3D000159808F0B9FE484608F0B6FE404608F039
:10D3E000B3FE49B0BDE8F08F9A4502002DE9F04F39
:10D3F0008346B1F902000C46401E411000F00100C6
:10D40000158889B00844281AADF80000108808442F
:10D41000ADF80400B2F90210B3F90200814200DA5B
:10D420000846ADF80200B2F90200B3F902108842D2
:10D4300000DC0846401EADF8060069460846DBF8E9
:10D440000820FAF78EF900281FD0E08818B1A088CC
:10D4500008B1012600E000260127684608F05CFBC1
:10D4600000B906B100271C2102A80CF0C5FFCDF8B9
:10D4700008D02088ADF81000207A6D468DF8200085
:10D4800037B102A9584609F079F809B0BDE8F08F24
:10D49000BDF80400BDF80010BDF90670401A401C2C
:10D4A0000FFA80F9BDF80200ADF8060048460CF00E
:10D4B00037FE824605900795002056B1B4F9060064
:10D4C000B4F904100844BDF9021091FBF0F200FB1E
:10D4D00012108046BDF9025031E0494650460CF02A
:10D4E000B9FFBDF900104B462AB2504608F0D6FAF3
:10D4F0008DF81800A6B178B1B4F90410414502DAEC
:10D5000000208DF81800B4F90600B4F904100144A5
:10D51000414501DC4FF0000808F101000FFA80F8E6
:10D5200002A9584609F02AF8BDF80200401CADF8DF
:10D530000200BDF80600401CADF806006D1CBD429F
:10D54000CBDD50460CF038FE9FE77CB505460AF06F
:10D5500057FB446A28460AF01BFB626A054681684D
:10D5600068461432FAF7FDF8002835D0AE68C5F8E1
:10D5700008D094F83C00800621D5628FE08E82426C
:10D5800008D1212329462046FEF774FC2046628FED
:10D5900021231DE0202329462046FEF76BFC204670
:10D5A000628F20232946FEF7B7FC2046E28E012336
:10D5B0002946FEF75FFC2046E28E012308E0204664
:10D5C000628F20232946FEF755FC628F20462023D8
:10D5D0002946FEF7A1FCAE607CBD00002DE9F04FAE
:10D5E000D5B005460AF00CFB0446008E00287DD01D
:10D5F00028460AF0CDFA4F90608C49A940F0080007
:10D60000608420460EF023F80025278C2584608C4A
:10D61000A94640F008012E46C846618433A808F0A8
:10D62000B7FD41A807F0E4FF4FF4A02A33AA514602
:10D6300020460FF0BCFA41AA514620460FF009FAE5
:10D64000608C002120F008006084204627840EF0C2
:10D650000BFF5390002120460EF022FE5290002135
:10D6600020460EF071FE5190002120460EF0AEFED5
:10D67000509020A84F990DF0AFFDB548CDF8B4A05B
:10D68000CDE9210812A824900AA8259054E1761C1F
:10D69000B6B2606AAFA150F82600F2F789FE002802
:10D6A000F5D0E06A30F81500C0F30011002974D1FC
:10D6B0008846C0F3002109B14FF00108C0F3801083
:10D6C00010B148F0800014E0A08EA84212D1B80634
:10D6D00001D548F02008B80701D548F002087807BE
:10D6E00001D548F00408380704D500E02CE148F0E3
:10D6F00008008046A06A00EBC50103A805F0ACFE57
:10D70000BDF80C10BDF82401B8F1000F0144ADF8CC
:10D710000C10BDF80E20BDF826110A44ADF80E20FD
:10D72000BDF810201044ADF81000BDF812000844F8
:10D73000ADF8120026D0A4F82080608C40F00801DB
:10D74000618412A808F024FD0AA807F051FF12AA6C
:10D75000514620460FF02BFA0AAA514620460FF0F8
:10D7600078F92784608C20F008016184E06A30F841
:10D770001500C0F3C02000289DF845000ED040F0F1
:10D7800001000DE0382233A912A80CF063FD20221D
:10D7900041A90AA80CF05EFDE8E7C9E020F001000D
:10D7A0008DF8450003A8239020AA1A212E95204623
:10D7B0000AF028FA9DF86B004108C9063CD520F014
:10D7C0003E001E308DF86B00B4F914305199BDF94C
:10D7D0000C2019448A4203D120F008008DF86B0018
:10D7E000B4F918205098BDF91010101A814205D1D3
:10D7F0009DF86B0020F010008DF86B00B4F9162036
:10D800005398BDF90E101044814205D19DF86B006C
:10D8100020F004008DF86B00B4F91A205298BDF97D
:10D820001210101A814207D19DF86B00810849003F
:10D8300061F345008DF86B00BDF81210BDF90E00C4
:10D84000091A491C0FFA81FB5FEA886108D5E16A71
:10D8500031F81510490503D5A0EB0B00ADF80E000B
:10D8600003AA12A94F9808F07FFC606ABDF93C300A
:10D87000BDF93A1050F826000890BDF82801BDF80F
:10D8800024C10A9AA0EB0C00401C00B2CDE90010A4
:10D890009DF845C0CDF808C054A8089912F02EFF95
:10D8A000BDF81010BDF80C00BDF95031091A491C23
:10D8B00009B2C91A01EBD17100EB6100ADF80C009F
:10D8C000BDF81210BDF80EC0BDF95221A1EB0C013C
:10D8D000491C09B2891A01EBD1710CEB610109B243
:10D8E0001844ADF81000881802B2ADF80E10ADF86B
:10D8F00012205FEA88600ED5E06A30F81500400516
:10D9000009D50BEBDB70A1EB6001A2EB6000ADF879
:10D910000E10ADF81200CDF8009003AA0AA9089BDA
:10D920004F9807F0C5FB20AA1B2120460AF06AF990
:10D930006D1C761CADB2B6B2208EA8423FF6A9AEE1
:10D94000608C20F00800608455B0BDE8F08F0000C6
:10D95000885B02000A0000002DE9F04FA7B00546E1
:10D960000AF04EF9044628460AF012F922900021E6
:10D9700020460EF0E1FB05460021122220460EF063
:10D980009DFD28440FFA80FB0021132220460EF053
:10D9900095FD28440FFA80FA002120460EF070FD14
:10D9A00028440FFA80F918A807F022FE18AA4FF4AD
:10D9B000003120460FF04DF8A06A08B1179009E039
:10D9C00080200CF0ADFB054601468022204609F080
:10D9D000FFFE179594F83C00002700F00F00012887
:10D9E00000D101272046002116220EF067FDC0B2AB
:10D9F000012800D10127E06A002868D00BF01FFA47
:10DA0000804602280DD002A9E06A0BF07BF90128BC
:10DA10001BD04FF0FF363546E7B1A18A01EB0B0072
:10DA20001CE0BDF972009DF87D2041F6FF718DE884
:10DA30000700BDF97430189A15A8E16A12F05EFE6D
:10DA4000BDF95460BDF95650E6E70298C0F38A2646
:10DA5000450DE1E7218BA1EB0A00801B711EADF89B
:10DA600014000844ADF81800B8F1020F5DD020464C
:10DA70000DF027FE401BE18A00EBD07001EB600047
:10DA8000ADF81600691E0844ADF81A0011A807F099
:10DA9000F5FA4FF4003811AA414620460EF086FFF1
:10DAA00006EBD6704010ADF8480005EBD57040107D
:10DAB000ADF84A0020466E2241460EF0FFFCADF85C
:10DAC000440005AA11A9E36A229807F0A3FA09A85D
:10DAD00007F08EFD09AA002120460EF0BAFFBDF91D
:10DAE00036009DF8412041F6FF718DE80700BDF931
:10DAF000383007A8099A179912F000FEE18A01EB65
:10DB00000900BDF81E10ADF80E000844ADF8120073
:10DB1000E06AE0B13FB3218BA1EB0A00BDF81C1015
:10DB2000B0EB0100ADF80C0024E0E18A6D1E01EBC2
:10DB30000900ADF816002844ADF81A000020009046
:10DB400005AA18A9E36A229807F0B2FABFE72046AF
:10DB50000EF081FEBDF91C10A28A401A00EBD070B5
:10DB600002EB6000DEE7A18A01EB0B00BDF81C10A0
:10DB7000ADF80C000844ADF810000020009003AA96
:10DB800009A9179B229807F093FAA06A002802D1EE
:10DB900017980CF011FB27B0BDE8F08F2DE9F04786
:10DBA00098B005460AF02CF80446284609F0F0FF24
:10DBB000064609A920460DF0E8FC94F84800002527
:10DBC000C10600D50125800601D545F002050021DA
:10DBD00020460EF06FFDA0F51C51D13904D1608CA8
:10DBE000000501D445F004050BA807F001FDB4F8C9
:10DBF0004400ADF84200B4F84600ADF844008DF89A
:10DC000049500BAA002120460EF023FF9DF8480042
:10DC10004FF0010808B98DF84880E06B0C90206C3B
:10DC20000D900C994FF6FF7081421ED00D998142E4
:10DC30001BD04FF4802927465522494620460EF036
:10DC40003DFC024649463846FAF7B6FC0090BDF85E
:10DC50000000ADF83A002046202249460EF02EFC86
:10DC60000090BDF80000ADF83C0094F8480041F683
:10DC7000FF7A00F00700022801D003281ED19DF88A
:10DC80004800022801D0032818D1BDF93E10CDE983
:10DC9000001A0295BDF940300B9A16A8616A12F07D
:10DCA0002DFDBDF82800BDF82410401A401CBDF918
:10DCB000581000B2884201DA8DF8488094F8480084
:10DCC00004F1300700F00700032809D0BDF82A004E
:10DCD000BDF82610401A401C00B2B0F5806F00DA83
:10DCE000002709A914A8B268F9F73BFD00287DD0E8
:10DCF00094F8480040070BD120460DF055FE4042F5
:10DD000002B2002109A805F00DFC608BADF82A00D5
:10DD100094F848000DF1500900F00700022813D0D4
:10DD2000032811D0009709AA0BA93046636A07F0AF
:10DD3000BFF9B068C6F80890804694F8480000F033
:10DD4000070003280FD05FE0D6F80880C6F80890D7
:10DD5000009709AA0BA93046636A07F0A9F9404663
:10DD6000C6F80880E6E7BDF93E10CDE9001A029535
:10DD7000BDF940300B9A06A8616A12F0BFFCBDF8ED
:10DD80002800BDF82410401A401CBDF9181000B23C
:10DD9000884219DA202211460B980AF081F8B4F86B
:10DDA0004410BDF8182000EB400011440844ADF8C1
:10DDB0004200B4F84600ADF84400009709AA0BA948
:10DDC0003046636A07F074F9BDF82A00BDF82610E2
:10DDD000401A401C01B2BDF91A00814214DAB4F8AD
:10DDE0004410ADF842100B99098900E00EE0B4F838
:10DDF0004620009710440844ADF8440009AA0BA936
:10DE00003046636A07F054F9C6F8088018B0BDE8D8
:10DE1000F0872DE9F04397B0074609F0B3FE0546B9
:10DE2000384609F0EDFE04464FF48026152D7ED0CD
:10DE3000182D7DD1384609F0ABFE054607A807F03E
:10DE4000D7FB07AA314620460EF003FE13A9204651
:10DE500003F0E8FC13AA15A8A968F9F782FC0028CA
:10DE600066D0204603F06BFA81460BF0B7FB28B171
:10DE70009DF8390040F001008DF8390020460EF081
:10DE8000EAFC064648460BF0AEFB0146BDF92E0003
:10DE90000222CDE900060292BDF9303005A8079AAA
:10DEA00012F02CFC20460DF00CFCB4F9161000EB1F
:10DEB000D076B9F9160001EB6601471A48460DF015
:10DEC00000FCB90391FBF0F7002120460EF089FB1E
:10DED0000799B0F90800B1F90810081A00EBD070E2
:10DEE000BDF816104010091A09B2ADF81610E28AF2
:10DEF000794302EB660202EBA1310F1A00212046A2
:10DF00000EF020F980462046002112220EF0D6FAAB
:10DF100006462046002113220EF0D0FAA28A06EB14
:10DF200008011144ADF84010ADF8427001E023E063
:10DF30001FE0218B081AA0EB0800ADF84400BDF8E3
:10DF400016003844ADF846009DF8390040F0020054
:10DF50008DF8390015A8AC68A86048460BF043FB63
:10DF600003460020009010AA07A9284607F0A0F851
:10DF7000AC6017B0BDE8F083384609F009FE0546ED
:10DF800010A9204603F04EFC684608F001F96A46E5
:10DF9000314620460EF00BFE10AA6946284608F0CE
:10DFA000E3F8E6E72DE9F043ABB0054609F028FEBB
:10DFB0000446284609F0ECFD8146002120460EF07B
:10DFC000D5F90746002120460EF012FA0646002138
:10DFD00020460EF061FA0546002120460EF072F947
:10DFE000A18AE28AADF88A20238BADF88C30B4F890
:10DFF0001AC03944ADF88810991BADF88C10ACEB01
:10E0000000005119ADF88E00ADF88A1006A808F08E
:10E01000BFF806AA4FF4003120460EF0C8FD22AA30
:10E0200006A9484608F0A0F820460DF04AFB054630
:10E03000208BA18A411A491C481B06B2606A411C08
:10E0400006D07043C11700EB116040F30F2708E0C2
:10E0500020460EF009F810F0010F01D0374600E01D
:10E0600000272046002116220EF028FAC0B201280F
:10E0700001D1F01B07B2A08A3844ADF80000284453
:10E08000ADF80400E08AADF80200608BADF8060040
:10E090004FF44037394620460EF068F906463946B7
:10E0A00020460EF0A5F98046394620460EF0F4F9D8
:10E0B0000546394620460EF005F9BDF80010BDF8BA
:10E0C0000420891BADF8001002EB0801ADF8041024
:10E0D000BDF80210491BADF80210BDF80610084447
:10E0E000ADF8060014A808F053F814AA39462046E3
:10E0F0000EF05DFD6A4614A9484608F035F82BB0CD
:10E10000BDE8F0832DE9F04FE1B0054609F078FD58
:10E110000446284609F03CFD8246826804F1140159
:10E1200030A8F9F71EFB00287ED0DAF808000F901F
:10E1300030A8CAF808002046002132220EF0BEF9AD
:10E1400000B25790002120460EF0ACF95B90002100
:10E1500020460EF0BDF85D90002120460EF00CF92F
:10E160005A90002120460EF049F95990208C002643
:10E1700009902684608C40F00800608422A808F092
:10E1800007F84FF4A02522AA294620460EF00FFDDD
:10E1900032A807F02DFA32AA294620460EF059FC83
:10E1A00009982084608C002720F0080060842046B5
:10E1B0000DF008FC0146E28A5B981044411A57981A
:10E1C0000844401EADF8160020460DF0F4FB5890B0
:10E1D000002120460DF071FF012800D00020834669
:10E1E000514642A80CF0F8FF4FF4A0204F90EB48A6
:10E1F00043900020449014A846903AA847900020ED
:10E2000089E0E06A30F91910BDF816005491401CFD
:10E2100000B2491E0144ADF81200ADF81610BDF968
:10E22000C61088427CDC00E07DE0BBF1000F0AD024
:10E23000218B5998091A5898091A5798081A401E9C
:10E24000ADF8100009E0A18A5A9801445898091ABB
:10E2500057980844401EADF81400002555E00020F2
:10E260005590A06A50F8270008B100785590BBF18E
:10E27000000F0CD0BDF81000401EADF81400216B4B
:10E2800031F81510401A401CADF810000BE0BDF835
:10E290001400401CADF81000216B31F81510084433
:10E2A000401EADF8140000261DE0A06AB91950F810
:10E2B0002100E8B10078C0071AD0206BA91902220A
:10E2C00002EB4101405EBBF1000F05D0BDF810101C
:10E2D000081AADF8100004E0BDF814100844ADF8B9
:10E2E0001400761CB6B2A08C7119401E8142DCDB92
:10E2F000BDF91600BDF9C210884217DAB819401CE2
:10E3000087B2A81980B2401C85B2A08CA842A6D8BA
:10E3100009F1010080B2E18C814649453FF671AFB9
:10E320000F99CAF8081061B0BDE8F08FBDF9102050
:10E33000ADF82820BDF91280ADF82A80BDF914107F
:10E34000ADF82C10ADF82E0086469DF8AB00C0F35A
:10E35000440043070DD5B4F914C05A9B63449A4254
:10E3600007DDBDF9A83003EBD373A2EB6302ADF870
:10E37000282082070DD5B4F916305B9A1A449045CF
:10E3800007DDBDF9A82002EBD272A8EB6202ADF85E
:10E390002A20020711D5B4F91830599A9A1A521E38
:10E3A00091420ADABDF9A82002F0010302EBD27211
:10E3B00003EB62021144ADF82C10C00712D0B4F97F
:10E3C0001A205D98101A401E86450BDABDF9A80088
:10E3D00000F0010100EBD07001EB600101EB0E00D9
:10E3E000ADF82E00E28E00214A457DD1A08EA842D4
:10E3F0007AD1208C420602D4820600D520218207E1
:10E4000001D541F00201420701D541F004010007A6
:10E4100001D541F00801002966D02184608C40F0CC
:10E420000801618414A807F0B3FE3AA807F0E0F8E9
:10E430004FF4A02814AA414620460EF0B8FB3AAA91
:10E44000414620460EF005FB09982084608C20F0A0
:10E45000080161840AA84590A18C42AA09FB0150D9
:10E4600050901A21204609F0CDFB0AAA14A9504663
:10E4700007F07AFEA06A50F8270000287ED04FF4FB
:10E48000A028414620460DF077FF0C9041462046DB
:10E490000DF0B4FF1290414620460EF003F80290B2
:10E4A000414620460DF014FFBDF810300C9ABDF81F
:10E4B00012C01A440FFA82F8BDF81430129AADF85F
:10E4C00040809A1A13B2ADF84430029A0146624471
:10E4D000ADF84220BDF816200020511AADF84610C4
:10E4E0005599C1F3400100E018E05E9101B10220AE
:10E4F000A3EB0801491CBDF9FA2009B20092CDE94D
:10E500000110A06ABDF9FC30329A50F827105CA8BF
:10E51000083112F0F3F85E9858B11FE0382222A9B2
:10E5200014A80BF097FE202232A93AA80BF092FE15
:10E5300090E75498BDF81210BDF9722100EBD0702D
:10E5400001EB600302EBD272401000EB6200A3EB20
:10E5500062030844ADF84230ADF8460004AA30A981
:10E560005FA8F9F7FEF848B15FA90020CAF80810C3
:10E570000090A06A10AA50F8273000E007E03AA9FE
:10E580005046083306F094FD30A9CAF8081042AA94
:10E590001B21204609F036FBB0E60000A05C02001B
:10E5A00030B5054691F82A0089B00C4602285FD99B
:10E5B000E08C00285CD0114604A804F03BFF208DBD
:10E5C000BDF81010401E091AADF81010BDF8121059
:10E5D000091AADF81210BDF814100144ADF814106A
:10E5E000BDF816100844ADF8160004A906A804F0FA
:10E5F00021FFBDF81810E08CBDF81220091AADF803
:10E600001810BDF81C100844ADF81C00BDF81A0025
:10E61000E18C401AADF81A00BDF81E00E18C0844E8
:10E62000ADF81E00BDF81400BDF81010401ABDF87A
:10E630001610401C891A491C00B209B2B4F9002016
:10E64000884200DA0146B2EB610F00DD4A10E08C2F
:10E65000A178104403B294F82A00CDE90201A08CFD
:10E66000ADF80400009204AA06A92846FDF734F983
:10E6700009B030BD2DE9F0418CB0054609F0C0FA73
:10E680000446284609F084FA8046606A0AF0ABFF27
:10E69000007800283BD1A06A002838D000780028F4
:10E6A00035D001A806F0A4FF01AA4FF400212046AE
:10E6B0000EF0CFF994F86000000705D59DF8210011
:10E6C00040F002008DF82100002120460DF05AFE96
:10E6D0000746002120460DF0EBFE064600212046AD
:10E6E0000DF036FD054604F1140109A804F0C6FE3C
:10E6F000701902B2781901B209A804F013FF0020C2
:10E70000009009AA01A94046A36A06F0D1FC0CB00A
:10E71000BDE8F0817CB50446806961896D468668F4
:10E72000A08961B1002865D0814203D12289E388A4
:10E730009A427CD302297BD003297AD0AFE010BB68
:10E74000E088218988421ED2B4F9060011F012FF38
:10E75000B4F90410B4F90E20891A48432168498895
:10E7600001EBE030ADF80200E0885A3000B211F061
:10E7700001FFA18810FB01F02168098801EBE0305E
:10E78000ADF8040040E020680088ADF80000206883
:10E79000A18840880844ADF80600B4F9060011F0DD
:10E7A000E9FEB4F90410B4F90E20891A484321682F
:10E7B000498801EBE030ADF80200E0885A3000B241
:10E7C00011F0D8FEA18810FB01F0216832460988BB
:10E7D00001EBE030ADF8040069460846F8F7C1FFE8
:10E7E00030B1A0698560D4E90520216907F0BCFC3F
:10E7F000A08970BB2068A18800880844ADF8040097
:10E8000020684088ADF80200B4F9080011F0B2FEAB
:10E81000A18810FB01F02168498801EBE030ADF8D8
:10E82000060020895A3000B211F0A4FE02E015E083
:10E8300012E00FE0B4F90410B4F90E20891A48432D
:10E8400021683246098801EBE030ADF800006946E6
:10E850001AE024E0022801D0012820D120683246A5
:10E860000088ADF8000020684088ADF802002068FC
:10E87000A18800880844ADF804002068A188408879
:10E880000844ADF8060029460846F8F76AFF30B19B
:10E89000A0698560D4E90520216907F065FCA069BD
:10E8A00086607CBD7CB50446806961896D4686685A
:10E8B000A08901290CD0012867D0814203D1228987
:10E8C000E3889A427ED300297DD003297CD0B5E02D
:10E8D000012822D1E088218988421ED2B4F906009D
:10E8E00011F048FEA18810FB01F02168498801EB76
:10E8F000E030ADF80600E0885A3000B211F03AFE80
:10E90000B4F90410B4F90E20891A48432168098823
:10E9100001EBE030ADF8040042E02068A1880088F7
:10E92000401AADF8000020684088ADF80200B4F944
:10E93000060011F01FFEA18810FB01F02168498834
:10E9400001EBE030ADF80600E0885A3000B211F07B
:10E9500011FEB4F90410B4F90E20891A4843216855
:10E960003246098801EBE030ADF8040069460846FC
:10E97000F8F7F7FE30B1A0698560D4E90520216978
:10E9800007F0F2FBA089012858D120680088401EBA
:10E99000ADF804002068A18840880844ADF806005E
:10E9A000B4F9080011F0E6FDB4F90410B4F90E2032
:10E9B000891A48432168498801EBE030ADF802002C
:10E9C000208902E018E010E014E05A3000B211F0A3
:10E9D000D1FDA18810FB01F021683246098801EBC6
:10E9E000E030ADF8000069461DE0022804D003289D
:10E9F00002D023E0022821D12068A1883246008875
:10EA0000401AADF8000020684088ADF80200206888
:10EA10000088401EADF804002068A18840880844A2
:10EA2000ADF8060029460846F8F79BFE30B1A0690C
:10EA30008560D4E90520216907F096FBA06986600E
:10EA40007CBD7CB50446806961896D468668A08975
:10EA500002290CD002287ED0814203D12289E3888A
:10EA60009A4279D3002978D0012977D0D4E00228BE
:10EA70003FD1E088218988423BD25A3000B211F060
:10EA800079FDA18810FB01F02168098801EBE030D5
:10EA9000ADF80000B4F9060011F06CFDB4F90410F3
:10EAA000B4F90E20891A48432168498801EBE03007
:10EAB000ADF80600B4F9080011F05CFDA18810FB68
:10EAC00001F02168498801EBE030ADF802002089AF
:10EAD0005A3000B211F04EFDB4F90410B4F90E2012
:10EAE000891A48432168098801EBE030ADF8040039
:10EAF00066E020680088401EADF804002068A18808
:10EB00004088401AADF80200E0885A3000B211F097
:10EB100031FDA18810FB01F02168098801EBE0308C
:10EB2000ADF80000B4F9060011F024FDB4F90410AA
:10EB3000B4F90E20891A484321683246498801EB0E
:10EB4000E030ADF8060069460846F8F70AFE58B10D
:10EB5000A069856003E00AE03BE034E036E0D4E9F8
:10EB60000520216907F000FBA089022854D1206804
:10EB7000A1880088401AADF8000020684088401E37
:10EB8000ADF8060020895A3000B211F0F3FCB4F958
:10EB90000410B4F90E20891A48432168098801EB52
:10EBA000E030ADF80400B4F9080011F0E3FCA188EE
:10EBB00010FB01F02168498801EBE030ADF802005C
:10EBC000324669461DE0032803D025E0032800D023
:10EBD00010BB2068A18832460088401AADF80000BA
:10EBE0002068A1884088401AADF8020020682946B4
:10EBF0000088401EADF8040020684088401EADF833
:10EC000006000846F8F7ADFD30B1A0698560D4E98B
:10EC10000520216907F0A8FAA06986607CBD7CB553
:10EC20000446806961896D468668A08903290ED0F3
:10EC3000032867D0814203D12289E3889A427ED398
:10EC400002297DD001297CD002297BD0B1E00328A4
:10EC50001FD1E088218988421BD25A3000B211F0BE
:10EC600089FCB4F90410B4F90E20891A48432168CC
:10EC7000098801EBE030ADF80000B4F9060011F0AE
:10EC800079FCA18810FB01F02168498801EBE03094
:10EC900040E02068A18800880844ADF8040020689E
:10ECA0004088401EADF80600E0885A3000B211F0EE
:10ECB00061FCB4F90410B4F90E20891A48432168A4
:10ECC000098801EBE030ADF80000B4F9060011F05E
:10ECD00051FCA18810FB01F021683246498801EB04
:10ECE000E030ADF8020069460846F8F73AFD30B169
:10ECF000A0698560D4E90520216907F035FAA0896B
:10ED0000032856D120680088ADF800002068A1884B
:10ED10004088401AADF8020020895A3000B211F044
:10ED200029FCA18810FB01F02168098801EBE03083
:10ED3000ADF80400B4F9080011F01CFC03E016E083
:10ED400010E013E00FE0B4F90410B4F90E20891AB2
:10ED5000484321683246498801EBE030ADF80600AF
:10ED600069461BE018B1012801D022E008BB2068E9
:10ED700032460088ADF800002068A1884088401A1B
:10ED8000ADF802002068A18800880844ADF80400AE
:10ED9000206829464088401EADF806000846F8F76E
:10EDA000E0FC30B1A0698560D4E90520216907F055
:10EDB000DBF9A06986607CBD70B5A4B00C46054641
:10EDC00020AA22A90CF005FE22A804F072FB20B9AB
:10EDD00020A804F06EFB00283ED012A9284613F0AC
:10EDE0008AFC012838D1214668460CF0F5F91B4809
:10EDF00001900220029012A804904FF480300D90F0
:10EE000022A804F056FB80B122A803906A461A217A
:10EE1000284608F0F7FE22AA12A9204607F0A4F916
:10EE20006A461B21284608F0EDFE20A804F041FBAD
:10EE3000002811D020AE6A461A212846039608F011
:10EE4000E1FE20AA12A92046039607F08DF96A4632
:10EE50001B21284608F0D6FE24B070BD6044020095
:10EE60002DE9F74FB1F92E00AAB014460E4600283E
:10EE700072D096F8361002296ED9012808D1B6F959
:10EE80003400002804DC308E10B9708E0028EFD0DA
:10EE90002088318E4218B08E151AADF82850A288FD
:10EEA00011440B18ADF82C306088718E0844B18E77
:10EEB000421AADF82A20E088718E0844B18E0144D0
:10EEC000ADF82E10B6F92E0000EBD070A5EB600562
:10EED0006D1EADF84C50012505EB60001844ADF8EF
:10EEE0005000B6F92E0000EBD070A2EB6000401E7F
:10EEF000ADF84E00B6F92E0000EBD07005EB6000C7
:10EF00000844ADF8520096F836002990FD2801D942
:10EF1000FF2029902A9813A9826827A8F8F721FCD6
:10EF20000028A5D021461DA804F084FA4FF0FF3830
:10EF3000414642461DA804F0E8FAB6F900901DA823
:10EF400004F0D1FA04461DA804F0A1FA84421DA8D9
:10EF500003DA04F0C8FA02E0FEE304F098FAB9EB31
:10EF6000600F01DD4FEA6009B6F900400AA804F01D
:10EF7000BAFA05460AA804F08AFA85420AA802DA13
:10EF800004F0B1FA01E004F082FAB4EB600F00DDA6
:10EF90004410B6F92E00051905FB05F040000BF0F2
:10EFA000BFF810900146B6F92E2023460AA813F0A8
:10EFB000C3FC13A806F0B0FD012720B9F078FF28A4
:10EFC00001D3B07860B1002701234A461DA920A8CB
:10EFD00007F00EF8002120A806F0BEFB269001E005
:10EFE000CDF8988013A804F07EFA0BF099F88346C8
:10EFF0001C2115A80BF000FACDF854D0CDF860B064
:10F00000CDF868D0B08DADF85C0096F836008DF87C
:10F010006C00B0788DF86D00BDF85000BDF84C2044
:10F02000ADF80400811A491C09B201EBD17102EB61
:10F0300061010FFA81FABDF85220BDF84E10401B55
:10F04000521A521C12B202EBD27201EB6202401C45
:10F0500014B200B26A1EADF80000ADF802101144FF
:10F0600009B20992ADF806105246504500DC104630
:10F07000ADF80000A14200DB21462A98ADF8061049
:10F080006946826806A8F8F76CFBD0B34A461DA90A
:10F0900006A8F8F78EFBA0BBBDF81C00BDF9181040
:10F0A000BDF91A20401A401C00B20890BDF94E303C
:10F0B0001098D21A02FB0500BDF95020521B891A84
:10F0C0000844401E059047B14A461DA906A8F8F716
:10F0D000E0FB10B101200F9000E00F970898002886
:10F0E00027DDBDF81800ADF80000BDF81C00ADF834
:10F0F00004000220CDF860B08DF86400BDF91A80DC
:10F1000013E016E0ADF802800F98ADF8068070B3FA
:10F110000598189015A92A9807F030FA0598284400
:10F12000059008F101000FFA80F8BDF91E10414565
:10F13000E8DABDF85000ADF80400401B401C00B2F6
:10F14000ADF80000BDF85220ADF80620511B491C57
:10F1500009B2ADF802105246504500DC1046ADF839
:10F160000000601C1190814216DD084615E0FFE7A3
:10F170002A46584605990BF06DF8BDF9181042461D
:10F180005846089B06F08AFC8DF864000128C1D11E
:10F1900002208DF86400BDE7601CADF802002A98DB
:10F1A0006946826806A8F8F7DCFAD0B34A461DA97A
:10F1B00006A8F8F7FEFAA0BBBDF81C00BDF91810B0
:10F1C000BDF90620401A401C00B20890BDF91E305F
:10F1D0001098D21A02FB0500BDF95020521B891A63
:10F1E0000844401E059047B14A461DA906A8F8F7F5
:10F1F00050FB10B101200F9000E00F9708980028F5
:10F2000027DDBDF81800ADF80000BDF81C00ADF812
:10F2100004000220CDF860B08DF86400BDF91E80B6
:10F2200013E016E0ADF802800F98ADF80680B0B399
:10F230000598189015A92A9807F0A0F90598284470
:10F240000590A8F101000FFA80F8BDF91A104145A8
:10F25000E8DDBDF84C0009992844ADF80000BDF880
:10F260005000401BADF80400BDF84E00ADF80200A0
:10F27000084400B2ADF80600A04200DB2046ADF81D
:10F2800006002A986946826806A8F8F76AFAB0B3B9
:10F290004A461DA906A8F8F78CFAA8B17CE0FFE75A
:10F2A0002A46584605990AF0D5FFBDF9181042467E
:10F2B0005846089B06F0F2FB8DF864000128B9D18E
:10F2C00002208DF86400B5E7BDF81C00BDF81810E9
:10F2D000BDF90220401A401C00B20890BDF91A1076
:10F2E0001098891A01FB050005904FB14A461DA9E7
:10F2F00006A8F8F7CEFA18B101200F9001E04BE014
:10F300000F970898002847DD0F9860B100201890EB
:10F31000BDF81800ADF80000BDF81C00ADF8040001
:10F32000BDF91A0033E0CDF860B0F1E7ADF8028026
:10F330000F98ADF8068060B12998FF2805980078ED
:10F3400004D096F8361010FB01F0000A8DF86C001E
:10F3500013E00598089A017858460BF01BF8BDF9A0
:10F36000181042465846089B06F098FB8DF864003A
:10F37000012802D102208DF8640015A92A9807F00F
:10F38000FDF805982844059008F1010000B2BDF988
:10F390001E1080464145C9DA96F836008DF86C009B
:10F3A000BDF84C002844ADF80000BDF85000BDF891
:10F3B0005210401BADF80400481B401CADF806106D
:10F3C00000B21199ADF80200884200DC601CADF873
:10F3D00002002A986946826806A8F8F7C2F978B34D
:10F3E0004A461DA906A8F8F7E4F948BBBDF81C0079
:10F3F000BDF81810BDF91E20401A401C00B208903C
:10F40000BDF906101098891A01FB050005900898AF
:10F41000002851DD3FB14A461DA906A8F8F739FA80
:10F420000020189001E0CDF860B0BDF81800ADF8EC
:10F430000000BDF81C00ADF80400BDF91E0036E068
:10F440003AE000BFADF80280ADF806808FB14A46C1
:10F450001DA906A8F8F71DFA2998FF280598007835
:10F4600004D096F8361010FB01F0000A8DF86C00FD
:10F4700013E00598089A017858460AF08BFFBDF909
:10F48000181042465846089B06F008FB8DF86400A9
:10F49000012802D102208DF8640015A92A9807F0EE
:10F4A0006DF8059828440590A8F1010000B2BDF957
:10F4B0001A1080464145C5DD96F836008DF86C007F
:10F4C000BDF85000ADF80400411BBDF84E00491CCA
:10F4D0000AB22844ADF8002000B2ADF80200BDF831
:10F4E0005210119B491B09B2ADF80610984200DB7F
:10F4F000601CADF80200A14200DC2146ADF8061008
:10F500005046524500DC02462A98ADF80020694674
:10F51000826806A8F8F725F9B8B34A464E461DA9F1
:10F5200006A8F8F746F980BBBDF81C00BDF9181015
:10F53000099A401A401C00B20890109802FB05007E
:10F54000BDF95020521B891A0844401E0590EFB1A6
:10F5500032461DA906A8F8F79CF910B14FF0010832
:10F5600000E0B846059818900898002836DDBDF8E8
:10F570001800ADF80000BDF81C00ADF80400022032
:10F580008DF86400BDF91A6024E027E0B8465846BB
:10F59000E9E700BFADF80260ADF80660B8F1000F12
:10F5A00012D15846089A05990AF054FEBDF9181070
:10F5B00032465846089B06F071FA8DF8640001281F
:10F5C00002D102208DF8640015A92A9806F0D6FF12
:10F5D000761C36B2BDF91E00B042DBDA002210986C
:10F5E00017E000BF00EB050EAEF10101002305EBB3
:10F5F000D57608E090F800C091F8008000F8018B03
:10F6000001F801C95B1CB3EB660FF3DB521C7046BB
:10F6100012B2AA42E6DBBDF84C000999ADF8000031
:10F62000084401B2BDF84E00119B284400B2ADF869
:10F630000200BDF85220ADF80410521B12B2ADF812
:10F640000620984200DB601CADF80200A24200DCFC
:10F650002246AAF10100ADF806200C90814200DBA1
:10F6600001462A98ADF804106946826806A8F8F7A2
:10F6700078F8A8B34A464E461DA906A8F8F799F8A7
:10F6800070BBBDF81C00BDF91810099A401A401C47
:10F6900000B20890109802FB0500BDF90020891AFD
:10F6A00008440590EFB132461DA906A8F8F7F1F815
:10F6B00010B14FF0010800E0B8460598189008987E
:10F6C000002835DDBDF81800ADF80000BDF81C00BD
:10F6D000ADF8040002208DF86400BDF91A6023E043
:10F6E00026E0B8465846E9E7ADF80260ADF8066096
:10F6F000B8F1000F12D15846089A05990AF0AAFDF0
:10F70000BDF9181032465846089B06F0C7F98DF827
:10F710006400012802D102208DF8640015A92A98FE
:10F7200006F02CFF761C36B2BDF91E00B042DBDAC3
:10F73000BDF84C000999ADF800000844BDF84E1022
:10F74000099AADF80210114400B2ADF8040009B2F4
:10F75000ADF806100C9A00E05AE1904201DBAAF1E4
:10F760000100ADF80400A14200DB21462A98ADF863
:10F7700006106946826806A8F7F7F3FFC0B34A4649
:10F780001DA906A8F8F715F890BBBDF81C00BDF937
:10F790001810BDF91A20401A401C00B20890BDF99B
:10F7A00002301098D21A02FB0500BDF90020891A18
:10F7B00001EB000847B14A461DA906A8F8F769F809
:10F7C00010B101200F9000E00F970898CDF860B0BD
:10F7D000002822DDBDF81800ADF80000BDF81C00BF
:10F7E000ADF8040002208DF86400BDF91A6010E045
:10F7F00013E000BFADF802600F98ADF80660C8B323
:10F80000CDF8608015A92A9806F0B8FE761CA844A9
:10F8100036B2BDF91E00B042ECDABDF84C00ADF8CE
:10F8200000000999BDF85220084401B2501BADF800
:10F830000410401CADF8062000B2119AADF8020089
:10F84000904200DC601CADF802000C98814201DBA4
:10F85000AAF101012A98ADF804106946826806A849
:10F86000F7F77FFFC8B34A461DA906A8F7F7A1FF1F
:10F87000A8B15AE0FFE72A46414658460AF0EAFC9A
:10F88000BDF9181032465846089B06F007F98DF866
:10F8900064000128B6D102208DF86400B2E7BDF8FB
:10F8A0001C00BDF91810BDF90620401A401C0FFAC3
:10F8B00080FABDF91E301098D21A02FB0500BDF97E
:10F8C0000020891A0E184FB14A461DA906A8F7F75D
:10F8D000E0FF18B14FF0010801E026E0B846CDF88E
:10F8E00060B0BAF1000F20DDBDF81800ADF80000DF
:10F8F000BDF81C00ADF8040002208DF86400BDF9CD
:10F900001E400EE0ADF80240ADF80640B8F1000F21
:10F910002FD0189615A92A9806F030FE641E2E44A2
:10F9200024B2BDF91A00A042ECDDBDF84C006946D6
:10F930002844ADF80000BDF85000401BADF80400AD
:10F94000BDF84E00CDF860B02844ADF80200BDF817
:10F950005200401BADF806002A98826806A8F7F707
:10F9600000FFE8B34A461DA906A8F7F722FFA0B199
:10F9700041E02A46314658460AF06CFCBDF91810A1
:10F9800053462246584606F089F88DF8640001284F
:10F99000C0D102208DF86400BCE7BDF91C10BDF990
:10F9A00018000A1A521C15B2002D24DDADF80410FF
:10F9B000ADF80000BDF91A4019E000BFADF80240F3
:10F9C000ADF80640294658460AF044FDBDF9181026
:10F9D0002B462246584606F061F88DF8640000E098
:10F9E00009E015A92A9806F0C9FD641C24B2BDF9E6
:10F9F0001E00A042E2DA2FB920A806F071F826987E
:10FA000006F0A2FB10980AF0D7FB58460AF0D4FB88
:10FA10002DB0BDE8F08F2DE9FF5F0C469346804680
:10FA20002021DDF838A00CF05FFF002878D0BAF173
:10FA3000030F40461DD00BF0B0FF814609F020FABD
:10FA4000002705463E46BAF1030F3946404613D01B
:10FA50000CF0ECFC8246002140460CF003FC4946C9
:10FA6000B9F1010F5DD0022963D0B9F1030F66D15E
:10FA70003BE00BF08BFFE0E70CF048FC82460021F6
:10FA800040460CF085FC4946B9F1010F1ED0022911
:10FA900024D0B9F1030F52D1B8F81820B8F81410D7
:10FAA000521A521C13B2A3EB0A02101A00EBD072C6
:10FAB0000AEB6200084407B2298BA88A091A491C7C
:10FAC00009B201EBD17100EB610027E0B8F8141026
:10FAD000B5F9146001EB0A0007B230E0B8F818106D
:10FAE000B5F91860081A07B229E0B8F81A20B8F872
:10FAF0001610521A521C13B2A3EB0A02101A00EB92
:10FB0000D0720AEB6200084407B2688BE98A401A97
:10FB1000401C00B200EBD07001EB600006B20EE0BA
:10FB20002FE0B8F81610B5F9166001EB0A0007B21D
:10FB300005E0B8F81A10B5F91A60081A07B2A01E45
:10FB4000039900B2002910DAB9F1000F15D0BE42B6
:10FB500021DC12E0002C01DDA41C24B2E01704EB30
:10FB60009070801004B0BDE8F09FBBF1000F12DA76
:10FB7000B9F1000F01D0BE420DDB002CEADA0446D9
:10FB8000E8E70398E04202D50398404204B2BBEB99
:10FB9000040000D55C462046E4E770B5044609F051
:10FBA0005FF948B1006882680AB1217A9047207EE7
:10FBB000810742D4C0077BD1002160680BF06CFD47
:10FBC000002518E0017A0A0610D5802904D0227A8F
:10FBD00021F08001914209D14168E160016820462D
:10FBE0008847207E810728D4C00761D16D1C294633
:10FBF00060680BF051FD18B101680029F6D0E1E70B
:10FC0000214600200BF094FC050053D000216068D1
:10FC10000BF042FD002619E0016891B1017A0A0655
:10FC20000FD411B1227A91420BD14168E160016891
:10FC300020468847207E810701D5012070BDC0077E
:10FC400036D1761C314660680BF026FD10B1012DCF
:10FC5000E2D02FE0012D2DD16068416851B3217EA3
:10FC6000490727D4217A232919D0242917D0A90399
:10FC70000CF03AFEF0B1207A11381C280FD2DFE8E0
:10FC800000F019191919191919191919190E0E193C
:10FC90000E0E191919190E0E0E0E19190E1960688B
:10FCA000406860602046FFF778FF0546012801D0D4
:10FCB000002070BD284670BD2DE9FF4F8A880B8853
:10FCC00089B0D21A521C17B2CA8849880446511A00
:10FCD000DDE916B8491C19980FFA81F9012813D0EB
:10FCE000022813D0032843D1434E00BF5FEA080027
:10FCF0000ED0002006902088ADF8140098F800007F
:10FD0000FD2838D35A4639E03C4EEFE73C4EEDE74C
:10FD10002088ADF80000ADF808005A4600990C980C
:10FD2000B0470590002020E0002517E0BDF808004E
:10FD300034F8151088420BD004EB45005A46008871
:10FD4000ADF81400ADF8080005990C98B04705907F
:10FD500004EB4500BDF8141001806D1CBD42E5DBCD
:10FD60000B9804EB400408F1010080464845DBDBBA
:10FD70000DB0BDE8F08F00FB0BF0020A05990C985E
:10FD8000B0470890002033E0002528E018F805006F
:10FD900020B30699884205D1BDF8141034F8152017
:10FDA000914216D0FD2801D35A4602E000FB0BF029
:10FDB000020A04EB45000088ADF8180006990C987B
:10FDC000B047089018F80500069034F81500ADF813
:10FDD000140004EB4500BDF8201001806D1CBD42ED
:10FDE000D4DB0B98189904EB400488440AF1010015
:10FDF00082464845C8DBBBE7DFAC000057AC0000DB
:10FE000063AD00002DE9FF4F044688880A8883B05F
:10FE1000801A401C05B2C8884988DDE910A6401A3E
:10FE2000401C0FFA80F976B1BDF81800BAF1FD0F49
:10FE300000EB004000907CD3A5F104084FF0000BCC
:10FE4000BDF818A049E1BAF1FD0F0FD3002608E074
:10FE50002A462046069904F07BFB0598761C04EBA5
:10FE600040044E45F4DB07B0BDE8F08FBDF800104C
:10FE7000002060F3020189B260F3C70189B260F328
:10FE80000C2189B260F34F31ADF8001088B20090B8
:10FE9000BDF80000009001465246069804F040FC70
:10FEA00001900AF104000699C008C00689B2000E4C
:10FEB000C1F3C40212FB00F262F30F064A07920E6E
:10FEC00002EB513212FB00F262F31F46C1F3042130
:10FED00011FB00F161F30F07BA46C0F1FF020023E6
:10FEE0005AE0002052E000BFBDF8007034F8101056
:10FEF0008F4245D004EB40010988ADF80810BDF8E9
:10FF00000870ADF80010B1B2C7F3C40C1CFB0211AD
:10FF100001EBC11C0CEBC131C1F3C45CBDF8041092
:10FF20006CF3C7014FEA477C4FEA9C6C0CEB573CE3
:10FF300000E0D9E04FEA16481CFB028C0CEBCC1811
:10FF400008EBCC384FEA986868F302010CEBCC1848
:10FF500008EBCC3CCCF3C25C6CF34F311FFA8AFC4B
:10FF6000C7F3042717FB02C707EBC71C0CEBC73707
:10FF7000C7F3C45767F30C21ADF8041089B201919F
:10FF800004EB4007BDF804103980401CA842ABDBED
:10FF900005985B1C04EB40044B45A2DB63E700279C
:10FFA00010E03278FF2A12D02088ADF804000199C1
:10FFB000069804F0B5FB0190BDF804002080A41C55
:10FFC000761C7F1CAF425DDAB007EAD15AE0A4F894
:10FFD00000A0F4E73068411C43D0E8B33278FF2A30
:10FFE00053D02088ADF804000199069804F098FBDE
:10FFF0000190BDF80400208016F8012FA41CFF2AF0
:020000040001F9
:1000000046D02088ADF804000199069804F088FBDA
:100010000190BDF80400208016F8012FA41CFF2ACF
:1000200039D02088ADF804000199069804F078FBD7
:100030000190BDF80400208016F8012FA41CFF2AAF
:100040002CD02088ADF804000199069804F068FBD4
:100050000190BDF8040000E011E02080A41C761C93
:100060000FE0A00707D0A4F800A0022000990151DA
:10007000A4F806A003E000982060009860600834AF
:10008000361D3F1D4745A5DD1CE0A4F800A0B3E7E1
:10009000A4F800A0C0E7A4F800A0CDE7A4F800A051
:1000A000DCE73278FF2A1CD02088ADF804000199E3
:1000B000069804F035FB0190BDF804002080A41CD4
:1000C000761C7F1CAF42ECDB05980BF1010B401B4B
:1000D00004EB40041298401B0644CB45FFF65FAF8B
:1000E000C1E6A4F800A0EAE700222188ADF80010DC
:1000F0009346104633E0002727E0307818B390424B
:1001000005D0FF282FD000FB0AF31B0A9B46904224
:1001100003D134F81700814210D0BBF1FF0F24D077
:1001200004EB47005A460088ADF800000099069895
:1001300004F0F6FA0090327834F8171004EB470018
:10014000BDF800300380761C7F1CAF42D5DB0598DC
:1001500004EB40041298401B064408F1010080465D
:100160004845C8DB7FE65346D0E70698E2E7000043
:100170002DE9FF4F83B00C46DDF84480F8F7D4FB3F
:10018000BDF818A08146B8F1000F0CD0A0882188D6
:10019000401A401C07B2E0886188401A401C0FFAE0
:1001A00080FB002641E0B4F9026017E0B4F900508A
:1001B0000FFA86F80DE010980290ADF804A0CDF883
:1001C0000080D9F800002BB2059AC7690399B84797
:1001D0006D1CB4F90400A842EDDA761CB4F90600EF
:1001E000B042E3DA07B0BDE8F08F002518E000BFA9
:1001F00018F8050098B11099ADF804A04843000A1A
:10020000029060880399304400B200902088059ADB
:10021000284403B2D9F80000D0F81CC0E0476D1C98
:10022000BD42E5DB1298761C80445E45DDDBD9E7F4
:1002300000680968884201D101207047002070479A
:1002400040680A6820F04040904200D208600020D8
:1002500070472DE9F04F4FF0000991B00446CB46AE
:1002600008F0FEFD0068CA46007E0290D4F82480A3
:10027000CDF81CA0208BA18A08442083608BE18AE2
:1002800008446083DDE000274FF4807546460A97F6
:100290000FE0002130460CF0E3F9384407B20021AA
:1002A00030460CF0FBF945432D1230460BF04AFA6C
:1002B0000646002EEDD1A069019017B9B5F5807FF3
:1002C00009D0784201B24FF4803090FBF5F20AABCE
:1002D00001A80EF033F8BDF90410002900DC4942F2
:1002E000BDF90600002800DC404281424FF00100C9
:1002F00001DD824600E00790102140460CF0F4FA40
:1003000000287ED0079D57462E464046CDF800A0D7
:100310000BF076FAC10700D10027810701D4002134
:100320000091410700D40025000700D40026404674
:100330000BF03AFB0F9040460BF010FA0E9040463F
:100340000BF066FA0D9040460BF0C2FA0F990029A7
:1003500002DC0E9900290FDD25B1BDF906200299B6
:100360008A4206DA46B10299BDF9062049428A421C
:1003700002DCC1464FF00C0B0D99002901DC00286E
:1003800010DD27B1BDF9042002998A4207DA0099ED
:1003900041B10299BDF9042049428A4202DCC146BA
:1003A0004FF0030B0F99002900DC00250E9900295E
:1003B00000DC00260D99002900DC0027002801DC64
:1003C0000020009027B1BDF904100298814214DA90
:1003D000009828B10298BDF90410404281420CDD1A
:1003E00025B1BDF906100298814206DA4EB1029895
:1003F000BDF90610404281420EDCBAF1000F03D075
:1004000000E009E0032100E00C2194F8400061F3D2
:10041000030084F8400018E04FF4807140460CF06F
:1004200063FA3AEA000010D14FF4007140460CF034
:100430005BFA01460798884307D140460BF082F9E2
:100440008046B8F1000F7FF41EAFB9F1000F0AD05B
:1004500094F8401000206BF3030184F84010C4F8B6
:100460002C902083608311B04846BDE8F08F0000D7
:100470002DE9FF4F83B08B4682460BF087FA0600CA
:1004800012D041F6FF784446002150460BF03EFF63
:100490000090002150460BF07BFF019050460BF07E
:1004A0006FF8074600255FE0002007B0BDE8F08F39
:1004B000DAF808003149006850F8250081460CF050
:1004C0001AFAE8BB4FF4805148460CF00DFAB8B365
:1004D000012E04D0022E08D0032E44D11AE0B9F91F
:1004E0001400BAF81420009932E0BAF818200199E3
:1004F000B9F91800511A069A09B2104400B25845C9
:1005000031DB059A90422EDC401A00B2002821DD32
:10051000014620E0B9F81820B9F81410BAF81830DC
:10052000501A401C00B200EBD070BAF8142001EB56
:100530006000991A491C0BB2009900B25B1A00E0E6
:1005400011E00199591A01EBD173009901EB630194
:100550001144D0E74142002C01DD224600E0624216
:10056000914200DA04466D1CBD42A1D3444501D13D
:10057000002000E0604200B297E7000001000400A4
:100580002DE9FF4F83B08B4682460BF006FA06003A
:1005900012D041F6FF784446002150460BF046FF4A
:1005A0000090002150460BF05DFE019050460AF08D
:1005B000E7FF074600255FE0002007B0BDE8F08FA9
:1005C000DAF808003149006850F8250081460CF03F
:1005D00092F9E8BB4FF4805148460CF085F9B8B366
:1005E000012E04D0022E08D0032E44D11AE0B9F90E
:1005F0001600BAF81620009932E0BAF81A200199CC
:10060000B9F91A00511A069A09B2104400B25845B5
:1006100031DB059A90422EDC401A00B2002821DD21
:10062000014620E0B9F81A20B9F81610BAF81A30C5
:10063000501A401C00B200EBD070BAF8162001EB43
:100640006000991A491C0BB2009900B25B1A00E0D5
:1006500011E00199591A01EBD173009901EB630183
:100660001144D0E74142002C01DD224600E0624205
:10067000914200DA04466D1CBD42A1D3444501D12C
:10068000002000E0604200B297E700000100040093
:100690002DE9FF4F83B00E46DDE910B41746002167
:1006A00003980CF00DF80546002103980BF06EFD41
:1006B0000146F07882070BD5C30742F2D17202D00F
:1006C000954202D006E0914206D120F00200F0707F
:1006D000C00701D07B4800E07B488146F078C00726
:1006E00012D079484FF0000AA4F802A0A4F804A0A0
:1006F000C4F810A0A4F800A0C4F808A0C4F80CA086
:10070000804639460197A9E06E48EBE70198B84268
:1007100006D04FF4000128460CF0E6F800286FD10F
:100720006A4928460CF0E7F800286AD100212846DB
:100730000BF01CFD029070B32069401C2061A28860
:1007400002EB0B01A180217DC9076DD000EB800079
:10075000800009F0E5FC0090E0B1E16851B120694A
:10076000401E00EB80008200009809F073FDE068F5
:1007700009F022FD206900EB8001009800EB810068
:100780004FF0000140F8145CF078C007284603D011
:10079000022202E0FEE735E005220BF08FFE216920
:1007A00000B201EB8102009901EB820121F8100CEB
:1007B000F0784FF00001C007284601D0032200E086
:1007C00006220BF07BFE216900B201EB8102009949
:1007D00001EB820121F80E0C2069029900EB8002E6
:1007E000009800EB820040F8081C206900EB8002B2
:1007F000009800EB820040F804AC0098E06013E041
:1008000032E020E02846494688470146F0788007D4
:1008100005D5B4F9040042180698824224DCA28867
:1008200001EB0B001044A080284641468847014652
:10083000B4F90000814202DD284641468847208005
:10084000A068401CA060F078400702D54FF0FF3050
:1008500000E0012001994118019105D403980AF0A4
:100860007DFE051E7FF452AFB4F90400002802DDBE
:10087000A0EB0B00A080206908B1069801E0B4F954
:1008800004006080CDB10198B84216D1039901AA45
:100890008968096851F82050F078C0F38001039806
:1008A00000F0F0FD4DB1284641468847208028469B
:1008B0004946884760800120A060019807B0BDE8E4
:1008C000F08F000057C80100C3B601000100060008
:1008D0002DE9F04FB14D93B0044600216A880BF02A
:1008E000EDFD9DF81710421C62F30001820862F3CF
:1008F0004101C00860F382018DF8171020460021E5
:10090000AA880BF0DBFD8DF8140020460021EA8850
:100910000BF0D4FD8DF81500204600212A890BF03C
:10092000CDFD8DF81600002120460BF0CCFB0128F0
:1009300000D0002081469DF817004FF00001C0074D
:1009400020460CD00BF066FD82469DF817004FF054
:100950000001C007204605D00BF0CCFC04E00BF0F2
:10096000C9FCF1E70BF056FD07909DF81700C00792
:10097000204602D00AF051FE01E00AF034FE069053
:100980002046002132220BF099FD05462046002129
:1009900010220BF093FDE18A2844461820460BF004
:1009A00011F8301AADF820002046002112220BF079
:1009B00085FDA18A2844451820460AF0FCFF281A24
:1009C000ADF840009DF817009DF81660C00701D0F3
:1009D00008AD00E010AD002120460BF071FE119033
:1009E000002120460BF0D2FB83469DF81700C1077B
:1009F00008D0ABF51C52D13A02D1618C490509D51A
:100A0000C10708D1119AA2F51C51D13903D1618CCB
:100A1000090500D40026B9F1000F08D0C00706D19F
:100A200016B1012E02D002E0012600E000260027C8
:100A3000ADF83C70B8468EB39DF81700400703D55B
:100A4000A0684268521E15E0002213E000200E90BC
:100A500009A90798CDE9000105A92046069BFFF7E3
:100A600017FE0246BDF8241007EB0A00084407B23F
:100A700008F10108A0684068904201DD002AE5DA2B
:100A8000B8F1000F02D0A7EB0A0007B29DF81700DB
:100A9000C007204603D00AF0A6FD02E00BE00AF0F2
:100AA000BCFD0FA9CDE9005101460FFA88F33A4683
:100AB000304610F05CFC9DF81700410703D5A16893
:100AC0004E68761E00E00026B9F1000F04D0C00782
:100AD00002D128883844288009AFA0684068B04215
:100AE00049DD002E47DB01200E900798CDE9000775
:100AF000324605A92046069BFFF7CAFD8046B9F19C
:100B0000000F08D09DF81700C00704D12888BDF851
:100B10002410401A2880DDE90601BDF9202002AB2F
:100B2000019283E88300BDF94000009043463246BD
:100B300005A92046F9F72CFD46460C9809F03CFB28
:100B400000200C90B9F1000F03D09DF81700C007EA
:100B50000AD02888BDF82410BDF83C20014402EBDF
:100B60000A0008442880B8E7BDF83C20298802EB39
:100B70000A00081AF6E7119942F2D170814201D0B9
:100B8000834502D120460CF0B1FC00222B212046E7
:100B900007F038F813B0BDE8F08F00003081FF1F78
:100BA0002DE9F74F0546007F93464FF0000AC00736
:100BB00060D14FF00108EC680026C1467CB9287F5F
:100BC000C0F3C000401E304254D1B9F1000F51D0E3
:100BD0000199284688474FF000080446C1460EB9DF
:100BE000261E47D0B8F1000F06D0214628465A46A7
:100BF00090470446B0423DD04FF00108002CDED0B3
:100C000020680BF031FA0006D8D427681FE00121D4
:100C100038460BF069FEB0B12FB1012138460BF018
:100C200063FE0028CAD1E868A04223D0B0B12846AC
:100C300000F0BEFA0246E8680F21006806F0E2FF05
:100C4000012817D106E038460AF07CFD0746002F40
:100C5000DDD1E8E7E86800680CF005F92846EC60AB
:100C600000F0A6FA0246E8680E21006806F0CAFF06
:100C7000012802D05046BDE8FE8FE86800680CF0FD
:100C8000F2F8296909B1284688470120F3E770B5D1
:100C9000426B818C12F0060F06D0C2F34102022A89
:100CA00004D0012A05D022E0008D00E0C08C084469
:100CB0001CE0B0F92C50468DAAB2B24202D202F525
:100CC000B47215B2B0F92830C48C9AB2A24202D2E2
:100CD00002F5B47003B2701900EBD070401084427A
:100CE00001DA601802E0834203DD501881B208B2D5
:100CF00070BD0844FAE700002DE9F34F8FB00546B8
:100D000069460AF0A4FC28460BF0A5FD0B90284686
:100D10000AF0D7FC0A90002128460BF015FB07903B
:100D2000002128460BF052FB0746002128460BF015
:100D30009BFB0446002128460BF0B2FA83460021B3
:100D400028460BF061FB0646002128460BF0C6FA48
:100D500006F0010106EBD67201EB620100F0010220
:100D600000EBD07002EB6000491C401C09B200B2DD
:100D70000D2900DB0D218A460D2800DB0D20814660
:100D80000D2F00DB0D27B8460D2C00DB0D24264669
:100D90005846BBF10D0F01DA074600E00D2700248D
:100DA0006BE0A86A00EBC40108A802F055FBBDF98E
:100DB00020000799884213DCBDF900200D2900DBD3
:100DC0000D21511A00EB0100ADF82000BDF9220001
:100DD000B04233DCBDF902100D2E07DA324606E0D0
:100DE000BDF80020A2EB09010844EDE70D22891AA5
:100DF00000EB01000B99ADF82200BDF92400A1EB36
:100E00000801891E424688421EDBBDF90010B8F178
:100E10000D0F0144104600DB0D2008440A99ADF87F
:100E20002400BDF92600C91B891E88421DDBBDF9BF
:100E300002100D2F08440DDA39460CE0BDF80220EF
:100E4000A2EB0A010844D5E7BDF80010014401EB0C
:100E50000900E3E70D210844ADF82600002208A8A8
:100E60001099F6F766FD58B905E0BDF80210014487
:100E700001EB0A00F0E7641CA4B2288EA04290D8CF
:100E8000288EA04201D14FF6FF7411B02046BDE874
:100E9000F08F10F00F0000D101207047B0F90C0066
:100EA000032101EB400020F00300103070472DE9D2
:100EB000F0474FF0000805461C4616460F46A3F8BB
:100EC0000080404606E0296B228831F81010401C53
:100ED00011442180B042F6D3002128460BF0EDF8F2
:100EE0000128284615D00AF066FD2188081A2080BE
:100EF000002128460BF040FA218808442080296B05
:100F000031F816100844401EA080A4F8028000208A
:100F10001FE00AF050FD21880844208028460BF08D
:100F20009AFC8146002128460BF068FA2288014687
:100F3000A9EB0200401AA080296B31F81610401A64
:100F40002080E2E7E96A628831F81010401C114401
:100F50006180B842F6D3002128460BF0A3FA6188DD
:100F60000844608028460AF02DFD6188081A6080D8
:100F7000E96A31F817100844401EE080BDE8F087A8
:100F80002DE9F05F89469346824600210BF0D0F9A7
:100F90000546002150460BF00DFA804600215046D0
:100FA0000BF056FA0446002150460BF06DF9064648
:100FB00050460BF050FC411BA1EB080750460AF0CD
:100FC00080FB001B801B8742504605DA0BF043FC78
:100FD000411BA1EB080003E00AF073FB001B801B20
:100FE00000EBD07040F34F00BAF8141042191144CE
:100FF000A9F80010BAF8161002191144A9F8021045
:10100000BBF1000F01D0ABF80000BDE8F09F00007D
:10101000024A002152880BF051BA00003C81FF1FA8
:10102000034A10B5002152890BF048FAC0B210BD36
:101030003C81FF1F034A10B5002192890BF03EFA54
:10104000C0B210BD3C81FF1F2DE9FC470F0023D02B
:101050000569686928B10168B94202D14068BDE8F4
:10106000FC87698A00224FF0040CC1F308040CE0ED
:10107000AE6802EB820356F823100CEB8303F35A9D
:10108000791A8B420AD2521C92B29442F0D818B10B
:1010900007606969002048600020E0E702EB8204F5
:1010A0001222A86802EB84020026825C4FF0060937
:1010B000022A0CD04FF00C0A6AB1DFF8A8C008234E
:1010C0004FF01008032A0FD0012A26D043E009EB85
:1010D0008402805A06E00AEB840209EB84038258FA
:1010E000C05A515C461836E0ADF8041008EB840194
:1010F000CDF800C003EB8408425A50F808100223D0
:1011000001A8F7F76FFD30B3A96851F80820801ADD
:1011100009EB84024010895A1CE0ADF8041008EB7A
:101120008401CDF800C003EB8408425A50F808103F
:10113000022301A8F7F756FD68B1A96809EB8403FB
:1011400051F80820801A0AEB840240108A58C95AC4
:1011500032F810000E18686910B1076068694660BF
:1011600030467CE7154202002DE9F0410D46044669
:1011700000F0DEF8071E19D0F88A00212D1A384633
:101180000BF029FA0689002138460BF04BFA00EBE8
:10119000D07105EB6101304409B200B291FBF0F06F
:1011A000A18E80B2814201D8491E88B2BDE8F0818B
:1011B0002DE9F041002607463546304610E000BFD5
:1011C00007F08FFE616DB94209D1022802D00428D0
:1011D00003D003E02046BDE8F081264625462046A0
:1011E00007F044FE0400EBD10EB13046F3E70DB139
:1011F0002846F0E7BDE8F041002007F037BE0000C8
:101200007CB50369006900255B8AC4689E04A368F5
:101210002BD4980F17D00120B0EB937F31D101EB85
:1012200002402668019018480090A068042320F02E
:101230004042314601A8F7F7D5FC10B3801B80105F
:1012400061680D561DE001EB02202668ADF8040030
:101250000E4823F0404200900223314601A8F7F7E0
:10126000C1FC70B1801B4010EAE76068405C995C8B
:1012700038B131B1637B2268401E10FB0320491E48
:10128000455628467CBD0000C3220100D72201003C
:101290002DE9FF4F81B00E461D4617464FF4003131
:1012A00001980AF0F2FE00EBD07044103F1B019849
:1012B000FFF7EDFC81465A3000B20FF05BF910FBEE
:1012C00007F04FEAE03848460FF054F910FB07F0FA
:1012D000C7134FF44039494601980BF029F883466B
:1012E000494601980BF066F80090494601980BF0CA
:1012F000AFF88246494601980AF0C6FF328820447A
:101300004244A2EB0B01091B298032880099424418
:1013100021441144A9807188CA19A2EB0A01091B52
:101320006980718839440844E88005B0BDE8F08FD1
:10133000406A002802D000210AF010B9704700214D
:101340000AF00CB92DE9F04105460F46698C0020E2
:101350000426C1F30513EA680FE000BF06EBC004E2
:1013600014595FEAC41C07D524F07F44BC4203D162
:1013700052F83000BDE8F081401C8342EED84FF0B7
:10138000806000EBB1204FEAB0506884C0F30510D4
:10139000C100104608F046FFE860C0B3688CC0F397
:1013A0000514641E16D06FF003025300E86802EBC8
:1013B000C40141585FEAC11C0CD489010AD403EB73
:1013C000C40C00EBC4018444641EDCE9000CC1E9D8
:1013D000000CEBD1E868082100EBC40009F00CF820
:1013E000082008F06FFEE96841F834000DF049FE6E
:1013F000EA6806EBC400115841F080711150EA68A8
:1014000067F317011150E86850F83400B2E7FFE7BE
:10141000FEE700002DE9FC410068C068C068B0FB31
:10142000F1F4944200DD1446154F78680068806935
:1014300020B30020ADF80000ADF80400ADF80200C4
:1014400025B2681E06B2ADF8066078686946006885
:1014500082699047BDF80600BDF80210401A401C92
:1014600000B2A04202DD351EEBDC01E0002D02DC03
:101470000020BDE8FC81BDF90640641C2046F8E769
:101480005880FF1F136821B15B1E13600BD4806866
:1014900005E05B1C1360806841688B4203DA0068DA
:1014A00050F823007047002070472DE9F843154697
:1014B0000E46044607F0D4FC07F013FD01280AD0BD
:1014C000032808D04FF6FF7005B1288006B13080A0
:1014D0000020BDE8F88307F0C3FC694607F0D6FC9E
:1014E0004FF0000875B320460AF065FABDF8001009
:1014F000084407B2002120460AF0DFFD01280CD085
:10150000A08A00213F1A20460AF036FF381A02B29C
:1015100040460021A5F8008010E0002120460AF096
:101520006DFF218B081AC01BF1E7236B33F81030D5
:10153000194409B28A4205DB401C2880A38C80B282
:101540009842F2D3FEB120460AF03CFABDF80210F0
:101550000844E18A451A002120460AF0A3FF281A10
:1015600002B240460021A6F8008008E0E36A33F8A2
:101570001030194409B28A4205DB401C3080E38CEC
:1015800080B29842F2D30120A3E72DE9FF4F83B048
:1015900005461F460598F7F7D9F90146012088400E
:1015A000B5F8209000F0FF086FEA090080B20190C2
:1015B00095F822004FF0FF36C0F3C00A00244FF028
:1015C000040B1FE0E96801EBC4004268920140D5BA
:1015D000BAF1000F15D10BEBC4028958049AC1F37C
:1015E0000741090491420CD10068817911EA080F82
:1015F00007D06A4605990DF09EFC012830D00228DC
:1016000031D0641C688CC0F30510A042DAD820E009
:10161000E96851F83400827912EA080F18D00BEB10
:10162000C4028A58C2F307411FFA82FA049A0904D5
:1016300091420DD1019A1AEA020F09D1B24507DD94
:101640006A4605990DF077FC01280FD002280AD0D0
:10165000641C688CC0F30510A042D9D8002E0EDBA4
:1016600000983860012007B0BDE8F08F5046CA45A9
:10167000F6D05645ECDA064600983860E8E70020D8
:10168000F1E72DE9F047814642F30006C0F15A0028
:101690001D460F46540800B2761C0EF06BFFA7EBF8
:1016A000040800FB08F0C71148460EF063FF00FB7A
:1016B00008F0C011002F06DD7F3F39120A1B3244AB
:1016C0002A80214405E07F3739120A1B21442A80F1
:1016D000891BA980002806DD7F380012011B3144D8
:1016E0006980204405E07F300012011B204469809E
:1016F000801BE880BDE8F087024A0021D2880AF00A
:10170000DDBE00003C81FF1F2DE9FF4F85B007467D
:101710000798DDE9153200891A4410440FFA80FA5F
:101720000492B88C484384B2A14600255CE0BA6AB2
:1017300052F82410A1B33B6B00264FF0020E33F990
:1017400015B0401E18E000BF04EB060C52F82CC088
:10175000BCF1000F14D09CF800C05FEACC7C0FD025
:1017600005EB06080EEB480C33F80C80761C08EBF2
:101770000B0C0FFA8CFBB6B206EB050C8445E3DBD1
:10178000087880070DD507981599B0F9080001442D
:10179000169808445146504500DC08460FFA80FA76
:1017A0001EE0DDE913020244ABEB020000B2129A24
:1017B000CDE9002000230293DDE9072303A80831C7
:1017C0000EF09CFFBDF90E10049808445146504598
:1017D00000DC08460FFA80FAA01984B2A81985B275
:1017E000641C6D1CA4B2ADB2B88C00EB0901A1421F
:1017F0009DD809B05046BDE8F08F0000034A10B5EF
:101800000021128A0AF05AFEC0B210BD3C81FF1FAF
:10181000034A10B50021528A0AF050FEC0B210BD32
:101820003C81FF1F2DE9FC410C46064600210AF0D1
:10183000D8FE05464FF4802130460AF0D2FEB5F9B5
:101840000870B0F90850002130460AF0F7FEE91997
:1018500001EBD17100EB610005B2304609F031FFB8
:10186000F18A00EBD07001EB600005EBD571A0EBC5
:10187000610060802844E0806946304609F0E7FE58
:10188000BDF800002080BDF80400A080BDE8FC8108
:101890002DE9FF410646FFF752FD040020D04FF42A
:1018A0008027394630460AF09CFE054630465822CD
:1018B00039460AF003FE06B2204607F094FE0146C0
:1018C000002041F6FF72CDE90002029033462A461D
:1018D00003A80EF013FFBDF90C0004B0BDE8F081C1
:1018E0000020FAE72DE9F04104460D46668C002001
:1018F0000423C6F30511E2680BE000BF03EBC00749
:10190000D7595FEA871C03D527F07F47AF4202D043
:10191000401C8142F2D8814203D002EBC000BDE8F6
:10192000F0814FF0806000EBB6204FEAB050608449
:10193000C0F30510C100104608F074FCE060608C34
:10194000C0F30510401E0DD06FF00702E16802EBF6
:10195000C00601EBC0030E44401ED6E90016C3E9E1
:101960000016F3D10821E06808F046FD082008F0D1
:10197000A9FBE16808600DF084FBE168486840F06D
:1019800000704860E16865F317004860E068C6E7EA
:1019900038B50C480D46144690F820004FF002016F
:1019A000C0074FF0120002D00CF07EFC01E00CF0FA
:1019B00093FC2246294602F025FF0090BDF8000066
:1019C00038BD0000200301202DE9F0474FF0000C46
:1019D000DDE90964089DDDF82CA0E1466F1E09BB16
:1019E000052A03D0062A01D0042A02D10023012DA2
:1019F00001D0002109E001225FF000019C4436F88B
:101A00001180491CC4440FFA8CFCA942F6D3ACEBFC
:101A1000030109B2072A2AD2DFE802F004070B29E2
:101A200021160D00A4F8009021E0411A01EBD171BC
:101A300012E0411A11E0411A09B23AB291FBF2F1F7
:101A4000A4F800900BB212E0411A09B22AB291FB3D
:101A5000F2F10BB203EBD3714910218007E0411A78
:101A60000AB2691C09B292FBF1F10BB2238000218A
:101A70000BE000BF34F8112036F811C0624404EBCB
:101A8000410C1A44ACF80220491CB942F2D304EBD1
:101A9000450106EB450231F8021C32F8022C1144D4
:101AA0002288891A0AB2BAF1000F0CD0002108E08E
:101AB00034F8113036F81170C31ADB1B24F81130DA
:101AC000491CA942F4D31046BDE8F08770B58AB02E
:101AD0000446FFF79DFA05462046FFF70DFE002D50
:101AE0005CD000285AD069462046F8F717FA0C2136
:101AF00007A808F081FC2046002132220AF0DEFC13
:101B000005462046002112220AF0D8FC461920463C
:101B1000002110220AF0D2FC0544204609F04BFFB8
:101B2000A18A3144081AADF82400204609F04AFF82
:101B3000E18A2944081AADF82600002507E000686C
:101B400007AA694650F8250000F036FA6D1CA06817
:101B50004168A942F3D8009808F02EFB019808F0DC
:101B60002BFB029808F028FB039808F025FB0021C6
:101B700020460AF0ABFD0546002120460AF00CFB8A
:101B800042F2D1718D4201D0884202D120460BF041
:101B9000ADFC00222B21204606F034F80AB070BDBF
:101BA0000021A0F13002092A01D8D1B216E0612843
:101BB00001D32038C0B2413806280FD2DFE800F048
:101BC000030507090B0D0A2108E00B2106E00C2193
:101BD00004E00D2102E00E2100E00F2108467047CD
:101BE0002DE9F041044690F82A00C00738D0A08CB7
:101BF0000721B0FBF1F0E18CB1FBF0F200FB121217
:101C000000EB40010A4492B2B2FBF0F300FB132058
:101C10000844E2842085002120460AF0E2FC0546C3
:101C2000002120460AF00AFD0746B5F90850204673
:101C300009F0D9FC06462046FFF781FB0246E18CFD
:101C4000E819414306EBD67005EBD573BDE8F041CA
:101C50004010A0EB6300401A01B210460CF0BFBA6E
:101C6000BDE8F0812DE9F843C56A04468021284685
:101C70000AF03AFE4D4FFE0CC8B1284609F08DFE21
:101C800001281DD0022828D0032837D0E786668790
:101C9000284609F07BFE012847D0022850D00328AF
:101CA0005AD0A7862687A08E002872D072E03346CD
:101CB00039463A4604F13400009601F040FCF2E760
:101CC000E88A0023401C01B232462846FEF758FC41
:101CD000E086E88A401E02B209E0B5F91A10002336
:101CE00032462846FEF74CFCE086B5F91A20002360
:101CF00039462846FEF744FC6087C9E7688BE98AC5
:101D00000023401A401C00B200EBD07001EB6008C9
:101D100008F1010001B232462846FEF731FCE086A8
:101D2000A8F10100002302B2E2E7B5F91410002384
:101D300032462846FEF79CFBA086B5F9142009E040
:101D4000B5F91810002332462846FEF791FBA0860D
:101D5000B5F91820002315E0288BA98A0023401A22
:101D6000401C00B200EBD07001EB600808F10100EC
:101D700001B232462846FEF77BFBA086A8F101009F
:101D8000002302B239462846FEF772FB20878AE715
:101D9000FFE7A786208F00B92687E08E00B9E78687
:101DA000608F002800D16687BDE8F88301E0FFFF5F
:101DB00070B50D4C064600200D460A4620601D21D8
:101DC000304605F01FFF206858B1017839B1294627
:101DD000EEF7EEFA28B1304621680DF075FE0020CE
:101DE00070BD012070BD00002C81FF1F2DE9F04166
:101DF00088B01F4614460D4606460BF0A3F800288F
:101E000042D0A54240D04FF4B470854202D9A5F526
:101E1000B475ADB2844202D9A4F5B474A4B2B18C45
:101E20004A1995B221448CB2854202D9A5F5B47500
:101E3000ADB2844202D9A4F5B474A4B207AA06A92B
:101E40003046FFF79DF8394630460AF01EF98046C5
:101E50003046394651220AF031FB04A908B101226B
:101E600000E00022CDE90221CDE90048BDF81C00C8
:101E7000BDF91A1082B2BDF918002B4602F0F2FE2D
:101E800004A930460BF012F808B0BDE8F0811FB588
:101E9000044603AA02A9FFF773F86B46BDF90C20AC
:101EA00002A92046FFF7F4F9204600F053FA011E7C
:101EB00003DD0246684601F028FB694620460AF029
:101EC000F5FF1FBDF0B50546A1F57F408BB00E466E
:101ED000FF3858D0288EB04255D9A86A00EBC60109
:101EE000684601F0B9FA03A9284609F0B0FB0021C1
:101EF00028460AF089FA0746002128460AF0EEF93A
:101F00000446284609F0AAFB02F0FEFD0A2190FBD8
:101F1000F1F2BA4201DB90FBF1F790FBF1F33AB238
:101F2000A34201DB90FBF1F4BDF80C30BDF80000DA
:101F3000991A0844ADF80000BDF80E10BDF8020073
:101F40000F1B3844BDF8047000B23B441A44ADF88E
:101F50000420BDF80620ADF802001144214409B266
:101F6000ADF80610AA8EB24209D1EA6A32F81620FC
:101F7000520504D5091A491C401AADF802006946F9
:101F800028460AF093FF0BB0F0BD70B505460AF085
:101F900062FC0446284609F094FB844201DB0120E0
:101FA00070BD002070BD28B10A2803D00D2801D0D3
:101FB00000207047012070472DE9F74F0D4682B091
:101FC0000446B0490AF097FC00287DD12046FFF76F
:101FD00031F882462046FFF71BFC5FEA000973D008
:101FE000BAF1000F70D02046FFF71AF807462046D6
:101FF000FFF704FCDFF890B2064620460021BBF84C
:102000000E200AF05BFA00F0FF0820460021BBF822
:1020100014200AF053FAC0B201902B6807EB0A00B3
:102020006FF00102D5F808C033F8171002EB40003A
:102030001B5A3CF800001844401A00B200906B682C
:1020400006EB090002EB400033F816101A5AEB6851
:10205000185A1044401A0FFA80FB002120460AF05B
:1020600038F801280AD1B8F1000F03D0B8F1020FF7
:1020700002D003E0022000E000208046208BA18AED
:10208000401A401C0FFA80FA608BE18A401A401C0B
:102090000FFA80F94046B8F1010F1BD0022824D076
:1020A0002868B8F1030F30F9170028D18046608CFA
:1020B000DDF800A040F400606084019801287BD026
:1020C000022877D0032800E0D8E0686830F916705D
:1020D00071D119E029680098A0EB0A0031F81710B7
:1020E00000EBD07001EB600008E020460AF0B3FB83
:1020F000296831F8172000991144081A00B2804667
:10210000608C20F40060D7E7608CD94640F4806092
:10211000608420460AF09FFB504504D1204609F018
:10212000D0FA484527D0A08AADF80000E08AADF883
:102130000200208BADF80400608BADF8060020464D
:102140000AF091FE04F114005146054601F003FA2D
:102150004946284601F0FAF920460AF084FE6A460C
:102160002921204605F04EFD204609F0EBFA2246D3
:10217000222105F047FD204600216B220AF09EF93E
:1021800006B2204600216C220AF098F905B22046DA
:102190000AF061FB8146204609F093FA0146C6F336
:1021A000413064224FF4FA634FF47A7C01281BD04B
:1021B00027E001E00AE013E06968ABEB090000EBFF
:1021C000D07031F8161001EB600008E0204609F0ED
:1021D00078FA696831F8162002EB0B01081A07B289
:1021E000608C20F4806093E726F4C040984208DCBD
:1021F000604501DDC0F57A7000FB09F090FBF2F05C
:1022000006B2C5F3413001280BD125F4C0409842F5
:1022100007DC604501DDC0F57A70484390FBF2F0C1
:1022200005B2049A08EB0600791912891044A28AB3
:10223000801A05B2049840890844E18A401A06B21F
:1022400055EA06001AD020460AF00DFEA08A28445E
:10225000A082208B28442083E08A3044E082608B77
:102260003044608320460AF0FEFD05B03246294620
:102270002046BDE8F04F00230AF09CBE05B0BDE843
:10228000F08F0000010006003C81FF1F2DE9F041A6
:10229000064615460F46002005E039462046B04761
:1022A00001280AD020460EF0ABFF040002D060687F
:1022B0008000F2D10020BDE8F08105B12C60012042
:1022C000F9E703880A88934201D0981A704740883A
:1022D0004988401A704703780A78934201D0981AC7
:1022E000704740784978401A704700002DE9F04166
:1022F0004268096822F040428A4227D10446FEF72C
:10230000CDFDDFF84C800546D8F80820131BA2EB62
:1023100005005E1BC8F8080015D027466119324633
:10232000384607F097FF06E0A068401BA0602046F3
:10233000FEF7B4FD0444D8F808008442F4D1B8197B
:10234000294608F059F80120BDE8F0810020FBE79C
:102350006080FF1F2DE9F0414FF4403604464022D3
:1023600031460AF0ABF805462046432231460AF0D2
:10237000A5F8284405B2314620460AF0F5F80028B1
:102380003146204602DD0AF0EFF802E00AF0ECF8F0
:102390004042284405B2314620460AF0F1F80028B0
:1023A0003146204602DD0AF0EBF802E00AF0E8F8D8
:1023B0004042284405B22046352231460AF07EF8D4
:1023C00007462046382231460AF078F8384400B2F1
:1023D000854200DD2846BDE8F08170B5054605F070
:1023E000D1FB0446284605F00BFC064609F0AAF985
:1023F00005462A2C01D0292C0BD10021304607F0AC
:10240000DDFC28460FF02EFA2846BDE8704010F09B
:1024100079BB70BD2DE9FC41064614468846D807B5
:1024200029D004F108000125002206F11401074615
:10243000F5F7BFF958B100208DF800006A46122167
:102440003046019705F0DEFB9DF8000098B16089E9
:10245000218A0844401EE081B4F90E10B4F9060048
:10246000814200DDE08102B02A4621464046BDE8B7
:10247000F04103F0E3B80025EEE72DE9F04107460F
:1024800088B01D46164688460846F6F765F80446A5
:1024900002A9404609F0DBF82246114602A801F0E5
:1024A00034F8022E05D0012E29D0002008B0BDE856
:1024B000F081DDE90201CDE9040100231A4604A9F7
:1024C00040460AF015F904AA6846B968F5F749F9D3
:1024D0000028EBD0DDE90001CDE90601012300224F
:1024E00006A940460AF004F906A902AA0846F5F72B
:1024F00038F90028DAD006982860079809E002AA7F
:102500006846B968F5F72DF90028CFD00098286003
:10251000019868600120C9E770B5044609F030F8F9
:102520000646002506E0A068006850F82500FFF781
:10253000F3FF6D1CB542F6D3608CC1071AD020F0B2
:102540000100608420460AF0D1FF20460AF0F0FE28
:1025500086B10021204609F02BFE58B10C4949688C
:10256000884207D80B49096801EBC00050E90221F5
:1025700020469047608C810708D520F002006084D7
:102580002046BDE8704000210AF016BE70BD000074
:102590004C80FF1FAC80FF1F10B5F2F7D5FF0A3843
:1025A00000D50020BDE81040F3F770B910B5F2F780
:1025B000CBFF0A30642800DD6420BDE81040F3F74B
:1025C00065B900002DE9F0478046089D1F46E8697F
:1025D00000FB01F39B12002807DD934207DD00BFDB
:1025E00095F8280080070DD48BE09342F8DBCB19D7
:1025F00043439B12002808DD934239DA95F82800FE
:1026000080077ED40120BDE8F0879342F6DCA869FC
:10261000521C504340F395000312C0B2FF22002821
:1026200028D000BF6E6AC0F1FF0404FB06F4A2EBE1
:10263000242600BFA3EB0104A14636D0002C15DBF5
:10264000BC4213DAC0F1FF00C6F1FF014843A2EB20
:102650006020C1B295F82800800701D5C1F1FF01C3
:1026600018F804000EF0BCFD08F80400641C1CE01F
:10267000A869CEE74FF0FF06DCE7002C10DBBC4278
:102680000EDAA6EB6000C1B295F82800800701D5EC
:10269000C1F1FF0118F804000EF0A2FD08F80400D3
:1026A000686A641C361ABC4202DA686AB042E4DB2B
:1026B000BC4218DA002C16DBA86970438012704304
:1026C000C0F34721E869002801DAC1F1FF0195F85C
:1026D0002800800701D5C1F1FF0118F804000EF0B1
:1026E0007FFD08F8040095F82800800707D54946C3
:1026F000B94506DC00290DDB404609E001E0641C19
:1027000001D500207FE7BC4204DC391B08EB040044
:1027100007F072FE022076E72DE9F05F06460A9F79
:102720008A461D46B86900FB02F18C12002800DDC4
:10273000641C97F82830544502DA980707D4D5E08E
:102740008C120AEB050CA44502DA98077ED483E0CC
:10275000521C424341F3950142F395044FEA21296B
:10276000221204F0FF08C9B2A9EB0A04914505D072
:10277000002803DA11B9FF219146641E914528D142
:10278000002C0CDBAC420ADA01EB08004108980788
:1027900001D5C1F1FF01305D0EF022FD305597F8F3
:1027A0002800641C800706D5A9EB0A01A9424DDA6E
:1027B0008EE030460AE0AC4200DD2C46002C45D0CD
:1027C00006DD00BFA5EB040106EB040007F014FED4
:1027D00089E04FF0FF0B002844DAF8694042484393
:1027E0004FEAA028002C0DDBAC420BDA08FB01F00D
:1027F000C0F34721980701D5C1F1FF01305D0EF00C
:10280000EFFC3055B969A8F1FF0041438812641EFE
:1028100011D4AC420FDAC8F1FF014143ABEB6120A8
:10282000C1B297F82800800701D5C1F1FF01305DE2
:102830000EF0D6FC305597F82800A41C800709D567
:10284000A9EB0A01491EA9424DDC00E04EE0002937
:10285000AFDC48E0AC4202DD0120BDE8F09F002C77
:10286000B0DA40E0C1F1FF00F96941434FEAA12825
:10287000002C0EDBAC420CDA00FB08F0ABEB602066
:10288000C1B2980701D5C1F1FF01305D0EF0A8FC7F
:102890003055B969C8F1FF0041438912641C0ED458
:1028A000AC420CDA4843C0F3472197F82800800770
:1028B00001D5C1F1FF01305D0EF092FC305597F863
:1028C0002800641C800707D5A9EB0A01A9420DDC8A
:1028D0000029BFF66EAF06E0AC4200DD2C46002CAE
:1028E00004D03FF76FAF4FF00200B6E74FF00000A3
:1028F000B3E77CB5446A06F0B3FA054606F0F1FA90
:1029000004280CD1E18E2046218708F0D5FE06462A
:1029100005F0F8FD18B10021304605F061FE2846AB
:1029200006F0DFFA012804D0284606F0DAFA032878
:102930000AD101A9284606F0A9FABDF906102046D9
:10294000FEF712FCE0862087204604F053FEA06AC2
:1029500010B920460AF087FAE08E00906A461C21E2
:10296000204605F04FF97CBD2DE9F0410746884629
:1029700000261448F5F721FD04461DE021461148C4
:10298000F5F71FFD05462068B84200D09FB9616881
:10299000414502D0B8F1000F0DD121460948F5F7A5
:1029A00099FD216909B120468847204607F016FCA9
:1029B000F6F752FD01262C46002CDFD13046BDE84B
:1029C000F08100004085FF1F70B505460C460948A0
:1029D000F5F7F3FC0BE00168A94204D14168A1427C
:1029E00007D0002C05D001460248F5F7EAFC002884
:1029F000F1D170BD4085FF1F10B50446442107F09A
:102A0000FBFC4FF4FA70E062002020626420A062B8
:102A10000120A4F840000448E06194F8420040F02E
:102A2000010084F8420010BD612A010038B5044657
:102A30004FF480650095D4E90B200023194607F078
:102A400023FB40F2B6334FF461720021009500F091
:102A50002FFF226AA16A891A414302EBA12038BDE7
:102A600038B504464FF480600090D4E90B20002371
:102A7000194607F009FB226AA16A891A414302EB51
:102A8000A12038BDD0E90B128A4201DB806A704771
:102A9000006A70478B1A002B00DC531A4FF47A71CE
:102AA0004B43B3FBF0F0002800D101207047000039
:102AB00070B54168054611B12868FFF755FF194800
:102AC000F5F7FFFC184E10B10DF050FB7060154883
:102AD000F5F78AFC040024D04422294607F0BAFB0B
:102AE0002868A84200D12460717894F8420061F30C
:102AF000820084F84200C0070FD0616939B12046D6
:102B00008847216A01442162A16A0844A062626880
:102B10001AB1206808B1216A9047F6F79DFC20465B
:102B200070BDFEE74085FF1F9480FF1F70B5458D87
:102B3000848D0023A54201D22B4602E0C5F5B47571
:102B40002C448B420FD8A1420DD8E21AB1EB520FA0
:102B5000416B02D841F0080101E021F00801416316
:102B600041F0100134E04FF4B475934207D19E1A3E
:102B70002644AE4203D0416B41F00801F0E7934296
:102B800009D3C2F5B4768E4205D8A94203D8416B69
:102B900041F008011AE0934206D2D61AC6F5B4767F
:102BA0008E4201D8A942F2D92244AA4205D819443A
:102BB000A14210D3914206D90DE0A2F5B4728A4227
:102BC00009D3A14207D9416B21F0080121F010017E
:102BD0004163012070BD002070BD10B500200C467F
:102BE0008884872161852D22A285E1844900218581
:102BF000616B21F0060161634FF40041E185616B77
:102C00002086642041F00801608621F001006063A5
:102C10001001A0630DF0AAFAE063208DA4F8400033
:102C2000606B022120F010006063204607F08EFCEC
:102C30004FF44471204608F077F82046BDE8104074
:102C40000D210BF0A8B800002DE9F04FAFB00446FD
:102C500004F0D6FF0746204604F09AFF2A9028AADF
:102C60002CA93846FEF78CF906A82A9908F0B4FA80
:102C7000BDF9A000DFF888810DF1B00A0DF1080B55
:102C800000282DDD584601F0CBFF02AA002138466E
:102C900009F03BFE0020CDF83CA01390CDE9078061
:102CA000BDF8A000ADF8540006AA1A213846CDF8A8
:102CB00038B004F0A7FFB98DB88C7A8D0144104468
:102CC00089B280B2CDE90001BDF854302CAA02A926
:102CD0002A9801F095FF06AA1B21384604F092FFBE
:102CE0004FF400394946384609F022FB064649466A
:102CF000384609F05FFB05464946384609F0A8FB0F
:102D000004464946384609F0BFFAAE4201DD314675
:102D100000E02946844201DD224600E0024691425D
:102D200005DDAE4201DD304604E0284602E0844283
:102D300000DD2046BDF8A010081A04B2002C34DDD6
:102D400002A801F06DFF02AA4D464946384609F037
:102D5000DCFD0120CDF83CA01395CDE90780ADF84E
:102D6000544006AA1A213846CDF838B004F04AFF7C
:102D7000BDF90A10BDF95400814201DDADF80A0029
:102D8000398DB88CFA8C0144104489B280B2CDE9F7
:102D90000001BDF854302CAA02A92A9801F030FF96
:102DA00006AA1B21384604F02DFF2DABBDF9A0204B
:102DB0002CA93846FEF76CFA18A803F0E9F94FF48D
:102DC000403418AA2146384609F0F1FE0220139437
:102DD000CDE907802DA8099018A80A9006AA1A2103
:102DE000384604F00FFF2DAA18A92A9803F0BCF961
:102DF00006AA1B21384604F005FF2FB0BDE8F08F6E
:102E0000345B02002DE9F04786B08A46FD4808F0A1
:102E10008FFB01287ED1504604F0B4FE0546504693
:102E200004F0EEFE0646504604F0EAFE0446022D8B
:102E300011D0082D6FD0032DFCD00D2D6CD0112D8D
:102E40006BD0132D6AD0152D64D106B05046BDE865
:102E5000F047FFF7F9BE06F003F805005AD006F078
:102E600040F8012856D101A9284606F00FF803AA18
:102E700002A93046FEF784F8BDF80400BDF808103A
:102E8000401AADF80400BDF80600BDF80A10401A5B
:102E9000ADF8060094F83400C00744D14FF4003177
:102EA000304609F0F2F80546BDF80C004FF48031C9
:102EB000401BADF80C00304609F016FD10B1BDF80E
:102EC0000C0008E0BDF90C00C11700EB9171B5EBE7
:102ED000A10F00DA8D10401BADF80C0000B20128E4
:102EE00002DA0120ADF80C00BDF8040010FB00F17F
:102EF000BDF8060010FB0010BDF80C1011FB01F12D
:102F0000884206DD606B40F0010060630DF02EF931
:102F1000E06304E079E0DEE0F7E01AE15AE194F8DA
:102F20003400C00771D0BDF9041019B9BDF806000E
:102F300000286AD0B4F92C70628DB8B2904202D2E7
:102F400000F5B47007B2BDF9060000F009FBA18CD2
:102F5000401A618D401A05B2002D02DA05F5B475EC
:102F60002DB2BDF80C004FF41D7110FB01F064216F
:102F7000B0FBF1F8002001F0C7FD00EBC00101EB50
:102F800000114FF0500909EB4100B0F5A07F0CD3C0
:102F9000002001F0B9FD00EBC00101EB001109EBCD
:102FA0004100A021B0FBF1F000E001204FF4B4712A
:102FB0004843B0FBF8F294F834002946C0F3C00946
:102FC0003046FFF7B3FD00281FD0618DB4F84020D4
:102FD000781A511A0FFA81F8A5EB080109B24FF4DB
:102FE0000C7301F58C7100B2994205D994F8342024
:102FF00012070BD500250AE0626B5FEAC26C06D4AB
:10300000120703D5424215B201E061E00546B9F16D
:10301000000F08D0606B02070ED4C0060CD4994292
:103020000AD9002508E0B9F1000F05D1616B0A0744
:1030300002D5C90600D40546A5EB080005B2E06B31
:103040000DF08DF8A16B41434FF47A70B1FBF0F0B5
:1030500080B2854202DC4042854200DA05B2618DD1
:10306000B4F93220B4F9303008EB0500A7EB010CBD
:10307000D51A4FEACC0C9CFBF5F52D1D00EB251065
:10308000B4F92E500844009200B23A4606F0FCFF14
:1030900007B2B6F92E00B8420FD00DF067F8E06322
:1030A0003946304600F07CF9AF4206D000221C21A0
:1030B000304604F0A7FD01280AD1B4F93000B84227
:1030C00003D0B4F93200B84202D10DF04FF8E063FA
:1030D00006B0BDE8F087606B20F001006063304609
:1030E00008F0EAFA054605F00DFA044605F0B8FEC8
:1030F00005F0F7FE0428EBD1002CE9D006B02846F5
:10310000BDE8F047002105F06BBA504604F076FDAB
:103110000078B4F92E50132806D0112804D01428B2
:1031200005D0122803D008E0F08D401C01E0F08D9E
:10313000401E01B2304600F033F9B4F92E00A84227
:10314000C6D006B03046BDE8F04700221C2104F08E
:1031500059BD504604F052FD044604AA03A9304666
:10316000FDF70EFFB068002508B1B0F9145000213A
:10317000304608F08AFF0646BDF810102844081AA9
:10318000BDF80E20ADF81000111809B20091BDF87D
:103190000C10121A0B18081A01B21BB212B201A8B5
:1031A00000F0CDF947F6FF773A4601A82168F4F719
:1031B000C0FB08B100200BE006EB450002B211464F
:1031C00001A800F0A2F93A4601A82168F4F7B1FB82
:1031D00020717DE70021304609F0AAF8074600215A
:1031E000304609F0E7F805460021304609F030F98D
:1031F00004460021304609F047F8AF4204DD394665
:1032000003E00000345B02002946844201DD2246CF
:1032100000E00246914205DDAF4201DD384604E0A0
:10322000284602E0844200DD204680464FF44039C3
:103230004946304609F07CF807464946304609F0D1
:10324000B9F805464946304609F002F904464946B0
:10325000304609F019F8AF4201DD394600E0294651
:10326000844201DD224600E00246914205DDAF4284
:1032700001DD384604E0284602E0844200DD2046B5
:10328000801CA0EB08043046FFF764F8204404B229
:10329000504604F0B3FCB0F90010A14200DD0C462A
:1032A000048015E770B50C460546114600F006F897
:1032B00021462846BDE8704000F039B870B54FF49B
:1032C000B47305460C46994202D9A1F5B474A4B270
:1032D000288DE98C421A611A12B209B2002A02DA68
:1032E00002F5B47212B2002902DA01F5B47109B222
:1032F0008E1AB4369E4203D9284609F0B4FD0DE07B
:103300004FF40033914202DA0246214603E08A423A
:1033100004DA224601462846FEF768FD2846FEF7F5
:10332000B6FD28462C85BDE87040FEF7B0BD70B5EF
:103330004FF4B47305460C46994202D9A1F5B47412
:10334000A4B2298DE88C0A1A091B12B209B2002A0C
:1033500002DA02F5B47212B2002902DA01F5B47190
:1033600009B28E1AB4369E4203D9284609F07BFD75
:103370000DE04FF40033914202DA2246014603E0A9
:103380008A4204DA024621462846FEF72FFD2846E7
:10339000FEF77DFD2846EC84BDE87040FEF777BD62
:1033A000B0F92E308B420ED0B0F932208A4200DACA
:1033B0001146B0F930208A4200DD11468B4202D01E
:1033C000C18510F0EABF70470A8802804A884280AF
:1033D0008A888280C988C18070470A8802804A88AA
:1033E00042808A888280C988C18070470A880280AA
:1033F0004A8842808A888280C988C18070470A884A
:1034000002804A8842808A888280C988C180704749
:103410000A8802804A8842808A888280C988C1805E
:1034200070470A8802804A8842808A888280C988D8
:10343000C18070470A8802804A8842808A888280D8
:10344000C988C18070470A8802804A8842808A8879
:103450008280C988C18070470A8802804A88428079
:103460008A888280C988C18070470A8802804A8819
:1034700042808A888280C988C18070470A88028019
:103480004A8842808A888280C988C1807047C18802
:103490004088081A401C00B27047C1884088081A4A
:1034A000401C00B27047C1884088081A401C00B216
:1034B0007047B0F90410B0F90020891AB0F906205D
:1034C000B0F90200101A401C491C4843704781881B
:1034D0000088081A401C00B2704781880088081ACA
:1034E000401C00B2704781880088081A401C00B256
:1034F000704781880088081A401C00B27047818894
:103500000088081A401C00B2704703885B1A0380C9
:103510008388194481804188891A4180C188114477
:10352000C180704703880B440380838819448180DD
:10353000418811444180C1881144C180704710B551
:10354000029C018042808380C48010BD4288491E55
:103550001144C18070470288491E11448180704720
:103560000022002801DA01224042002901DA494202
:10357000921C884207D9C1EB011101EB4101B1FB5B
:10358000F0F3103205E0C0EB001000EB4000B0FBA0
:10359000F1F30020D9B216290BD92C2900D801202B
:1035A000292900D8401C252900D8401C20290BD9E6
:1035B0000BE0022900D30120062900D3401C0A2970
:1035C00000D3401C0F2900D3401C1844D10601D55C
:1035D000C0F15A0091074FEAC27105D509B1B43064
:1035E00005E0C0F1B40002E009B1C0F5B47080B2EA
:1035F0007047C160006809F036BC00684FF0FF32C8
:103600000168C26001F13C02904202D182684A62C4
:1036100005E001F14C02904201D182680A63006822
:1036200009F021BC10B50C4600206421C4E90A0150
:1036300020636062A0862087E086608784F85C0053
:1036400004F13C01204600F0A6F804F14C012046AC
:1036500000F0A1F80821204607F066FB1021204663
:1036600007F062FB20460022BDE81040114600F042
:10367000BEB810B50C46002104F13C00FFF774F908
:1036800004F14C00BDE810400021FFF76DB90000C7
:103690002DE9F0410D46314807F04AFF012854D189
:1036A000284604F06FFA0446284604F0A9FA80463A
:1036B000132C0AD0012C4AD0082C48D0152C44D108
:1036C0002846BDE8F041F8F715BF4FF4003107F088
:1036D000F9F90446284604F091FA0546B0F90000CD
:1036E000A04200DD04462C800021404608F026FE62
:1036F00007460021404608F063FE0646002140468A
:1037000008F0ACFE04460021404608F0C3FDB74275
:1037100001DA394600E03146844201DA224600E00F
:103720000246914205DAB74201DA384604E03046F3
:1037300002E0844200DA2046002806DAB5F90010DB
:103740004042814200DC01462980BDE8F08108F159
:1037500034014046BDE8F04109F0A8BB505B0200CF
:1037600090F85C0000F00300704790F85C1001F0E6
:103770000301022901D0806A7047816D491C01D084
:10378000406D7047006B7047816C491C01D0406CE4
:103790007047406A70470860002048608860401E9B
:1037A000C860704738B5134690F85C2002F00302F9
:1037B000022A1BD1D0E90A428A4201DD0D4600E00F
:1037C0001546AC4201DD214602E08A4200DC11468A
:1037D000426A8A4200DA1146026B8A4206D000939E
:1037E00000F14C0300F1300200F022F838BDF8B5CA
:1037F000456A13468D421AD0D0E90A428A4201DD59
:103800000E4600E01646B44201DD214602E08A423F
:1038100000DC1146026B8A4200DD11468D4206D063
:10382000009300F13C0300F1240200F001F8F8BD20
:10383000F0B591B0074616981C4616460D4618B3CB
:10384000E068401C2ED0A068C4E90105002118469C
:103850001560FFF789F86846FFF7CEF812484FF475
:103860008071CDE9004000200890CDE909010F48A2
:10387000039038460021652208F020FE0B90684630
:10388000FFF716F911B0F0BD00211846FFF76CF8EC
:103890004FF0FF30E060356011B03846BDE8F040D1
:1038A00009F0E1BA3068CFE7F3350100FB350100DC
:1038B000F0B5C0F5806404FB04F5AD0A05FB04F621
:1038C0004FEA962C00FB00F6B60A06FB00F74543CC
:1038D0005543BF0A0CFB01FC74434FEA9C2105EBE6
:1038E00045005C43DDF814E004EB440201EB1050AA
:1038F00007FB0EF700EB125000EB9720F0BD10B560
:103900000C461021204607F00FFA2046BDE8104073
:103910004FF4806106F01ABE70B50646008E0D4663
:103920001446A8421BD9E00608D50121304608F00C
:10393000DBFF18B10121304607F0F6F9F06A30F8E4
:103940001510A14320F8151029463046FEF7BAFAA3
:10395000600504D53046BDE8704009F01DBF70BD5C
:1039600070B50E460546002406E03246214628463C
:10397000FFF7D2FF641CA4B2288EA042F5D870BD18
:1039800008460021018641864FF6FF7282868162D9
:10399000C162416280F83610014900F0EFBA0000C0
:1039A0001081FF1F10B50C46886A06F017FCE06A0C
:1039B00006F014FC0020A062E06210BD2DE9FC4777
:1039C0008A46FA4807F0B4FD012843D1504604F076
:1039D000D9F80646504604F013F900270446132E82
:1039E00002D02A2E49D01AE0608EA146002831D09C
:1039F0000025D9F8248031E0D9F82C0030F81500E2
:103A0000C0F3802040B3608E28B1204607F0EBFD64
:103A1000618E90FBF1F001B2504604F013F9292EAB
:103A20002FD04FF6FF75012E2DD0022E6CD0082E10
:103A30007ED0062E7DD0032E7CD00E2E7BD00F2E76
:103A40007AD0102EFCD00D2E77D0152E02D15046F4
:103A5000F9F7C4FDBDE8FC876D1CADB258F8250030
:103A60000028F7D0D2A1ECF7A3FC0028F2D058F838
:103A7000250000780028BFD1ECE7616A00F07EFAEB
:103A8000E8E72046F9E7504604F0B8F80646204635
:103A9000A18EFEF717FA05F0E3F905F022FA0128E6
:103AA00001D003281BD16946304605F0EFF969467D
:103AB0002046FDF721F92146A586A8421CD0E16ADF
:103AC00031F81010C1F38012002AC3D1C1F30011E4
:103AD0000029BFD1A08601462046FEF7F3F9A18E4A
:103AE000A942B7D0E06A30F81100C0F34022002AA2
:103AF000B0D1C0F380229EE08D86ABE7C0F300100A
:103B00000028A7D1019148E0504604F077F8074615
:103B100005F0A6F9064605F0E4F904289AD0022833
:103B200098D06946304605F0B1F96946204605E06F
:103B300039E078E087E089E0CAE0D1E0FDF7DCF821
:103B40000646A18E2046B14284D0A94201D0FEF79C
:103B5000B9F9A686384605F01DFAAE428CD0E06A67
:103B600030F81600C0F38011002985D1C0F3001091
:103B7000002885D131462046FEF7A4F9E06A30F8E6
:103B80001610C1F340210029B7D1A18E30F81100E1
:103B9000C0F380200028B0D1019601AA1C21204644
:103BA00004F030F856E7A18EA94237D0E26A32F825
:103BB0001100C0F3C013ABB1C0F3801393B9C0F3CD
:103BC00000231BB194F83630DB0713D040F480702B
:103BD00022F8110094F83600C00703D02046A18EC9
:103BE0000DF024F8A18EE26A32F81100C0F34022F1
:103BF00032B902E020F48070EAE7C0F380226AB1B3
:103C0000C0F3801252B9C0F3001038B9019101AA73
:103C10001C21204603F0F6FF0128C3D12046A18EC7
:103C2000FEF750F916E7A18EA942BBD0E06A30F842
:103C30001100C0F34012002AB4D1C0F38012002A50
:103C40003FF45CAF06E72046A18E45E0208E0028B9
:103C5000A8D0504603F0D2FF074605F042F90646C9
:103C60002FB9002005F002F905F03BF90646204681
:103C700007F022FD04F046FCA18EA94292D1022E4B
:103C800002D0042E2AD148B394F836100020E26AFC
:103C9000C90701D110E0401C32F81010C1F3001325
:103CA000002BF8D1C1F38013002BF4D1C1F3002114
:103CB0000029F0D00AE0401C32F81010C1F30013C4
:103CC000002BF8D1C1F380110029F4D1A086C1E600
:103CD000A18E2046A94201D0FEF7F4F8A586B9E6E8
:103CE0002046A18EFEF7EEF8504603F087FF0078DD
:103CF000132813D0142836D004264FF002091228B6
:103D000058D011288AD10021204608F0E7FAA28E67
:103D10008446AA427BD1A786E26AA5E0A08EA8428B
:103D200001D1A78601E0401CA086A18E238E994276
:103D300000D3A786A28EE66A08E0491C88B2A08656
:103D4000984200D3A786A08E90427DD0A18E36F8EF
:103D50001100C0F3001CBCF1000FEED1C0F38010C5
:103D60000028EAD15AE7A08EA84201D1A78600E038
:103D700000B9208E401EA08683B2E26A09E011B12C
:103D8000491EA18602E0208E401EA086A08E984289
:103D900068D0A18E32F81100C0F30016002EEED1CB
:103DA000C0F380100028EAD138E70000885B0200E9
:103DB0000A0000000021204608F090FAA28E8046FA
:103DC000AA4214D1A786E26A05E0491C88B2A086FF
:103DD000218E884246D2A18E32F81100C0F3001322
:103DE000002BF2D1C0F380100028EED116E7A16AB3
:103DF00006EBC2000B5A31F832001B1A5B1C43F36E
:103E00004E0318440FFA80FC1046238E1FE037E063
:103E100009EBC00709EBC205CF5F4D5FAF4212DD72
:103E200031F9305065450EDC06EBC0054D5F454469
:103E3000654508DBE56A35F81070C7F3801515B9DC
:103E4000C7F300152DB100E00CE0401C80B28342A6
:103E5000DED8834247D8E1E6491C88B2A086218E8D
:103E6000884201D3A586D9E6A18E32F81100C0F3AD
:103E70000013002BF0D1C0F380100028ECD1CDE668
:103E8000A16A06EBC2000B5A31F832001B1A5B1C08
:103E900043F34E03184405B2B4F934001EE000BFEA
:103EA00009EBC00709EBC203CF5FCB5E9F4213DA79
:103EB00031F93030A3EB0C03AB420DDC06EBC00351
:103EC000CB5EAB4208DBE36A33F81030C3F38017F4
:103ED00017B9C3F3001323B1401E00B20028DFDA84
:103EE0009CE60028B7DBA08698E6038E8B4204D9B7
:103EF000C06A30F81100824301D0002070470120D1
:103F0000704770B50446008E0E461546B04234D94F
:103F100094F83600C00706D0E80504D54FF4807148
:103F20002046FFF71DFDE80616D5218E0120012948
:103F30000ED9002309E0B34205D0E26A12F813203B
:103F4000D20600D400205B1C9BB29942F3D818B172
:103F50000121204606F0FAFAE06A30F816102943EB
:103F600020F8161031462046FDF7ACFF680504D551
:103F70002046BDE8704009F00FBC70BD2DE9F34F3D
:103F800097B00D0079D0179C2046F5F7B5F965621A
:103F900000211622179808F091FAC0B21290002161
:103FA000179808F0D1F90B900021179808F05CFAE7
:103FB0000F900021179808F027FA02900021179817
:103FC00008F08CF90990179807F027FB04901798D0
:103FD00007F009FB618E0027C1F101020299A94691
:103FE00001FB020000B21090384685E04FF0000B54
:103FF0005D460AE0E06A791930F81100FCF749FFE4
:1040000058446D1C1FFA80FBADB259F8250040B131
:1040100042A1ECF7CDF920B159F82500007800282D
:10402000E8D15DB31099608E01FB08F1B1FBF0F2AD
:104030000F995318029A08FB023109B2089110999E
:1040400008F101025143B1FBF0F10F9A0298491EA9
:1040500008FB0020084400B2149009990498C5F1A7
:10406000010201FB020000B20E90002801DA0020DC
:104070000E904FF0000A564636E04BE0FFE709F19C
:10408000040036E0E06A30F81700FCF702FF0E99F2
:1040900001FB0AF1B1FBFBF20999824406FB012105
:1040A0000E9A09B20AFB02F0B0FBFBF0099A401E1F
:1040B00006FB0200129A00B2012A06D10A460499B0
:1040C000081A01B20498801A00B20B9A104403B285
:1040D000149800901144A06A09B200EBC700089A36
:1040E000FFF72DFA761C7F1CAE42CBD309EB85007F
:1040F000001D814608F101008046608E40453FF674
:1041000075AF179809F048FB179819B0BDE8F04F44
:1041100008F0A9BE19B0BDE8F08F00000A00000049
:1041200010B50AA0486201200C4688620221204690
:1041300006F00CFA0821204606F008FA2046BDE8F1
:1041400010404FF4806106F001BA000043686563D7
:104150006B20626F7800000010B591F828000C46C3
:10416000C00704D1606A06F039F80020606210BD13
:104170002DE9F04FBDB0054603F042FD0446284648
:1041800003F006FD3B900021204608F021FA329012
:10419000B0F9087000213222204608F08FF9054658
:1041A0000021204608F066F900EB050B00212046AF
:1041B00008F0D0F805440021204608F095F8349026
:1041C0004FF40031204608F0C5F881464FF4003125
:1041D000204608F001F906464FF40031204608F069
:1041E00049F933904FF40031204608F05FF83590DC
:1041F00069224FF40031204608F060F982466A22B5
:104200004FF40031204608F059F9804615A801F016
:10421000BFFF15AA4FF40031204608F0C8FCA08A61
:104220004119CA1909EB06000244A2F10109E28A08
:10423000339802EB0B05359AEB1910441E18A1EBCD
:104240000A00ADF8E40009EB0A00ADF8E800A5EBC0
:104250000800ADF8E600761E06EB0800ADF8EA00AF
:1042600003A83B9906F0B8FF15A807902D484FF01A
:104270000008CDE9040839A806904FF400301090EA
:1042800003AA1A21204603F0BDFC39AA15A93B98C0
:1042900001F06AFF03AA1B21204603F0B3FC0021B2
:1042A000204608F0B9F982460021204608F0A2F91C
:1042B00041F6FF72CDF800A0CDE901280346616AFE
:1042C0002FA8329A0CF01AFA27A801F091F927AA20
:1042D0000021204608F0BDFB701B401C00B2C01B33
:1042E00000EBD070411034984844ADF89400BDF80C
:1042F000BC201044ADF89800E28A0BEB010010449A
:10430000ADF89600BDF8BE10CDF800800844ADF8B9
:104310009A0025AA27A9636A3B9800F0C9FE3DB020
:10432000BDE8F08FA45B02002DE9FF5F0E463C481C
:1043300007F0FEF8012862D1304603F023FC054661
:10434000304603F05DFC04464FF400382C2D09D0B4
:10435000132D56D0152D52D104B03046BDE8F05F74
:10436000FFF706BF304603F049FC05460021204612
:1043700008F02EF9064607890021204608F04CF97E
:1043800081460021204608F035F9002141F6FF72F0
:10439000CDF80090CDE901210346324603A8616AB9
:1043A0000CF0ACF90021204607F09EFF83464646FC
:1043B0004146204607F0CEFF81463146204608F0B0
:1043C0000BF880463146204608F054F882463146C4
:1043D000204607F06BFF024607EB0A00104407EB8C
:1043E0000901BDF80C2041440A4402EB0B0129806D
:1043F000BDF90E1000B2884200DC08466880BDE8B6
:10440000FF9F304603F0FAFB05464146204606F082
:1044100059FBB5F90010814200DD08462880EEE71F
:10442000A45B0200F0B504464FF4FA66C1F34130D4
:104430007710642501280BD121F4C040B04207DC7D
:10444000B84201DDC0F57A70584390FBF5F001B237
:10445000C2F3413001280BD122F4C040B04207DC46
:10446000B84201DDC0F57A70584390FBF5F002B216
:10447000944201DA204600E01046884201DA0846FC
:10448000F0BD944201DA2046F0BD1046F0BDF0B513
:1044900004464FF4FA66C1F34130771064250128D1
:1044A0000BD121F4C040B04207DCB84201DDC0F5B9
:1044B0007A70584390FBF5F001B2C2F34130012805
:1044C0000BD122F4C040B04207DCB84201DDC0F598
:1044D0007A70584390FBF5F002B2944201DA20461C
:1044E00000E01046884201DA0846F0BD944201DA45
:1044F0002046F0BD1046F0BD002208B5114610461A
:1045000000F091F80090BDF8000008BD002208B549
:104510001146104600F0A0F80090BDF8000008BD5C
:10452000002208B51146104600F0C8F80090BDF80A
:10453000000008BD38B50C460546FFF7F1FF2246DE
:10454000294600F039F90090BDF8000038BD0000A0
:1045500007B58107BDF8043002D020F8023B521E97
:10456000BDF8041001EB01410EE002C0103A02C098
:1045700040F8081B40F8041C40F8101B40F80C1CC5
:1045800040F8081C40F8041C102AEED803E000BFD5
:1045900020F8023B521E002AFAD10EBDF82101EA92
:1045A0001041C0F34232114300F4E05208B541EA31
:1045B000C20100F0F80041EA4010ADF8000080B2FE
:1045C00008BD18B54C09BDF80030D20864F30203E9
:1045D000ADF80030C308BDF80000890863F3C700D8
:1045E00080B262F30C2080B261F34F30ADF800006E
:1045F00080B218BD18B54C09BDF80030D20864F37C
:104600000203ADF80030C308BDF80000890863F369
:10461000C70080B262F30C2080B261F34F30ADF876
:10462000000080B218BD18B54C09BDF80030D208A2
:1046300064F30203ADF80030C308BDF80000890838
:1046400063F3C70080B262F30C2080B261F34F3095
:10465000ADF8000080B218BD18B54C09BDF80030A7
:10466000D20864F30203ADF80030C308BDF80000BF
:10467000890863F3C70080B262F30C2080B261F353
:104680004F30ADF8000080B218BD18B54C09BDF828
:104690000030D20864F30203ADF80030C308BDF85F
:1046A0000000890863F3C70080B262F30C2080B277
:1046B00061F34F30ADF8000080B218BD18B54C0959
:1046C000BDF80030D20864F30203ADF80030C3082F
:1046D000BDF80000890863F3C70080B262F30C20C4
:1046E00080B261F34F30ADF8000080B218BD18B54C
:1046F0004C09BDF80030D20864F30203ADF8003075
:10470000C308BDF80000890863F3C70080B262F3F4
:104710000C2080B261F34F30ADF8000080B218BDBC
:1047200018B580B2030243EA102084B288B20102B5
:1047300041EA1020121D0C4980B2D30840EA004023
:1047400044EA044208400A40121A5A4300EB52104D
:10475000084040EA104080B2010241EA1020ADF862
:10476000000080B218BD00001FF8E00718B580B245
:10477000030243EA102084B288B2010241EA102009
:10478000121D0C4980B2D30840EA004044EA0442BA
:1047900008400A40121A5A4300EB5210084040EAFF
:1047A000104080B2010241EA1020ADF8000080B252
:1047B00018BD00001FF8E00718B580B2030243EAF5
:1047C000102084B288B2010241EA1020121D0C4967
:1047D00080B2D30840EA004044EA044208400A405C
:1047E000121A5A4300EB5210084040EA104080B2BF
:1047F000010241EA1020ADF8000080B218BD0000AF
:104800001FF8E00718B580B2030243EA102084B213
:1048100088B2010241EA1020121D0C4980B2D3086F
:1048200040EA004044EA044208400A40121A5A434F
:1048300000EB5210084040EA104080B2010241EA09
:104840001020ADF8000080B218BD00001FF8E0078E
:1048500080B2C0F3C402C2EBC20303EB0222D21D3A
:10486000520962F317414207920E02EB503202EBFB
:10487000420303EB0222D21C920962F30F21C0F320
:104880000420C0EBC00202EB0020C01D400960F311
:1048900007010846FF2161F31F607047FF2208B53A
:1048A00011461046FFF7D8FE0090BDF8000008BD85
:1048B00008B50720BDF8001060F30201ADF8001044
:1048C000BDF800201F2161F3C70292B261F30C22F0
:1048D00091B260F34F31ADF8001088B20090BDF88E
:1048E000000008BD70B50C00054611D000F00CF9B1
:1048F00010FB04F05030B0F5A07F0BDB284600F031
:1049000003F910FB04F0A021503090FBF1F002E01D
:10491000002000E0012000B270BD2DE9F0410D46FD
:104920001E46174604461C2105F066FDC4E90057E3
:10493000C4E90256BDE8F08138B50446502105F0BF
:104940005BFD4FF4A0702080F02060804FF0FF30BE
:10495000A080E0800020208160812069822120F0F9
:10496000400040F0080061F3D01020614EF20700D3
:10497000ADF800000090BDF80000208702482064D8
:1049800060645820A06438BD456B0100F8B5054649
:104990005248F3F729FD040002D0E86B08B10AE0A1
:1049A000FEE7A86C05F08EFB06007FD001462A6C5E
:1049B00028469047EE634FF4B471204605F01CFD85
:1049C00001202560C4F85401082104F5AC70F3F708
:1049D00003FD434E22461E21F7684248F4600BF067
:1049E000D9FB6060002862D0286981070AD5298830
:1049F0006A8811FB02F1EA68D268914202D920F07C
:104A000002002861BDF80000072161F30200ADF843
:104A10000000BDF800201F2060F3C70292B260F3CF
:104A20000C2290B261F34F30ADF8000080B20090DC
:104A3000BDF800000090BDF800006085FF2084F8FC
:104A400029000BF079FB80B30BF01AFBA06000206B
:104A500006F0FAF92061002006F0F6F9E061002086
:104A600006F0F2F9204D20622A460021E06908F0A4
:104A70007FFF2A460021206A08F07AFF0221E069C0
:104A800006F052F90221206A06F04EF90021E06991
:104A900009F029FA0021206A09F025FA206908F0B6
:104AA000E2F9F760A7B114E000E001E0FEE7FEE7FD
:104AB000002009F02BFC0546052009F027FC0146E3
:104AC0000A48009000232A4620460BF0E3FABDE78F
:104AD000F46060680BF035FC2046F8BD1C85FF1FB4
:104AE0007C80FF1F9D7A0000FFFF0F006C580200C2
:104AF000C26800211161C068416170470148C06807
:104B0000704700007C80FF1F10B90548C06820B1C5
:104B100000680069C0F3C910704782207047000028
:104B20007C80FF1F0068C0687047000018B9094802
:104B3000C068002809D00068017CC1F30111012977
:104B400004D0032902D0B0F900007047B0F9020088
:104B5000704700007C80FF1F10B518B9FFF7CEFF2B
:104B6000002800D0006A10BD10B518B9FFF7C6FFC5
:104B7000002800D0C06910BD18B101460248F3F703
:104B800020BC0148F3F719BC1C85FF1F10B518B9EC
:104B9000FFF7B4FF002800D0006910BD10B518B9A8
:104BA000FFF7ACFF002800D0406910BD10B508B970
:104BB000FFF7A4FF806810BD18B90948C068002835
:104BC00009D00068017CC1F30111012904D0032937
:104BD00002D0B0F902007047B0F900007047000041
:104BE0007C80FF1F10B518B9FFF788FF002804D09C
:104BF000D0F85401002801DD012010BD002010BDB7
:104C00007CB50E7BDDE90654022E08D94E88002EB5
:104C100005D0A54203D0CDE900544469A0477CBD2E
:104C200038B50446102105F0E7FB01206080FF2025
:104C30002073BDF80010002060F3020189B260F318
:104C4000C70189B260F30C2189B260F34F31ADF82E
:104C5000001088B20090BDF800000090BDF8000080
:104C6000208038BD2DE9F04F85B0824610B29446C1
:104C70008B460FFA82F9AAEB000EDDF838800FFAA6
:104C80008EF20492ABEB000217B203920AEB000221
:104C900003F5B471119C58441E46029212B203B23D
:104CA000019088457DD04FF4B4718E4202D9A6F5AB
:104CB000B476B6B2884503D9A8F5B4701FFA80F867
:104CC0000F99ACEB010000B20090109818B101EB05
:104CD000D1704010401C05B25A21B6FBF1F0B8FB70
:104CE000F1F1C0B2C9B2042800D10320042900D1D7
:104CF000032188427ED146457CD868B3012854D030
:104D0000022878D003287ED106F15A0000B20BF0B9
:104D100031FC009910FB01F10AEBE130401B2080CF
:104D200030B20BF027FC10FB09F10BEBE130401B1C
:104D3000608008F15A0000B20BF01CFC10FB09F176
:104D40000AEBE1302844A0800FFA88F00BF012FC47
:104D5000009910FB01F15AE130B20BF00BFC009905
:104D600010FB01F10BEBE130401B60805A3630B292
:104D70000BF000FC10FB09F10AEBE1302844A080A5
:104D80000FFA88F00BF0F6FB10FB09F10BEBE130AA
:104D90002844E08008F15A0000B20BF0EBFB0099C8
:104DA00000E0E6E010FB01F129E030B20BF0E2FB9D
:104DB00010FB09F10BEBE1302844E0805A3630B2A9
:104DC0000BF0D8FB009910FB01F10AEBE13028440D
:104DD000A0800FFA88F00BF0CDFB009910FB01F1D9
:104DE0000BEBE130401B608008F15A0000B20BF081
:104DF000C1FB02E036E009E005E010FB09F10AEB37
:104E0000E130401B208005B0BDE8F08F06F15A006C
:104E100000B20BF0AFFB10FB09F10AEBE130401BD5
:104E2000208030B20BF0A6FB009910FB01F10BEBD8
:104E3000E1302844E0800FFA88F00BF09BFB10FB78
:104E400009F10BEBE130401B608008F15A0000B221
:104E50000BF090FB009910FB01F10AEBE1302844C4
:104E6000A080D0E730B1012837D0022861D00328D4
:104E70007ED099E001297CD108F15A0000B20BF0F4
:104E800079FB10FB09F10AEBE130401B20800FFA9F
:104E900088F002900BF06EFB074630B280460BF0B4
:104EA00069FB874201DA029800E040460BF062FBA2
:104EB000009910FB01F10BEBE130401B60805A368A
:104EC00030B20BF057FB10FB09F10AEBE13028443C
:104ED000A08001982844E08095E7022964D1AEEBD8
:104EE000050020800FFA88F00BF044FB10FB09F15D
:104EF0000BEBE130401B608006F15A0000B20190DC
:104F00000BF038FB074608F15A0000B280460BF060
:104F100031FB874201DD019800E040460BF02AFB9F
:104F2000009910FB01F10AEBE1302844A08030B277
:104F300069E0032938D106F15A0000B20BF01AFBE0
:104F400010FB09F10AEBE130401B20800398401B65
:104F5000608008F15A0000B20BF00CFB10FB09F165
:104F60000AEBE1302844A0800FFA88F0804601E087
:104F700019E019E00BF0FEFA009910FB01F730B2CE
:104F800006460BF0F7FA009910FB01F0874201DDAD
:104F9000404600E030460BF0EDFA009910FB01F0BE
:104FA0000BEBE03096E729B1049820806780A2805F
:104FB000E38028E708F15A0000B203900BF0DAFA18
:104FC000074606F15A0000B201900BF0D3FA87426F
:104FD00001DA039800E001980BF0CCFA009910FB7D
:104FE00001F10AEBE130401B208030B20BF0C2FA35
:104FF00010FB09F10BEBE130401B60800298284464
:10500000A0800FFA88F00BF0B5FA10FB09F10BEB5A
:10501000E1305FE72DE9F0411D0017460E460446DA
:105020001AD0F07A02281AD9D4F81CC0BCF1000FAB
:1050300003D02046E047012811D02B463A4631469E
:105040002046F5F7F0FF012809D006A23946204690
:10505000BDE8F0410DF02FBD02A23946F8E7BDE8EA
:10506000F08100004E6F0A646174610038B5846994
:10507000049D002C01D00095A04738BD38B50446EA
:10508000182105F0B9F9002211461046FFF7B2FACF
:105090000090BDF800000090BDF800002081FF20C6
:1050A000E072401C60800120207538BD7047000010
:1050B0002DE9FF4FB5B0887E429F1E4692460C46B2
:1050C00002287DD9206800287AD03598006A002807
:1050D00076D0202222A8EBF740F920680390002E1A
:1050E0006ED0307800286BD03598514682682EA853
:1050F000F2F737FB002863D0207FB0F1000B01D11D
:105100004FF0010B607F810707D4BAF80410BAF89A
:105110000000081A401C03B20FE0B4F9121000910D
:1051200041F6FF72CDE90120B4F91430314606A8EA
:1051300022680BF0E3FABDF918300398B4F91210A5
:105140000025B0F908906A1E01EB09000B90BAF82F
:105150000000ADF81000BAF80210ADF81210B4F962
:1051600016000690B4F918000144ADF8121007B308
:10517000F8B9BAF9021000291BDAD7F808C0ACEB6D
:105180000100002801DCA1EB0C000B99C1F1000C1F
:105190004FF4806101EB4C01884200DD3A603868D1
:1051A000002806DB0546BDF81210B8880844ADF8A3
:1051B0001200617F0020CDE90001B4F9142000E065
:1051C000A2E070192D930399F3F72CFC00EB05086E
:1051D00029E0617F0020CDE90001B4F9142006EB3D
:1051E00008002D9B0399F3F71DFC454600EB0508CD
:1051F000BDF812000B99084400B2ADF812007FB15F
:1052000010F5806F0CDB3868002809DA3D60BDF9C5
:105210001210BAF90200081A7860BAF90200B860F0
:10522000705D002870D0BDF9121001EB09003599AE
:105230008968B1F902108842CBDB5846CDF8C0B07E
:10524000BBF1020F02D0032816D029E0607F009046
:10525000B4F91430A8EB05017019039A0BF0ACFAFD
:1052600007465046FEF739F9C01BBDF8101000EB99
:10527000D07001EB600011E0607F0090B4F9143051
:10528000A8EB05017019039A0BF096FA07465046F1
:10529000FEF723F9BDF81010C01B0844ADF810004C
:1052A000D4E9019BD94502D94846D9468346A07F17
:1052B000800717D00FA800F02CFAA089ADF83C00A9
:1052C000039890F90E0000B90120ADF83E00A07ED1
:1052D0008DF84400A07F9DF84510C00860F30101DF
:1052E0008DF8451000200E90FFF706F93390FFF778
:1052F00003F9319012A800F04BFF208AADF84C0062
:10530000BDF9100032906AE16DE100BFBDF81010E8
:10531000069800270844ADF81000701908972190EE
:10532000A8EB05002A90BAE00021A9F57F42099177
:10533000FF3A09D0ABF57F41FF3905D0AB4A2918B8
:10534000304612689047099008AB6A4601A9219837
:10535000F3F750FB607FC0070AD00198232802D0E2
:10536000012F13D004E047B1012F0AD0022F0BD038
:10537000E0683190022F4ED04FE008980E90012047
:1053800047E00027E06847E0002042E0202841D1C4
:1053900008990E98081A072801D0A08937E00E9ABC
:1053A00021982BA91044062210F8013B01F8013B7B
:1053B000521EF9D100208DF8B2009DF8AD00FCF727
:1053C000EFFB07469DF8AC00FCF7EAFB07EB00108B
:1053D00007909DF8AF00FCF7E3FB07469DF8AE0091
:1053E000FCF7DEFB07EB001009909DF8B100FCF71D
:1053F000D7FB07469DF8B000FCF7D2FB07EB001087
:10540000C2B20998C1B20798C0B2FFF70CF9339045
:105410000220074643E033983190DDE900210398EC
:1054200002F03EFD2C904FF6FF70814522D083455F
:1054300020D0099848451DD358451BD2BDF81010FF
:10544000ADF82410BDF81200ADF82600A28A0A4477
:105450002C99491E1144ADF828100B9909AA491E30
:105460000844ADF82A0012A9359800F07DFEE089C5
:10547000ADF8C400BDF8C400ADF8940004AA22A998
:10548000019B359800F033F92C98002807DDBDF812
:105490001010A08A01442C980844ADF810002A99F5
:1054A000089881423FF640AFA07F800723D532980D
:1054B000ADF80000206802AB6A46B0F90810BDF9EB
:1054C0003E0001EBD171491000EBD07001EB6000A0
:1054D000BDF812100844BDF81010ADF80810ADF872
:1054E0000200ADF80A00BDF8C400ADF83C000FA9F9
:1054F000359800F001F9A07FC0071FD03298ADF8B1
:1055000000002068BDF8121002AB028940891144E6
:10551000091A03986A4690F90D00081ABDF8101090
:10552000ADF80810ADF80200ADF80A00BDF8C400EF
:10553000ADF83C000FA9359800F0DEF8617F00203F
:10554000CDE9000106EB0800B4F9142007462D9BB5
:105550000399F3F767FA454600EB0508BAF800002F
:10556000ADF810003098022802D0032816D029E0A8
:10557000607F0090B4F91430A8EB05013846039A17
:105580000BF01AF907465046FDF7A7FFC01BBDF800
:10559000101000EBD07001EB600011E0607F009014
:1055A000B4F91430A8EB05013846039A0BF004F95E
:1055B00007465046FDF791FFBDF81010C01B084488
:1055C000ADF81000BDF812100B980844359900B2E0
:1055D000ADF812008968B1F90610884203DC705DED
:1055E00000287FF493AE39B0BDE8F08F0481FF1F2F
:1055F00038B50446202104F0FFFEFF20A076FEF718
:105600007BFF0090BDF80000A0810B4820604FF6A2
:10561000FF706060A060FEF76FFF0090BDF80000B3
:10562000E081052008F072FE0090BDF800002082A5
:105630000020E07638BD00006C580200036C002B9F
:1056400000D018477047436C002B00D018477047B4
:105650002DE9F0410546C06B17460E46002826D0BE
:10566000E86C04F02FFD04001CD0E96C04F0C4FECB
:10567000F3F75AF9296821626968E161A968A161B3
:1056800000683A462146007CC0F3801084F824006C
:105690003068206070686060EB6B284698470500B2
:1056A00001D003E0FEE7204604F098FD2846BDE85F
:1056B000F08170B50C46054601F097FF206A28601E
:1056C000E0696860A069A860F3F72EF9006894F8B3
:1056D0002420016962F386110161AA6C12B121468E
:1056E000284690472046BDE8704004F077BD30B4AE
:1056F000046AA44630BC604730B44C88002C06D005
:105700000C7A022C03D9446AA44630BC604730BCF2
:10571000704738B504460A2104F06EFE012060800F
:10572000FF202072BDF80010002060F3020189B252
:1057300060F3C70189B260F30C2189B260F34F3185
:10574000ADF8001088B20090BDF800000090BDF8E0
:105750000000208038BD000010B503460A4A002032
:1057600052F8304024B1401CC0B21028F8D301E0F8
:10577000102802D34FF0FF3010BD42F8303002EB5A
:10578000C002516010BD00008C86FF1F2DE9FF4F45
:1057900081B08B460E9D16461C46B5F90A10B5F928
:1057A0000C00571AB5F9082005F11009ABEB0203FC
:1057B00005F13C0AB4285DDAB5F90E20B42A7DDA89
:1057C00000287BD0002A79D0904277DDB1425ADCA4
:1057D000696D79434FEAA12CA96A7F1C794389122C
:1057E000A0F20F15582D01D8002909DB451E592DAF
:1057F00001D8002904DB5B38B32802D2002900DD80
:105800000021A2F20F10582801D8002909DB501EF0
:10581000592801D8002904DB5B3AB32A02D20029B7
:1058200000DD0021ACEB010001EB60000125C71A8F
:10583000A74200DD2746002F0DDD3BB23246594618
:10584000CDF80090019800F091F9050003D1394698
:10585000019804F0D1FDA74200DD2746002F00DAB1
:105860000027CDF800A05DE0B54276D1284605B00E
:10587000BDE8F08F68DDB5F90E20B42A64DD9042F2
:1058800062DDB14201DA0120F1E7696D79434FEA47
:10589000A12CA96A7F1C79438912A0F20F15582DFB
:1058A00001D8002909DB451E592D01D8002904DB48
:1058B0005B38B32804D2002902DD00E044E0002177
:1058C000A2F20F10582801D8002909DB501E5928D0
:1058D00001D8002904DB5B3AB32A02D2002900DD9B
:1058E0000021ACEB010001EB60000125C71AA742C3
:1058F00000DD2746002F0DDD3BB232465946CDF87C
:1059000000A0019800F032F9050003D13946019852
:1059100004F072FDA74200DD2746002F00DA0027C1
:10592000CDF800900BEB070001B20198E41B38445E
:1059300023B20746324600F019F9060094D12146F9
:10594000384604F059FD8FE70127B846B42805D042
:1059500038B109DAB14209DC0AE047E0B14210DCB3
:1059600004E0B14202DC0CE0B14201DC032708E0B4
:10597000234632465946CDF80090019800F0F6F8DB
:105980000746B5F90E00B42806D060B1B5F90A0093
:105990000FDAB04204DC0EE0B5F90A00B04206DDD1
:1059A0004FF0030803E0B5F90A00B042F8DDBFB1DB
:1059B0000EE0B042F4DD234632465946CDF800A051
:1059C000019800F0D3F8804657B1B8F1000F07D026
:1059D000032F02D0012F05D008E0B8F1030F05D145
:1059E000002044E74046B8F1010FFAD002203EE71C
:1059F0002DE9F8430546884640F26710411C089C93
:105A00001746002B01DA002302E08B4200DB03463D
:105A1000002C01DA002402E08C4200DB04469C42A8
:105A200003DAC3F5B470204403E0E01A002800DC78
:105A3000181BA5F86800AB81EC81A5F808806F8180
:105A400015482860012028718B4200D9FEE7B42B4D
:105A500001D2002000E00120002C01DB8B4200DDA0
:105A6000FEE7B42C05D3A4F1B401B42901D2002679
:105A700000E0012600903A46414605F1100000F092
:105A8000CBF823463A46414605F13C00009600F02B
:105A9000C3F8BDE8F88300008D5701002DE9F843F5
:105AA0001E4617468846814600250C4C0DE00090A6
:105AB000D0F800C033463A4641464846E047002801
:105AC00008D0022800D10125083420680028EED132
:105AD00015B10220BDE8F8830120FBE78C86FF1F8B
:105AE00010B50179022906D0052913D18068BDE8D7
:105AF000104004F073BB0446406900280AD00169D5
:105B0000002904DA406804F069FB6069EFE7416945
:105B1000491E416110BD000070B5134D060008D04C
:105B20005FF0000455F83410B9B10879022805D0A7
:105B300002E02868002800D0012070BD887CB1F9FF
:105B40001020C007304601F1080102D0F1F7A1FE94
:105B500001E0F1F72EFE0028EED0641CE4B2102C18
:105B6000E0D3002070BD00008C86FF1FF8B5069CB6
:105B7000A58A266A521B658A12B2491B94F82850DE
:105B800009B24FEAC57526B1009485B3FCF71AFD3A
:105B9000F8BD85B1207C810727D000F003010129E1
:105BA00023D0022901D1511C1FD4C043800728D122
:105BB000002A1ADC25E0227C02F00304022C14D017
:105BC000D543AD0711D0012C01D100290DDC92077E
:105BD00001EB030207D0002A13DB49420FD5002155
:105BE000002B0EDD0FE0002A02DA0120F8BD10E0E4
:105BF0004A4206D49A420ADA991A104405E09942B8
:105C000001DB0020F2E7994201DA04F0F5FB022003
:105C1000ECE7FCF781FDE9E72DE9FC471C46DDF8E0
:105C2000288016460F468146B42B01DDB43C24B2D1
:105C300004F15A0000B20AF09DFC07EB6015204603
:105C40000AF098FC06EB601000B2CDE900082BB218
:105C500032463946484600F003F8BDE8FC870000AC
:105C60002DE9F0470F46DDE90869984615460446D8
:105C70002C2104F0C1FBB54206D1B9F1030F03D1C9
:105C80006D1E761E2DB236B2B54205DD4046B846D1
:105C9000074630462E46054627816581A4F80C80CC
:105CA000E68184F810906782A8EB07004B46A58236
:105CB000002801DD014601E0A7EB0801721B002A64
:105CC00001DD154600E0AD1BA94294F8281002DD65
:105CD00041F0010101E021F0010184F828100025C4
:105CE000E561244E2660A5612571CE074FF480152D
:105CF0000DD020B195FBF0F65643B612E66122B105
:105D000095FBF2F242439012A061E0690CE022B1EF
:105D100095FBF2F64643B612A66120B195FBF0F072
:105D200050438012E061A0692062980709D003F017
:105D30000300012808D0022813D0D843800714D0CC
:105D400006E021F0020001E041F0020084F82800A2
:105D5000216A88106062002901DA40426062BDE871
:105D6000F087206A0028EFDCEBE7206A0028EBDDF3
:105D7000E7E700006D5B01002DE9FE4F8046DDF88E
:105D800030900E461C4699F81200174600F0010AA2
:105D9000B9F91050684609F10801FDF739FBBDF962
:105DA0000200BAF1000F2FD0B84250DCBDF9060056
:105DB000B8424CDBBDF900004119B14205DCBDF928
:105DC00004203119521B914209DDBDF902104A1914
:105DD000BA4240DCBDF90620521BBA423BDBBAF1A5
:105DE000000F18D0801B00D50020A04231DCBDF987
:105DF0000410891B091A491C4218A24200DD211A0D
:105E0000002926DB4044EFE0B84213DCBDF9060070
:105E1000B8420FDBCEE7871BA7420BDC002F03DB6A
:105E20003946404604F0E8FABDF90400851B6D1CB4
:105E3000002D02DC0020BDE8FE8FA54204DA611BC4
:105E400008EB050004F0D8FA1FB9A54201D10120E2
:105E5000F1E70220EFE7BDF80430821B181A401C5E
:105E60000FFA80FCBDF80600401A401C03B2781AF5
:105E700000B2A84202DA281A401E01E0591B401A5B
:105E8000D9F8141000B20223CF6803EB4003FB5A89
:105E900037F810609B1B1EB28B68496833F81030CE
:105EA00037F810004FF0000700EB010B02EB0C007D
:105EB000401B18440FFA80F95019C01A401E05B251
:105EC000BAF1000F22D06BE0F11B01EB0B0010F8D0
:105ED000010C029009EB07005FEA000A08D4A24512
:105EE00006DA18F80A1002980BF07AF908F80A0096
:105EF000B5EB070A08D4A24506DA18F80A1002988A
:105F00000BF06EF908F80A007F1C3FB2B742DBDBEA
:105F100009EB0700A04201DA014600E02146002912
:105F200001DA002002E0A04200DB204600B2211A84
:105F3000404404F061FAA81B411CA14201DA0A4660
:105F400000E02246002A01DA002402E0A14200DA41
:105F50000C4621B2404647E0F11B01EB0B0010F864
:105F6000010CC0F1FF00029009EB07005FEA000A94
:105F700008D4A24506DA18F80A1002980BF030F996
:105F800008F80A00B5EB070A08D4A24506DA18F8A3
:105F90000A1002980BF024F908F80A007F1C3FB29F
:105FA000B742D9DB681CA04201DA691C00E0214637
:105FB000002901DA002504E0A04201DA6D1C00E0AE
:105FC00025462AB2A9EB0200A11A884201DA03464B
:105FD00000E00B46002B01DA002002E0884200DBE3
:105FE000084601B208EB020004F006FA31E70000AF
:105FF0002DE9F0411546064688880A881C46801A15
:10600000401C02B2C8884B88C01A401C00B28242B1
:1060100000DA1046B5EB600F00DD4510002D00DA08
:10602000002506F10800FDF7F3F93582B47438480D
:106030003060022030710023C5B1364800214FF492
:106040007A7200BFC1EBC10400EB8404B4F91840BC
:10605000AC421BD1C1EBC10100EB81004169491C7D
:1060600041610169102D04DA012303E07361BDE889
:10607000F0812B110B44934205DA102D01DA012235
:1060800000E02A110A4402617061F0E7491C04290A
:10609000D8D300244FEA0401C1EBC10700EB870706
:1060A000D7F814C0BCF1000F07D12CB1D7F810C03D
:1060B000D4F810E0F44500DA3C46491C0429EBD33F
:1060C0003CB16069401CC4E90430102D0EDA012097
:1060D0000DE01C2003F0F6FF040006D01C2104F0A4
:1060E0008BF94FF0FF3020610BE0FEE728111844D8
:1060F000904205DA102D01DA012000E028111A186B
:106100002261204629467461BDE8F041F4F744BCA1
:10611000795D01001C86FF1FF0B50025094E07467A
:106120002C4600BF06EBC4004068B84204D156F8C4
:106130003450204600F008F8641CE4B2102CF1D36F
:106140002846F0BD8C86FF1F0021421C08D0054A5E
:10615000002352F8301042F8303002EBC0004360A8
:10616000084670478C86FF1F30B4D38854881B1BA9
:106170005B1C1BB2012B09DB938814881B1B5B1C67
:106180001BB2012B02DB036930BC184730BC7047DF
:1061900038B50446382104F02FF9FEF77FFB009054
:1061A000BDF8000024F8040FFEF778FB0090BDF85E
:1061B00000006080FEF7AAF90090BDF80000E080C2
:1061C000FF2525720220A072FEF7A0F90090BDF80D
:1061D00000006083FEF79AF90090BDF8000020856A
:1061E0000748206104F8015CA57584F82650A5775E
:1061F00084F83250E07F20F03E001E30E07738BD5A
:106200006C5802002DE9F04FCBB08346DDE95465B0
:10621000087B984614460F4602287DD9B7F902003C
:10622000002879D0AE4277D01AB2814692464045D6
:1062300000DD914601A8FFF7ABFF787B00F003007B
:106240008DF80600B86840B100208DF80700B868E6
:106250000590387B8DF81E0005E0387B8DF807002F
:106260003888ADF808002188A8F10103A1EB0802E5
:10627000ADF840206188A1EB0801ADF842102088FC
:106280001844ADF84400B4F802C0ADF8D40063443B
:10629000ADF84630ADF8D020ADF8D210ADF8D6301C
:1062A000B7F802C06244ADF8D020B7F802C061442C
:1062B00009B2ADF8D210B7F802C0A0EB0C00ADF8EF
:1062C000D400B7F802C0801AA3EB0C034FF0FF3CD8
:1062D0001BB2CDF80CC1401CADF8D6304FF0000C0D
:1062E00000B2CDF810C1002812DD581A401C00B2CF
:1062F00000280DDD012347F6FF7234A937A8FFF708
:1063000077FE01204490002137A8FFF725FA43903B
:10631000002347F6FF7200E02DE010A93DA8FFF72B
:1063200067FE00213DA8FFF717FA459006F5B47007
:10633000A84205D005F5B4714FF4B4708E4220D157
:1063400047F6FF70ADF8040010AA01A95846FFF700
:106350000BFF4598FFF7F8FE4398401C02D0439886
:10636000FFF7F2FE3DA8FFF7BBFB4498002802D0E0
:1063700037A8FFF7B5FB4BB0BDE8F08FA6F5B476B4
:10638000B6B28642FAD202E0A5F5B475ADB2854246
:10639000FAD228B249900090B4F90220B4F9001062
:1063A00033B219A84A93FFF723FB002119A8FFF77E
:1063B000D3F94690B54203D9A81BC0F5B47000E0EC
:1063C000701BDBF8081000913C282ADDB8F10A0F99
:1063D00027D95A20B6FBF0F1B5FBF0F000F003002E
:1063E000ADF8540001A8ADF84CA0ADF8505001F044
:1063F000030116901294ADF84E60ADF85210ADF84E
:10640000569010A8CDE9170B12A8F8F783F912A837
:10641000F8F748FA12A8F8F714FB12A8F8F7FFFBF0
:1064200004E010AA01A95846FFF79EFE19A8FFF73D
:1064300057FB3DA8FFF754FB449810B137A8FFF76E
:106440004FFB4698FFF780FE4598FFF77DFE439887
:10645000401C02D04398FFF777FE787B40078AD52F
:1064600009F0FF0212AB51464A98FBF70AF9BDF852
:106470004800218812AA0844ADF84800BDF84C0035
:1064800021880844ADF84C00BDF84A0061880844F2
:10649000ADF84A00BDF84E0061880844ADF84E00E2
:1064A00015A80099F1F75DF915AEC0B1002347F6C4
:1064B000FF7212A943A8FFF79BFD002143A8FFF735
:1064C0004BF90546584610AA01A9CBF80860FFF71A
:1064D0004BFE2846FFF738FE43A8FFF701FB09F003
:1064E000FF0212AB51464998FBF7CBF8BDF84800C4
:1064F000218812AA0844ADF84800BDF84C00218854
:106500000844ADF84C00BDF84A0061880844ADF875
:106510004A00BDF84E0061880844ADF84E0015A849
:106520000099F1F71EF9C0B1002347F6FF7212A9D6
:1065300043A8FFF75DFD002143A8FFF70DF90446CE
:10654000584610AA01A9CBF80860FFF70DFE2046B7
:10655000FFF7FAFD43A8FFF7C3FA0098CBF808004D
:1065600009E770B514460D460646F4F777FE224655
:1065700029463046BDE87040F5F745B87CB504467D
:10658000087E0D4602280ED9A26868462968F1F7F0
:10659000E8F8002807D0616B09B120468847626D92
:1065A0002946204690477CBD2DE9F04FCD6889B043
:1065B0000C46074615B1207C00287DD0207C0128A0
:1065C00000D10025786881880088081A401C00B234
:1065D0000790BA6805A82168F1F7C3F800286BD0C6
:1065E000F2F7A2F983460068D7F80090C16941BB71
:1065F000017C490610D47968BDF91420B1F9003046
:10660000B1F90210D21ABDF916305B1A079901FBD5
:10661000032209EB420113E07A68BDF91630B2F9A2
:106620000260B2F900209B1B079E734303EB4303F8
:1066300003EB0901BDF914309A1A02EB420211442E
:106640008946D4F804A05FEA0A0114D021688B8837
:10665000B1F90020B1F902109B1A5B1C0FFA83F804
:10666000BDF914309A1ABDF91630591A08FB0122E7
:106670000AEB420A01E04FF000083DB3007C00073E
:106680000FD46069FCF715FF0146002007E02A5C83
:10669000802A01D9FF2200E000222A54401C8842AF
:1066A000F5DB60698288B0F90010521A521C16B2EC
:1066B000BDF91420511A00E026E0BDF91620B0F90A
:1066C00002002944101A06FB001500E00026786835
:1066D0004188008849420AB2404201B205A8FCF74D
:1066E00021FFDBF80000C069D0B160680028207E7F
:1066F0000DD001A9CDF8008081E86100534605A9BD
:106700004846079A0AF0ECFC09B0BDE8F08F8DE826
:106710006100A36805A94846079AF9F729FDF3E740
:10672000607E80B161680029217E25D0CDF800808F
:10673000CDE90360CDE90115534605A94846079AFE
:106740000AF08EFAE0E760680028207E0BD001A9ED
:10675000CDF8008081E86100534605A94846079AB4
:106760000AF03CFBD0E78DE86100A36805A9484624
:10677000079AF9F747FBC7E7CDE90260CDE90015B5
:10678000A36805A94846079AF9F796FABCE72DE9E8
:10679000F047B3F90240DDE908091D46904614FBB5
:1067A00008F301EB4303B5F900100A9A03EB410625
:1067B000B2F90230B2F9002003FB09F300EB430009
:1067C00000EB4207A888401A401C00B24FEA400A7A
:1067D0000AE052463946304603F03CFD641C06EBA5
:1067E000480607EB490724B2B5F90600A042F0DAE3
:1067F000BDE8F0872DE9FF4FA1B00D4682468168C4
:106800001446DDF8B89019A8FCF70BFE19A8FFF79D
:1068100083F91790288818B96888B0F5807F01D06F
:10682000012100E0002116911C2108A803F0E4FDDD
:10683000E87A8DF83800287B4FF0000600F00F0052
:106840008DF8390006A80890DDE9161008432CD110
:10685000B9F1040F06D0B9F10E0F0AD0B9F1140F37
:1068600021D022E0A87A00BB249808A9CDE90840ED
:1068700013E021466846DAF80820F0F772FF002896
:106880000ED0249809960D940B902889ADF8280015
:1068900002208DF8300008946EE05046FFF76EFE3F
:1068A00025B0BDE8F08FA87AF0B3DAF808000288C6
:1068B000ADF818208088ADF81C00DAF80810801AAE
:1068C000401C4988ADF81A10DAF808300FFA80FB3E
:1068D000DB88ADF81E30A6882788591AF61B761C6F
:1068E00036B21096E6886788491CF61B761C36B2CD
:1068F0000FB21196F2F718F8FEF718F9804606A8BD
:10690000FCF7D7FD5E46404501D9B8FBFBF77E4357
:10691000700003F005FC1290304603F001FC149067
:106920000B9006A80D9000E011E002208DF83000D9
:10693000129809907F1EBDF81A00BDF91E803844D8
:106940001897ADF81E00B9F1040F1DD116E0A0880C
:1069500021886288401A401C01B2E088801A249A7B
:10696000401C00B2490001FB0020CDE908420B9019
:1069700002200D948DF8300008A98EE7288818B9F8
:106980006888B0F5807F01D0022000E001208DF8FA
:106990003000CAE006A91BA8FCF743FD608840420E
:1069A00002B22088404201B21BA8FCF7BBFD16983A
:1069B0001299002814980ED0CDE90410CDE902599F
:1069C000DDE91010CDE900011BA95046109B249A67
:1069D00000F0F0FD0BE0CDE90310CDE9015910986E
:1069E000DDE9102300901BA82499F4F7FEF9A87A9A
:1069F000022865D92A8992B2C2F3C40717FB00F7AF
:106A000067F30F015707BF0E07EB523717FB00F76D
:106A100067F31F418E46C2F3042111FB00F161F3BD
:106A20000F03C0F1FF010022059347E0129800EB2D
:106A3000420002900088ADF80400BDF804301FFA4F
:106A40008EF0C3F3C40717FB010000EBC01707EB80
:106A5000C030C0F3C457BDF878004FEA1E4C67F34E
:106A6000C7005F07BF0E07EB533717FB01C707EBE4
:106A7000C71C0CEBC73C4FEA9C6C6CF3020007EBA5
:106A8000C71C0CEBC737C7F3C25767F34F30059FDE
:106A9000C3F30423BFB213FB017303EBC31707EB6C
:106AA000C333C3F3C45363F30C20ADF8780080B252
:106AB00001900298BDF80430521C0380B242B5D355
:106AC000179800B314980090BDF91A7017E000BF32
:106AD000BDF918105B463A460098FEF7DFFF10B18B
:106AE000022804D006E05946009803F085FC0220F5
:106AF0008DF8300000987F1C58443FB20090BDF9DB
:106B00001E00B842E4DA08A95046FFF737FDBDF889
:106B10001E001899401CADF81A00084401B2ADF8E7
:106B20001E10414501DDADF81E80BDF91A1041452A
:106B30007FF730AF149803F03FFB129803F03CFB53
:106B4000AEE6000010B50C465821204603F054FC78
:106B5000104860611048206110482063104820628E
:106B60001048A061104860621048A0621048E062BE
:106B7000104860631048A0631048E0631048206428
:106B8000104860641048A064104860652C20E064E0
:106B900010BD000005620100D972010063650100AB
:106BA0009F6D0100F5670100B56E0100597001008D
:106BB00011730100B37501008F670100A36C010020
:106BC000D16B01001D6C0100996D0100A9650100E8
:106BD0002DE9F04117460C460646F1F7A5FE05469D
:106BE000F807A06A20F000410BD0606903F004FCB4
:106BF000A06A40F00041A1622868016941F04001AB
:106C000004E0A1622868016921F040010161606926
:106C10000834C6E90004B460BDE8F081FEB505465D
:106C20000068029000980C4620F0E0000090686830
:106C3000164681880088081A0099401C60F3942148
:106C400000916868C1884088081A0099401C60F368
:106C50005F510091A06A002801DA052100E00421BB
:106C6000009861F304000090206A2860E069686081
:106C7000A069A860F1F758FE006894F824206B46DC
:106C8000016962F38611016104F108023146284668
:106C9000FEF7C0F9284600F0A8FC684601F0C1FCE8
:106CA000FEBD70B5064615460C46D00701D0002043
:106CB00070BDA80743D5A06A00F0004000F5C040B1
:106CC000A0622046FCF7F5FBA16A400021F00042DB
:106CD000824202D960F31E01A162A06A20F0004046
:106CE00003F0F0F92146606168B9A06A00F0004045
:106CF00000F54060A06220F0004003F0E3F9214677
:106D000060610028D4D00846D0E900128160E260BA
:106D10006188E181A1892089081A401CA16A00B21A
:106D200021F0004100EB400291FBF2F12182A16AC7
:106D300021F0004191FBF0F0411061822AE0084609
:106D4000D0E900128160E260FCF7B3FB4100A06A69
:106D500061F31E00A06220F0004003F0B3F960610F
:106D6000A16A21F0004103F047FBA06A05F001058C
:106D700065F3DF70A0626069002899D0306004F18B
:106D800008007060B060F1F7CFFD0068016965F33D
:106D900086110161204670BD486903F01FBAF0B545
:106DA0001C46074697B015460E4608680023224643
:106DB00001A900F0CEFFF0B3BDF80C20002A3FD0AF
:106DC000BDF80A1000293BD02888BDF80E301844C1
:106DD00000B2ADF84C0033686D88B3F808C05B8929
:106DE000ACEB03032B44BDF810509B1A5B1B1BB28A
:106DF000ADF84E304518B968B1F900C065451FDBE4
:106E0000B1F90450A8421BDC9818B1F90220904255
:106E100016DBB1F90600834212DC2146019800F02E
:106E200094FF00280CD00199097B890708D101AB98
:106E300013AA314600E005E000903846F5F70EFF52
:106E400017B0F0BD202CFBD3A4F57840FF38F7D065
:106E5000A4F500500C38F3D02888BDF80E10BDF80A
:106E60001020084401B26888104402B2BDF80C003A
:106E7000104400B20090BDF80A00084403B214A800
:106E8000FCF75DFB05A8FFF783F902208DF81700DA
:106E90008DF83E008DF84A008DF82E00B089ADF8CF
:106EA00032000120ADF834003B6914AA05A9384628
:106EB0009847C5E72DE9F0470E46B1F9021096B0A4
:106EC0001C461546814600297ED0307A02287BD99F
:106ED000B5F90000B4F90020904205D1B5F90230AF
:106EE000B4F90270BB426FD0904200DB104601EB58
:106EF000D171A0EB6100ADF84400B5F90010B4F910
:106F00000000B6F90220814200DD084602EBD27192
:106F100000EB6100ADF84800B5F90210B4F90200C9
:106F2000B6F90220814200DA084602EBD271A0EBEA
:106F30006100ADF84600B5F90210B4F90200B6F9E7
:106F40000220814200DD084602EBD27100EB6100B5
:106F5000ADF84A0011A90846D9F80820F0F701FC5D
:106F6000002875D011A9D9F808A0C9F80810B5F9FA
:106F70000200B4F90210884206D123462A4631465F
:106F80004846F5F7CBFF0EE0B5F90000B4F9001064
:106F9000234688422A463146484602D1F6F726FA69
:106FA00001E0F6F775F8707A010701D440074DD576
:106FB00002A8FFF7EDF83088ADF80C0047F6FF7037
:106FC000ADF80800307A00E042E08DF80B00B6F929
:106FD0000200471040F3000000F10108707A4007FA
:106FE00018D528886A46C01BADF800006888C01B09
:106FF000ADF802002888C119A1EB0800ADF8040023
:107000006888C119A1EB0800ADF8060002A948463E
:10701000FFF7AAF8707A000718D520886A46C01BC7
:10702000ADF800006088C01BADF802002088C119CF
:10703000A1EB0800ADF804006088C119A1EB0800BD
:10704000ADF8060002A94846FFF78EF8C9F808A077
:1070500016B0BDE8F08700002DE9FF4F8BB01E464B
:107060001746032B7ED3002F7CD0B00003F058F8D6
:1070700005007BD00024386828602046721E15E089
:1070800007EB800137F92030B1F904C0634505D121
:10709000B1F90230B1F906C0634505D005EB8403B0
:1070A0000968641C1960A4B2401C80B29042E7DBFE
:1070B00007EB8600B7F9001030F9042C914205D196
:1070C000B7F9021030F9022C914206D005EB840189
:1070D00050F8040C641C0860A4B2032C43D37D490F
:1070E000D1E90001CDE90201002027E0BDF9082027
:1070F00035F920108A4200DA1146ADF8081005EB88
:107100008002BDF90A10B2F90230994200DB19463B
:10711000ADF80A10BDF90C3035F920108B4200DDB6
:107120001946ADF80C10BDF90E30B2F902108B42C1
:1071300000DD1946401CADF80E1080B2A042D5D338
:107140000B9802A9826805A8F0F70BFB58B10B98C1
:1071500005A90026806809900B988160B5F9021096
:10716000012011E002E0284603F026F80FB0BDE848
:10717000F08F00BF05EB8002B2F902208A4201DAEB
:10718000114606B2401C80B2A042F3D32C2104FB6E
:1071900001F002F0C5FF8346B2460490D1464FF09D
:1071A0000008701E00D52044621E09F101010892FA
:1071B000914200DD002135F8262035F8203035F8E1
:1071C000217005EB80009B1ABF1A428805EB8600F0
:1071D00005EB810140884988121A081A002107919D
:1071E00012FB07F110FB03F0814267DA01200790E0
:1071F00001E00798F0B308980AF10106864200DD25
:107200000026B9F1010700D5274405EB860005EB00
:107210008A01B0F90200B1F90220904216DB12D0C7
:1072200035F9263035F92A108B420CD04FF0010C7D
:10723000CDE9000C5846FEF713FD58460499FEF7B9
:107240008BFA0BF12C0B08F10108B246A04523D0B4
:1072500005EB870005EB8901B0F90200B1F90220C6
:10726000904217DB13D035F9273035F929108B42BE
:107270000DD000E022E00026CDE900065846FEF7DA
:10728000EFFC58460499FEF767FA0BF12C0B08F156
:107290000108B946A045ACD3DDE90B0102AAFEF70F
:1072A00063FF0498FEF738FF049802F085FF284634
:1072B00002F082FF0B990998886057E7BAF101063E
:1072C00000D52644089809F1010787429DDD002773
:1072D0009BE70000BC45020070B514460D4606460B
:1072E000F7F7BEFD224629463046F3F7B7FF2246A0
:1072F00029463046F4F787F9224629463046F4F706
:1073000074FA224629463046BDE87040F7F748B97E
:107310002DE9FF4FA1B00D46309FDDF8CCB04FF402
:107320008031B7F900004FF00A0940421A9078887E
:10733000B1FBF0F01A99199091FBF9F478681D905F
:10734000604200EB800001EB400604F1010820B22E
:1073500009F010F905900FFA88F009F00BF9824650
:107360005A3420B209F006F9044608F15A0000B276
:1073700009F000F902460598C6F10A0101FB00F385
:107380000AFB063393FBF9F0614302FB06111790E9
:1073900091FBF9F018901798401117901898401128
:1073A0001890BDF9740000021B90BDF97600000230
:1073B0001C90A8882988401A401C04B2E888698873
:1073C000401A401C0FFA80FA002648E00CA80090F2
:1073D000B5F90200B5F9001082190BAB13A80CF037
:1073E000D0FE0EA80090B5F90200B5F9041082197C
:1073F0000DAB13A80CF0C5FE0B9B0D980E99A0EBDE
:1074000003080C980022A1EB000C1146012C08DDAA
:107410004FEA0822611E92FBF1F24FEA0C2C9CFB12
:10742000F1F103F180093B7D8030DB071CD0DDE901
:10743000318CCDF80090CDE9010203AB83E8121046
:10744000CDE906B8DDE92301DDE92E23F2F7D4F812
:107450003298761C00EB4400A34436B23290564575
:10746000B4DB25B0BDE8F08F319B042B54D0052B45
:1074700013D0062B50D0142BEAD1239B1E93249BB0
:1074800012932E9B079305912F9B32998646099262
:107490000020CDF88090109188E0239B1293249BCC
:1074A0001093DDE92E3C0491CE4632998146E046A8
:1074B0000192002009912CE0049A01994243414332
:1074C0000EEB212109EB222209124FEA222207D4D6
:1074D000DDF840C0614503DA002A01DB9A4203DB94
:1074E00000210BF8001012E002FB0811DDF848C083
:1074F00001EB410161440A7891F801C002EB0C22D2
:10750000DDF824C02CF810208A780BF80020401CED
:1075100000B2A042D0DB9BE7DDF8C8C0CDF80090F8
:10752000CDE901020DF10C0888E81210CDE906B38F
:10753000DDE92301DDE92E230AF0BFFE88E7099982
:10754000209A414302EB2121059A42430EEB22226D
:1075500009124FEA222209D4DDF848C0614505DA54
:10756000002A03DBDDF81CC0624501DB002219E0C4
:1075700002FB0319DDF87880DDF840C008EB49080C
:107580000CEB4009B8F80080A9F80080DDF81C80F9
:1075900003FB08FCDDF8788008EB4C0C614402FB2F
:1075A00003110A780BF80020401C00B2A042C6DB91
:1075B0004EE770472DE9F04387B08946DDE9125167
:1075C000DDE91076DDE90E8C70B1C46A002C08D0BC
:1075D000CDF80080CDE904510396CDE901C74946B5
:1075E000A04707B0BDE8F083FEE7416B002900D05B
:1075F0000847704710B50446012103F0CFFB4FF652
:10760000FF7060870121606A02F0A0FF204600221F
:10761000BDE81040202100F0F5BA000070B5002050
:107620000C46486216A1C4E90B10A06294F83C1005
:1076300041F0300184F83C10E08620874FF6FF715E
:107640006187A08694F83C004FF4806120F00F0021
:10765000083084F83C00204602F078FF09A120465B
:1076600000F041FA204604F071F801460C4803F09E
:10767000ADFA054603F01EFB65626C6270BD00004A
:10768000EF81B8004F7074696F6E20310A4F7074CB
:10769000696F6E20320A4F7074696F6E203300007C
:1076A000DC5B020070B5486A0C46002510B103F09F
:1076B000D7FB656294F83C00C00603D4206B02F04F
:1076C0008DFD256370BD000070B50E463F4803F088
:1076D0002FFF012843D1304600F054FA05463046CA
:1076E00000F08EFA04460E2D14D00F2D21D0102D4F
:1076F0001FD0082D21D02A2D23D0292D21D02C2D8B
:1077000023D00D2D2CD0152D29D13046BDE8704049
:10771000F6F722B903F0D0FF00F0F4FE054601F0C1
:107720009FFB01F0DEFB042819D17DBB218F204691
:10773000E186BDE87040FFF75DBFBDE87040F2F73D
:107740008EBABDE8704006F053B8304600F056FAE5
:1077500005460021204604F03EFF0089688070BD88
:10776000304600F04BFA0078132810D012280ED0C3
:10777000142817D0112815D01B28D7D00A28EED1ED
:1077800001F07EFBA042EAD02046D6E719E0204671
:1077900000F04EF8A8B1E08EA18E401C8842DED2E7
:1077A000214608E0204600F043F850B1E08E002862
:1077B000D5D02146401EE086BDE87040084609F05D
:1077C00064BE2046BDE8704000F08EB8C05B020089
:1077D0002DE9F04104460025006B90460E462F46E9
:1077E00020B1E8F7DEFD0246002008E00F70BDE89A
:1077F000F081216B095C0A2900D16D1C401C90426C
:1078000002D2218FA942F4D10021A8F1010507E09D
:10781000B8F1000F01D0A94208D27354401C491C92
:10782000904203D2236B1B5C0A2BF1D17754DEE725
:1078300010B5406A012105F057F880F0010010BD35
:10784000F8B50F46084600F09DF90546182805D002
:107850003946244803F06CFE01283AD1384600F03E
:10786000CFF9446A0646082D0ED0012D17D0092DF8
:1078700030D0182D2DD13846F5F767FE3946BDE8D2
:10788000F840184803F054BE01F0EAFA01F01DFB7D
:1078900000281ED13046BDE8F840FBF72AB801F0B9
:1078A000DFFA050015D001F01CFB012804D02846A2
:1078B00001F017FB03280CD16946284601F0E6FACF
:1078C000BDF902102046F9F74FFC6087304605F0FD
:1078D000CAFAF8BD4FF6FF7060873046BDE8F84041
:1078E00005F0C1BADC5B02002DE9F8430446012132
:1078F00002F070FE204603F029FF0146606A06F0A0
:107900007CFA4FF0FF31606A05F014FC0121606AD7
:1079100003F00AFA00221F21204600F073F92046E6
:10792000F9F706FD8046216B02F0ADFA42F2D17103
:10793000606A06F028FC404606F09CFC606A04F091
:107940008AFF0546204604F086FF85420EDC94F847
:107950003C0000F00F00042801D0082806D1204682
:1079600004F079FF0146606A06F00DFC404603F022
:10797000A8FE07460021606A04F0DEFB05460021F0
:10798000606A04F07DFD461900211122606A04F04E
:1079900095FD2844B919084407B294F83C003D46C7
:1079A00000F00F06082E02D0042E1ED034E0FDF7A2
:1079B000A5F8FDF701F9B4F91A10294488422BDA29
:1079C000FDF79CF8FDF7F8F8B4F91A10411AB4F96C
:1079D0001600814201DA042605E0FDF78FF8FDF775
:1079E000EBF8618B401A401E15E0B4F91600401BFD
:1079F00012D5FDF783F8FDF7DFF8B4F91A10B4F9E2
:107A00001650411AA94207DD0826FDF777F8FDF761
:107A1000D3F8618B401A05B2BD4200DD3D462946D0
:107A2000606A06F0C0F9204609F02FFD0020082EFC
:107A300006D0042E09D0012E0CD0022E0FD015E056
:107A4000009000230D22606A0DE0009000230A22BE
:107A5000606A08E0009000231022606A03E0009052
:107A60000023606A1322214602F028FE606A06F0B5
:107A700001FC94F83C0000F00F00012801D002281E
:107A800018D1606A04F009FF0646606A04F021FF1D
:107A90000546FDF733F8FDF78FF8A8420ADCFDF73D
:107AA0002DF8FDF789F8281A301A401E01B2606AD5
:107AB00006F095FB00214046226B03F06DF802288A
:107AC00008D04FF0000303281A4601D0012104E03A
:107AD000032102E000231A46022101B04046BDE81E
:107AE000F04302F0DDBD70B50E00044603D0002562
:107AF000A586294606E0FEE70A2802D1A08E401C92
:107B0000A086491C705C0028F6D1A08E401CA0867F
:107B1000E586258794F83C00C00604D4206B10B19C
:107B200002F05CFB256394F83C0040F0100184F8FF
:107B30003C102046266305F096F9606A002803D0C1
:107B4000BDE8704005F08FB970BD10B50C464FF41C
:107B50008061204603F0E8F80421204603F0E4F8B1
:107B60004FF40031204602F0F1FC0121204602F0E2
:107B7000EDFC2046BDE8104001F09ABA486A0021A9
:107B800041627047007A20F080007047406870477B
:107B9000017A15290BD0142909D0162907D01829E4
:107BA00005D0172903D0192901D00020704700699A
:107BB0007047017A01291FD002291DD003291BD04B
:107BC000042919D0052917D0062915D0072913D063
:107BD000082911D009290FD00A290DD00B290BD063
:107BE0000C2909D00D2907D00E2905D00F2903D063
:107BF000102901D000207047006970470069704764
:107C00000068704710B588B0C0B1009001908DF841
:107C100008100020CDE903029DF81800084C20F060
:107C200007008DF8180060680590C4F804D0684615
:107C3000F7F7B3FF0599616008B010BD0120FBE7BD
:107C40002C80FF1F027A132A06D10069B0F90020A8
:107C50008A4200DD114601807047000010B506F031
:107C6000B5FE03F0F1F83C220446114606F04FF948
:107C7000002247F6FF71204606F060FA002006F069
:107C800045FB01460022204606F029FA1021204635
:107C900003F04AF800221146204606F031FA32225B
:107CA0001146204606F014F9064908200A46C1E9A3
:107CB000004007208860BDE810400A21024808F013
:107CC00069BA0000440301203599000010B500F0A6
:107CD00005F8BDE8104000F075BB000010B50021AC
:107CE0000C4802F0EBF80C4C2080002007F042FA20
:107CF0006080042007F03EFAA080042007F03AFAE2
:107D0000E080042007F036FA2081042007F032FAE0
:107D1000608110BDD10801003081FF1F10B5092915
:107D200000D120210469F9F78FF9002806D0616895
:107D300001EBC000618A890B01D0002010BD0068F2
:107D40002168C0F31300084410BD08B14268104711
:107D5000FEE72DE9F0479A4690460C46070011D001
:107D60008CB100260546B1462660D5F800C05346C2
:107D7000424621462846E04740B1A07BC00603D4D6
:107D800025600EE0FEE7FEE706B92E466D69002D80
:107D9000EBD14EB135685346424621463046A8479E
:107DA00026600120BDE8F087B8F1200F20D3A8F5A8
:107DB0007841FF391CD0A8F500510C3918D0B7F91B
:107DC000080000EBD0704008E080801CA080C4F860
:107DD000009039892181A4F80A90A4F80C90A07B26
:107DE00020F00F00401C40F01000A0730020D9E7E5
:107DF0004846A4F80690E9E72DE9F0479A460C4674
:107E00008146092A47D000261146D9F81050F9F7C3
:107E10001BF9071E3DD0E8684FF0000850B15146ED
:107E20004846F9F711F9020004D039464846F9F7F7
:107E3000E7F980466868298A00EBC70001FB08F172
:107E40000A110168090D002E02D000BF4FEA41015E
:107E5000114401F108014FEA1111A18041792181FA
:107E60000179E18090F90620628190F90700A081F4
:107E7000688A4FEA5022A07B62F3030020F01000D2
:107E8000A07304D04FF6FF7000EA4100E0804FF08D
:107E90000100BDE8F0874FF001064FF02002B3E784
:107EA0001FB540B113460A466946FFF752FFBDF8B9
:107EB000040004B010BDFEE770B504464068B0B1E0
:107EC000C268B2B12168904705466068408840B1F9
:107ED000A06830B1C06808B102F080F9A06802F073
:107EE0007DF9002020606060A060284670BD0B20F6
:107EF00070BD092070BD000010B504460748F0F7BA
:107F00005CFA08E008680078A04201D1086810BD5A
:107F10000248F0F756FA0100F4D110BD3485FF1F76
:107F200010B50446E8F73DFA40B1215C2E2907D090
:107F30002F2903D05C2901D0401EF6D102A010BD2C
:107F40002044401C10BD00000000000010F8011F7C
:107F50003A2900D1401C70472DE9F04117460E0028
:107F600005462BD03078FFF7C7FF040028D06168A2
:107F700009B1884730B3A06830B33046FFF7E6FF59
:107F80000146A3683A4620469847F8B1411C1DD0E7
:107F9000C5E90004608870B1102002F093F8A86071
:107FA000B0B1102102F028FAA9684FF0FF30086044
:107FB000A968400048600020BDE8F0810B20FBE785
:107FC0000320F9E70120F7E70920F5E70C20F3E7A4
:107FD000FEE77CB51C004FF0000500D0256043682B
:107FE00053B11B6953B1019545686B88002B01ABF8
:107FF00006D000F012F80BE00B207CBD09207CBD00
:108000000093006813460A4601462E692846B04789
:10801000002CF4D0019921607CBD2DE9FF4F05466D
:10802000806814460027D0E90021D0E9028081460B
:10803000686883B09A46B0F802B0424549D888458E
:1080400047D2A8EB020080B2ABEB0006A1EB08011F
:108050008E4200D30E46B44209EB000106D82246F8
:10806000049802F0F7F8CAF8004066E03246049837
:1080700002F0F0F80020019001A85C45009008D9BA
:108080000498A31B8219D5E900100769B847074671
:1080900017E0D5E900105B4607694A46B84707462E
:1080A000A86842680260A968019802444A60A11B5E
:1080B000814200D2084682B204984946304402F018
:1080C000C9F801983044A04200D20446CAF80040E2
:1080D00030E05C4508D9CDF800A006692968234640
:1080E000049AB047074625E0B9F1000F06D158467B
:1080F00001F0E8FFA968C860F0B181460020019056
:1081000001A80090D5E900105B4606694A46B047D1
:108110000746A868C0F80080019AA86808EB020129
:108120009442416000D22246CAF800204946049891
:1081300002F090F80FB106E0FEE7A868DAF8001048
:1081400082681144816007B03846BDE8F08FF8B509
:1081500045680446E5B1AE69E6B16B880020C3B35B
:10816000D2B1012A21D0022A11D1134620680A4631
:1081700001462846B047002809D1D4E900106A46D4
:10818000C3699847002802D1A26800999160F8BDA0
:108190000B20F8BD0920F8BDA2689160A3680A46CB
:1081A0001D68A9420CD3596808E0A3689A680A447C
:1081B0009A60A1680B689A4202D349688A42EAD958
:1081C000D4E900100023846901B0A446BDE8F04062
:1081D0006047FFE7134620680A46014601B028467B
:1081E000B446BDE8F04060472DE9FC410C4681787B
:1081F000154611FB04F109128A4202DC0088BDE831
:10820000FC81017A00EB810212F8023C13FB04F3BB
:108210001B129D4202DB32F8040CF0E7012360E000
:1082200000EB8302927812FB04F21212954256DCA4
:1082300000EB830737F8040DADF804000198FCF754
:1082400007FB0646B888ADF804000198FCF700FB70
:10825000B97811FB04F1BA79091212FB04F2D1EBDF
:10826000222240D0691A09B2C1EB012191FBF2F13F
:10827000CAB2C2F1FF03C0F3072111FB02F1C6F33A
:10828000072414FB031101EBC11404EBC134BDF846
:108290000010250F65F30201C0F3074515FB02F539
:1082A000C6F3074717FB035505EBC51707EBC535A5
:1082B000AD0E65F3C701C0B210FB02F0F2B212FBC3
:1082C000030000EBC01202EBC030800E60F30C2103
:1082D000600E60F34F31ADF8001088B28FE75B1C81
:1082E000DBB299429CD8FEE74168002901DA01F02F
:1082F00075BF7047FEB50546407A16460C464007E6
:108300002FD0224F387820B9002000F043F8012008
:108310003870687A00F00700022818D04FEA06008B
:1083200080EA640068400190002000906A4601A93C
:108330001748F9F7ABFF01280BD0324621462846F3
:10834000F1F71CF8009000280BD0002418E020461C
:10835000E6E700980422416802EBB1714FEAB101EF
:108360004160FEBD22462846FFF73EFF029000987E
:10837000BDF80810806800EB4400641C018024B242
:108380000098B0F90E10A142ECDCFEBD6080FF1F2A
:108390003102010070B5094D0446286801F01EFF46
:1083A000204601F08FFE2860054DA86020B12146CF
:1083B00002F022F86C6070BDFEE70000BC80FF1F79
:1083C0006080FF1F10B50021164801F077FD164CA4
:1083D0002080042006F0CEFE6080042006F0CAFE55
:1083E000E080042006F0C6FEA080042006F0C2FE55
:1083F0002081042006F0BEFE6082042006F0BAFE52
:108400002082042006F0B6FEA081042006F0B2FE11
:108410006081042006F0AEFEE081042006F0AAFE92
:10842000A08210BDCD1A01003C81FF1F70B506006F
:108430000C4633D0084600F087F83046EFF7BDFF12
:1084400005E00868A04229D03046EFF7BAFF0100E6
:10845000F7D1204603F030F940B1A168896829B10D
:10846000C9680968A14201D100F059F8A06810B9A3
:10847000204602F08FFAA06886603046F0F703F8D5
:1084800005000AD030462C60EFF797FFA84205D1CF
:108490003046BDE8704000F042B8FEE770BD000015
:1084A00010B50446074A0849F8F77AFB6269002AC2
:1084B00006D0002804D12046BDE810400121104715
:1084C00010BD0000C3830000BB83000010B504464C
:1084D000074A0849F8F764FB6269002A06D00028B9
:1084E00004D12046BDE810400021104710BD000017
:1084F000CB830000D1830000014800687047000072
:108500003480FF1F002802D0007FC0F34000704776
:10851000002803D0C068002800D00068704770B5FC
:108520000446007FC0F3C00540F0080020774007F4
:10853000204602D4FFF7B4FF01E0FFF7C7FF207F1A
:1085400065F3C300207770BD2DE9F041064603F0C6
:10855000B3F804003DD0E068002740B30068B042A3
:1085600020D1207FC10702D020F0010020772046D3
:10857000EFF723FFE16888420FD12046EFF728FF8D
:10858000E168884209D12046F8F712FE0246E06809
:108590000F210068FFF736FB02E02046FFF7BFFF20
:1085A000E06820B1E0680068B04200D1E760204692
:1085B000EFF703FF11E028682946B04220460AD1B0
:1085C000EFF788FF284601F009FEB068002800D0C8
:1085D0008760BDE8F081EFF7F4FE0500EBD1F8E726
:1085E00070B504001CD0207FC0F340028A4217D02F
:1085F00061F3410020772046FFF78AFF05000FD086
:108600002046F8F7D5FD0246E0680E210068FFF726
:10861000F9FA012804D12846BDE8704004F023BCD3
:1086200070BD7047014600200F290AD2DFE801F033
:1086300009090909080A080C0E10120C0E10120084
:1086400010207047182070470120704702207047A3
:10865000042070470820704701460020891E0D291C
:1086600009D2DFE801F0070808070807070707072E
:10867000070707000120704701460020032901D0A9
:10868000062900D10120704770B54C6A0D46002CB8
:1086900012D0287C012802D12046FFF70DFCE068AB
:1086A00008B101F09BFD206908B101F097FD20465B
:1086B00001F094FD0020686270BD00007FB5144693
:1086C0000D46084600F0BBFB20B1012817D0022858
:1086D00039D035E0296801F01F00001F11282FD282
:1086E000880A216860F3942121602868400D60F3B6
:1086F0005F512160287860F3040121602FE0284653
:10870000FFF70EFC17A1E7F753FEC8B9022229466E
:108710006846FFF721FC68B903AB0422214668468E
:10872000FFF757FC05466846FFF7C6FB45B90398B7
:10873000042805D1207800F01F00001F11280ED357
:10874000002004B070BD2068012161F39420C0F3C3
:10875000140000F5001020F01F000B3020600120F5
:10876000EFE7000062696E002DE9FF4F80465CA0D4
:1087700087B0006804905BA05BA3006893460F4637
:1087800005900FCB8DE80F00B8F80810002089B2D3
:10879000CAB2090A09E000BF149C00EB4003401C68
:1087A000E254149C00B2234459700A9B9842F3DBB4
:1087B00098F814004FF0000900F01F00FFF732FF97
:1087C0008246012101FA0AF1491E88B2069000256D
:1087D000D8F814002C4600F01F012E460B2906D0B5
:1087E0000C2912D00D2920D00E2931D12CE0C0F354
:1087F0008A20C01DC50804EBE70115FB0B1407F028
:108800000700C0F1070604A80DE0C0F38A20C01CD1
:10881000850804EBA70115FB0B1407F003000621E4
:10882000A1EB400605A8814612E0C0F38A20401C57
:10883000450804EB670115FB0B1407F00100042148
:10884000A1EB80066846EEE7C0F38A2515FB0B74A2
:108850002846D8F8247001F063FC5FEA000B13D0BF
:1088600098F81000A0B10022211D3846FFF76FFCD8
:1088700000232A4659463846FFF7ABFB5946CAF152
:108880000802002053B222E000200BB0BDE8F08FB8
:10889000D8F8040080680119F1E70A78069CF240D4
:1088A000224098F8144004F01F040E2C01D019F84F
:1088B0000220149C00EB40052C44A270A6EB0A0297
:1088C00056B2002E01DA1E46491C401C00B20A9A1C
:1088D0009042E2DB584601F06FFC0120D5E7000032
:1088E00000FF00000055AAFF0011223344556677AF
:1088F0008899AABBCCDDEEFF2DE9FF4F8046007DB5
:1089000081B091460E4600F01F00FFF78BFE8246B5
:10891000012101FA0AF1491E0025D8F814001FFAB6
:1089200081FB00F01F012F462C46072906D008299D
:1089300012D009291FD00A2932D12BE0C0F38A2096
:10894000C01DC50804EBE60115FB091406F007007D
:10895000C0F10707083423E0C0F38A20C01C850853
:1089600004EBA60115FB0914062106F00300A1EB98
:108970004007103414E0C0F38A20401C450804EB83
:10898000660115FB0914042106F00100A1EB800724
:10899000403405E0C0F38A2515FB096404F58064C2
:1089A0002846D8F8249001F0BBFB061E40D098F86A
:1089B000100068B10022211D4846FFF7C8FB0023C4
:1089C0002A4631464846FFF704FB3146002028E09E
:1089D000D8F8040080680119F8E70A78D9F80C3053
:1089E000FA4002EA0B0203EB42030E9D1B8800EBE8
:1089F0004004ADF800302B55BDF800301D0A0E9B29
:108A000023445D70D9F81040A25C9A70A7EB0A026B
:108A100057B2002F03DACAF1080257B2491C401CB2
:108A200000B2049A9042D8DB304601F0C5FB012029
:108A300005B0BDE8F08F00002DE9FE430646087C36
:108A40000C46012801D028B328E06068FFF768FAD7
:108A50006CA1E7F7ADFC00285CD102226846616892
:108A6000FFF77AFA0028F7D1606A38B9142001F0CC
:108A700029FB606268B1142101F0BEFCD4F8240027
:108A800069460C2211F8013B00F8013B521EF9D156
:108A900004E0FEE76068806800286ED0616901F03C
:108AA0001F000E2816D0142814D004283BD0052807
:108AB00039D0062837D0072839D0082837D00928D8
:108AC00035D00A2833D00B2828D00C2826D00D28E2
:108AD00024D091E0227CF2B1C1F38A22490D12FB2D
:108AE00001F114281BD001264E43304601F0EAFA6A
:108AF00005000FD0676A002204213846FFF727FBE4
:108B00000023324629463846FFF763FA48B1284623
:108B100001F064FB74E060688068A06169E003268E
:108B2000E2E7A56165E0207C0028F4D061E0FFF772
:108B300079FD01278740606A38B9142001F0C2FA34
:108B40006062B8B1142101F057FC7800656A01F049
:108B5000B9FAE86078B1384601F0B4FA286158B142
:108B6000E86878B3207C012808D060680024D0F839
:108B700008803CE0FEE7FEE7FEE73BE00022042140
:108B80002846FFF7E4FA002419E00023042269468E
:108B90002846FFF71EFA9DF800209DF801109DF869
:108BA0000200FBF772FD0190E868BDF8041000EBCD
:108BB0004400018029699DF803000855641CBC42EB
:108BC000E3D316E018E000BF08EB840618F8242071
:108BD0007178B078FBF759FD0090E868BDF8001097
:108BE00000EB440001802969F0780855641CBC4200
:108BF000EAD30120BDE8FE8321463046FFF744FD5D
:108C00000020F7E762696E002DE9F84F0C461D461B
:108C10001646207DDDE90A32002100F01F000428FD
:108C200016D0052814D0062812D00B2839D00C28CD
:108C300037D00D2835D00E2833D0072838D0082853
:108C400036D0092834D00A2832D00020BDE8F88F69
:108C5000277C012F33D198469146D4F824A0FFF702
:108C6000E1FC07466069C0F38A2015FB0060784389
:108C7000C11000225046091DFFF769FA002470B99F
:108C8000FD0805FB08F56B462A4649465046009408
:108C9000FFF79FF918B90098854200D101242146B9
:108CA0000DE000922A4631462046FFF75DFD05E0C3
:108CB00000922A4631462046FFF71EFE014608462E
:108CC000C4E710B50446006800280BD0C2680AB19A
:108CD00021469047207C012804D1606801F07EFA8B
:108CE0000020606010BD000010B50548EFF77CFB68
:108CF000040004D0142101F07FFB204610BDFEE7E4
:108D00005885FF1F2DE9F0410F46054604213846DE
:108D100001F072FB25B1284600F091F818B105E08A
:108D20000020BDE8F081A8680028FAD000260A4893
:108D3000EFF743FB0BE023682BB13A4629469847EF
:108D40000646012805D021460348EFF73AFB040008
:108D5000F1D13046E5E700005885FF1F2DE9FF41BE
:108D60000E461D460446282101F046FBAEB13046B2
:108D700000F065F808B9B16879B1BDF80810218133
:108D80002074E56001280CD0666000272148EFF7C9
:108D900014FB054604F1140831E0002004B0BDE8DE
:108DA000F0813046E7F7FDFA401C01F08BF9606076
:108DB00018B13146E7F70AFBE7E7FEE72B68CBB1CE
:108DC0006868B8B1424631462846984707460128A8
:108DD00010D125606A682146284690470746012839
:108DE000DCD00421404601F007FB00202062A06196
:108DF0006062E06129460748EFF7E3FA0546002D77
:108E0000DCD1207C012802D1606801F0E7F9384606
:108E1000C4E700005885FF1F2DE9FC4105680E4698
:108E2000089FAC6800213CB1CDE9003713460146EC
:108E300032462846A04701460846BDE8FC8103218A
:108E400030B10078A0F120015F2903D801207047DC
:108E500008467047802801D30220704700207047E1
:108E600001488068704700003880FF1F18B1014634
:108E70000248EFF7A6BA0148EFF79FBA2885FF1F0F
:108E800001484068704700003880FF1F38B1026811
:108E90001278012A05D0032A03D04FF0FF30088052
:108EA00002E002890A80408948807047002806D085
:108EB00001680978012903D0032901D000207047F7
:108EC00090F8440000F00F007047002806D00168B9
:108ED0000978012903D0032901D000207047006BD5
:108EE0007047002801D000680078704700220A808F
:108EF0004A80002809D002681278012A01D0032A8A
:108F000003D1028B0A80408B4880704770B5204E99
:108F10000C460025B0B3417941F002014171B168BE
:108F2000814200D1756001680978012901D00229C8
:108F30000ED114B1416BA14201D1456314B1816AD4
:108F4000A14201D1856214B1C16AA14200D1C562BA
:108F500070BD417941F00201417101680978012930
:108F600001D002290ED114B1416BA14201D1456358
:108F700014B1816AA14201D1856214B1C16AA142D2
:108F800000D1C562FFF772FF0028E2D1756070BDA5
:108F90003880FF1F10B50446407920F00100607151
:108FA00007F0E4F8E06407F0E1F8A06410BD0028E1
:108FB00004D0032906D00C2901D000207047B0F955
:108FC000261001E0B0F924100068427E0020C2F1B2
:108FD0006402642306E0084400B212FB01F191FB35
:108FE000F3F109B20029F6D17047000010B5144C16
:108FF0002078002821D101F007F9EFF7CDFCEEF73A
:109000008BFEEEF7EDFAEEF78DFEFCF74FF8EFF77B
:109010008DFB4FF4B4710B48EFF7DEF95C210A4881
:10902000EFF7DAF9EFF786FCEEF762FF442011283C
:1090300004D0FEF74BFE0120207010BDFEE70000BB
:109040004480FF1F1C85FF1F2885FF1F10B50C469D
:109050000020486214F8481F21F0180104F81C1978
:10906000411E2160227F22F0070222772083608345
:10907000E060C4E90110090C2161616144F8040C4D
:1090800014F81C0F022120F0400004F84809204683
:1090900001F04AFE0021204600F054FE2046BDE8C3
:1090A000104001A100F08ABE5465787400000000F1
:1090B00010B50146034801F089FD044601F0FAFDB0
:1090C000204610BDF85B020010B508460C4600F0C3
:1090D0000AF894F84800000702D4606A01F07EF8AC
:1090E0000020606210BD10B5044690F848004006AC
:1090F00003D5A06A08B101F071F894F8480020F097
:10910000400084F848000020A06210BD2DE9FF4710
:109110000E463F4802F00CFA012876D13046FEF7A1
:1091200031FD04463046FEF76BFD05462A2C1CD067
:10913000132C0BD0292C18D02C2C1ED0152C64D11C
:1091400004B03046BDE8F047F4F728BD002103F035
:1091500045FAB0F9080004B0C11700EB9170811016
:109160003046BDE8F047FEF76DBD00F0B9FD04B034
:109170002846BDE8F04700F04FBB002103F02EFA6F
:1091800081460021284603F03BFA8046002128460C
:1091900003F04EFA074695F848000024C10600D5B2
:1091A0000124800601D544F00204284602F035FA75
:1091B0000021284603F07EFAA0F51C51D13905D1D3
:1091C000688C000502D441F6FF7002E0284602F0E8
:1091D00024FA0097CDE9010443464A4603A8696A88
:1091E00007F08CFA3046FEF709FDB0F90020BDF912
:1091F0000C108A4200DD11460180B0F90220BDF951
:109200000E108A4200DD11464180BDE8FF87000054
:10921000F85B02002DE9F04F8BB00D00804659D06D
:109220000021122203F04AF929881022081A60F35B
:109230000F044046002103F041F96988081A60F3E1
:109240001F44A14608A9404602F09FF9BDF824003A
:10925000BDF820100025401A401C00B2D8F8247038
:1092600005902C462946404603F0B8F902900021AB
:10927000404603F0DDF900900021404603F0C0F9BC
:1092800003900298AB465E46B0F90800079098F844
:109290004800C10600D50126800601D546F0020629
:1092A0000021404603F006FAA0F51C51D13905D142
:1092B000B8F82200000501D446F00406404600211B
:1092C000D8F8242001F068FC82460099079800EB4A
:1092D000010821E0FEE70020CDE90006DDE90212E9
:1092E0007819059BEFF79EFB044407984FEA294243
:1092F000584482420BDC444A00946946126838465E
:1093000090470A280BD0385D48B9641C07E008EB89
:109310000B000FFA80FB2546785D0028DBD107EBB8
:10932000050B4FF00008BAF1020F03D0BAF1030F9A
:1093300016D025E0DDE90223611B5846009607F0B0
:109340003BFABDF82410BDF8202000EBD070891A3C
:10935000491C09B201EBD1714910A1EB60000DE08D
:10936000DDE90223611B5846009607F025FABDF897
:109370002410BDF82020891A491C081A0FFA80F819
:1093800000208DF818008246049044BB2BE004AB0B
:109390006A4601A95846EFF72DFBF00706D004985E
:1093A0001BF8001006A8EFF7E7FBC0B9DDE90110D4
:1093B000009AFEF775FD01B20FFA89F208EB010081
:1093C00082421EDB04994A19A2421AD00AEB050216
:1093D000BA5CB2B1039A8A4610440FFA80F8049836
:1093E0002844A042D3D3094C584604992268904798
:1093F000064622682946384690470BB03044BDE8FF
:10940000F08FCDF810A0EEE70081FF1F0481FF1F51
:109410002DE9F74F8AB05FEA0209804664D0D8F898
:10942000245040462A46002101F0B6FB83462878A6
:1094300000285AD007A9404602F0A7F8BDF820003E
:10944000BDF81C100024401A401C00B204902646AF
:109450002146404603F0C2F803900021404603F045
:10946000E7F806900021404603F0CAF802900398FE
:10947000A2465746B0F90800059098F84800C10682
:1094800000D50127800601D547F00207002140469C
:1094900003F010F9A0F51C51D13905D1B8F822001C
:1094A000000501D447F004074B4A28460B9912687F
:1094B00090478046A85DA8B3DDE9051008440990EF
:1094C0000020CDE90007DDE902212819049BEFF710
:1094D000A9FA0644B04526D3A85D18B309983446C6
:1094E00050440FFA80FAEBE7FEE70020A9F80200EB
:1094F0005946BBF1010F07D002290AD0BBF1030F77
:1095000004D1404602F089F8A9F800000DB0BDE88A
:10951000F08F404602F081F800EBD0704110A9F8BE
:109520000010F3E7FFE7B8F1000F12D005EB0800D9
:1095300010F8010C0A2801D00D280AD115F80800EE
:1095400038B9DDE90501014401EB0A000FFA80FAA0
:1095500044462819CDE90070DDE90103A8EB0401B8
:10956000039A07F029F905460B98A04202D0029809
:10957000284405B2BBF1020F03D0BBF1030F16D094
:1095800025E00097DDE90103311B039A07F014F988
:10959000BDF82010BDF81C2000EBD070891A491CC2
:1095A00009B201EBD1714910A1EB60000DE0009709
:1095B000DDE90103311B039A07F0FEF8BDF8201026
:1095C000BDF81C20891A491C081A284405B2A9F8BC
:1095D0000050A9F802A099E7F880FF1F90F8480012
:1095E000C0F300107047406A7047006C7047C06B52
:1095F000704700002DE9F04117000D46044627D0C2
:1096000094F84800000725D4204603F02CFC606A3B
:10961000E6F7C7FE06463846E6F7C3FE8119491C41
:10962000606A00F0FFFD606298B1A5F57F41FF39E7
:1096300003D109490968884705463A462946606AC0
:10964000EFF770FA2046BDE8F041002100F0B6BB0C
:10965000FEE7FEE7BDE8F0810881FF1F2DE9F04F2E
:1096600095B05FEA010A80465FD010A9404601F03C
:109670008CFFBDF84400BDF840100024401A401C87
:1096800000B2D8F824700A9025462146404602F0E0
:10969000A5FF03900021404602F0CAFF0090002180
:1096A000404602F0ADFF029003980021B0F9080097
:1096B0000B904046D8F8242001F06EFA834698F8C3
:1096C0004800A1464E46C10600D50126800601D5B8
:1096D00046F002060021404602F0ECFFA0F51C52C5
:1096E000D13A05D1B8F82210090501D446F0040694
:1096F0000B99009801EB0008385DB8B10020CDE966
:109700000006DDE9022138190A9BEFF78BF90B9966
:109710000544BAF9022009EB0100824206DD08EB9C
:1097200009000FFA80F92C46E6E7FEE74FF0000843
:10973000C146BBF1020F03D0BBF1030F16D025E0E9
:10974000DDE90232291B3819009607F035F8BDF81B
:109750004410BDF8402000EBD070891A491C09B2B2
:1097600001EBD1714910A1EB60000DE0DDE902329F
:10977000291B3819009607F01FF8BDF84410BDF8F2
:109780004020891A491C081A0FFA80F800208DF829
:109790004800089004940C90FDB16D1E0498A842F6
:1097A0001BD804AB0CAA08A93846EFF723F9F00739
:1097B00006D00498395C12A8EFF7DEF90028EDD145
:1097C000C1460C9A08990398FEF76AFB4044BAF91F
:1097D000001000B2814216DA04940C9A089903989A
:1097E000FEF75EFB0299029B0144BAF90000A9EB67
:1097F0000302491C90420CDB4944884209DC0120E9
:1098000015B0BDE8F08F0299049C08440FFA80F867
:10981000C4E70020F4E700002DE9F04F0446406A59
:1098200097B000287ED04FF0FF3903A92046C4F836
:10983000309001F0AAFEBDF81000BDF80C10401ADF
:10984000401C0FFA80F80021204602F0C7FE0546B2
:109850000021204602F0ECFE07460021204602F0DF
:10986000CFFE824694F848000026C10600D50126A6
:10987000800601D546F002060021204602F01AFFBC
:10988000A0F51C51D13904D1608C000501D446F0FB
:1098900004060097CDE9018653462A4616A8616A58
:1098A00006F02CFF204603F0A3FF94F848004FF683
:1098B000FF7B00F007004FF00008022804D00328C7
:1098C0007ED001287DD0F6E10021204602F0DAFBAF
:1098D0000604360C08D1204601F0C0FEFBF714F94F
:1098E000032190FBF1F086B205A8F9F785F84FF453
:1098F0009670059412901490BDF81000BDF80C10ED
:10990000BDF95820401A401C002700B2ADF854B0F1
:10991000904233DA0021801ACDE90E10E9480D910A
:10992000014600E0CAE106902046F9F74DF8002113
:109930000A4620B1016B90F84200C0F34002109833
:1099400088420FDD9DF85600119120F001008DF83E
:1099500056003AB140F002008DF856000F990D986C
:109960000D910F9030460F9A0D99F9F793F81090DA
:10997000139005A8F9F79CF8012705E0D149204686
:10998000F8F7F2FFA4F84480BDF81200BDF80E10FD
:10999000BDF95A20401A401C00B290427EDA002FD6
:1099A0007CD1821AB5F908000021101ACDE90E10F9
:1099B000C5480D91014606902046F9F705F801E0EB
:1099C00023E0C5E000210A4620B1016B90F8420077
:1099D000C0F34002109888420FDD9DF856001191A7
:1099E00020F001008DF856003AB140F002008DF8E9
:1099F00056000F990D980D910F9030460F9A0D99C2
:109A0000F9F748F8109013909EE020460021642258
:109A100002F054FD06460021204602F033FB070405
:109A20003F0C08D1204601F019FEFBF76DF8032129
:109A300090FBF1F087B205A8F8F7DEFFBDF8100043
:109A4000BDF80C100594401A401CBDF9581000B226
:109A5000ADF854B04FF00009884234DA20221146A4
:109A60002846FEF71DFABDF9581000EB40000844E7
:109A70004142CDE90E9193480A460690CDF83490C4
:109A800049463846F9F706F810908E492046F8F70F
:109A90009BFF00B1006B36B1306B00E027E0119006
:109AA000F06B149009E01099814206DD11909DF849
:109AB000560020F001008DF8560005A8F8F7F8FFD1
:109AC0004FF0010905E07F492046F8F74DFFA4F863
:109AD0004480BDF81200BDF80E10401A401CBDF9BC
:109AE0005A1000B2884202DAB9F1000F06D0764966
:109AF0002046F8F739FFA4F84680DCE0B5F90820E5
:109B00000020114449420D90CDE90E016E480A46ED
:109B1000069038460D99F8F7BDFF10906A49204627
:109B2000F8F752FF00B1006B26B1306B1190F06B6B
:109B3000149009E01099814206DD11909DF85600BD
:109B400020F001008DF8560005A8F8F7B1FFB2E04B
:109B5000BDF81200BDF80E10401A401C01B2BDF94C
:109B60005A00814209DAB5F90810884205DD5749E3
:109B7000606A09688847032802D8C4F82C909AE0E4
:109B8000BDF81000BDF80C102E22461A11462846CA
:109B9000761CFEF785F95044A0EB80003044ADF808
:109BA0000000BDF81200BDF80E10401A401C00B2B3
:109BB000ADF80200B5F90820D11990FBF1F301FBD3
:109BC00013018A42A0EB010004DCADF802002989F0
:109BD000084400E0C01BADF8020069462046FFF7CC
:109BE00019FB8146606AE6F7DCFB394A07464946BD
:109BF0001268606A9047374D019005E02A6801A914
:109C0000606A9047A9F101090198C01CB842F5D8D3
:109C10000025DFF8C4B0019EAA46606A0199084495
:109C2000DBF8001088472D4A2844C5B2126801A904
:109C3000606A9047032D07D80198B84204D80AF10A
:109C4000010ABAF1030FE8D9616A204601EB060A5E
:109C50000746FFF748FA042D12D9681C00F032FAC3
:109C6000B86240B32A46514600F0F4FAB96A01F8E6
:109C7000058097F8480040F0400087F848000BE066
:109C800097F848002A4620F0400087F848005146DF
:109C900007F1280000F0DEFA00202E213318626A56
:109CA000401C0328D154F9D3616AF61C09F1030062
:109CB00001F80680E062204603F0D5F817B0BDE851
:109CC000F08F0000F3270200FB2702000881FF1F2E
:109CD000F880FF1F0081FF1FF080FF1FF480FF1F2F
:109CE0002DE9F0410446054690F8480000F00700D1
:109CF000012823D1E96A481C20D0114A686AC91E8C
:109D000012689047024694F848100020490601D591
:109D1000A16A06E004F1280103E00F5C401CF7543F
:109D2000C0B26E6A1318F75C002FF6D1095C1044BC
:109D300031542046FFF7D7F9781EE862BDE8F0817C
:109D4000F880FF1F70B50D4604461A49F8F70CFE5F
:109D500019492046F8F708FE0020A4F84400A4F8AA
:109D60004600022D0FD0032D0DD0042D0BD094F8FA
:109D7000480020F0200100BF01F0070084F84810DF
:109D8000012805D00AE094F8480040F02001F3E7EC
:109D9000E06A401C02D02046FFF7A2FF94F848007A
:109DA00065F3020084F848002046BDE87040FFF7E4
:109DB00033BD0000F3270200FB27020070B50D46FB
:109DC000044603F050F805B9656A606AA8420CD1F0
:109DD00094F84810090708D4E6F7E3FA411C606AD2
:109DE00000F020FA6062D0B9FEE738B194F848106C
:109DF000090703D400F0F2F9002161622846E6F772
:109E0000D0FA401C00F05EF9606268B12946E6F7BE
:109E1000DDFA94F8480020F0080184F84810204644
:109E2000BDE87040FFF7F8BCFEE70FB470B504461C
:109E30000598F8B1204603F016F80598D8B1606A85
:109E4000002530B194F84810090702D400F0C6F993
:109E5000656206A90598EEF7AAFE606294F84800CC
:109E600020F00801204684F84810FFF7D5FC70BCAC
:109E70005DF814FBFEE72046F7E7016402F0F3BF4C
:109E8000C16302F0F0BF70B5044690F848000D467B
:109E9000000705D4606A18B100F0A0F900216162E2
:109EA00035B194F8480040F0080184F84810656224
:109EB0002046BDE87040FFF7AFBC00002DE9F0413F
:109EC0000A4C07460A4D60680E46401CC10060609F
:109ED000286800F0A7F9286038B1616800EBC1007C
:109EE00040E902760846BDE8F081FEE74C80FF1F9E
:109EF000AC80FF1F084600210185416280F82A10CE
:109F0000022100F011BF00002DE9F04F87B00D468F
:109F10005C4801F00DFB012849D12846FDF732FECF
:109F200006462846FDF76CFE0446132E33D04FF04C
:109F300002082C2E3ED0152E39D107462846FDF7B3
:109F400027FE8346388D3C46002830D0786A0028AA
:109F50002DD005A9384601F07AFB204601F02BFDF3
:109F6000BDF81410081A06B2204601F02BFDBDF80A
:109F70001610081A05B2204601F0A3FB8246684677
:109F8000FBF7C7FB6A460021204602F0B2FD002421
:109F90004FF0060967E0002102F010F90446284658
:109FA000FDF72CFEB0F90010A14200DA048007B0E2
:109FB000BDE8F08F208D0028F9D0606A0028F6D027
:109FC0002846FDF71BFE002507462E462846228D13
:109FD000C4460DE0636A33F92010A94200DD0D4646
:109FE0000CEB8001595EB14200DD0E46401C80B290
:109FF0008242EFD80021204602F0E0F829183044D0
:10A0000039807880D3E7786A30F824103144ADF88D
:10A010000C10042101EB8401415A3144ADF81010B9
:10A0200097F82A10C90708EB840121D0415AAAEBFE
:10A0300001002844ADF80E00796A09EB8400095A42
:10A04000AAEB01002844ADF8120004AB03AA69464C
:10A050005846FBF751FB9DF80900641C20F00400F2
:10A060008DF80900A4B2388D401EA042CBDC9EE7DB
:10A07000405A2844ADF80E00796A09EB8400085A6A
:10A08000E0E70000145C020010B58A42029C01DB8C
:10A09000904207DA8A4201DB884209DD8A4203DC0A
:10A0A000904201DC204610BD8A4203DC884201DB7D
:10A0B000184610BD521AE41A401A604390FBF2F0A1
:10A0C000184410BD70B5040010D0094D01466868F1
:10A0D00006F0CAF9010007D0A8682044A860EA6821
:10A0E000904200D81046E860084670BD004870BD38
:10A0F000C480FF1F70B50024084E254656F8340072
:10A1000038B100F06BF806EBC40046F834508571A6
:10A110008580641CE4B2102CF0D370BD9C85FF1FB9
:10A120002DE9F04105000BD00022224C4FF0FF300A
:10A13000012600BF04EBC2018B79DB0703D014E0DA
:10A140000020BDE8F0818988A9420ED305D104EB37
:10A15000C200867154F83200F3E7002804DB04EBF8
:10A16000C0039B88994200D250B2521CD2B2102A2E
:10A17000E0D3002805DB04EBC0018E7154F83000F9
:10A18000DFE7002704EBC7008079C00704D07F1CFD
:10A19000FFB2102FF6D3FEE754F83700294600F03F
:10A1A00041F830B104EBC7018E718D8044F837005F
:10A1B000C7E7FEE79C85FF1F074A002152F83130B0
:10A1C000834204D102EBC101002088717047491C11
:10A1D000C9B21029F2D370479C85FF1F094910B5F9
:10A1E00088420DD000280BD0064C0146606806F06E
:10A1F0000FF9A168814201D9081A00E00020A0608F
:10A2000010BD0000C480FF1F10B54FF4404103484B
:10A2100006F0F0F80249486010BD00000C87FF1FEF
:10A22000C480FF1F10B539B1094A904208D1BDE87A
:10A2300010400846FFF746BFFFF7D0FF044810BDA7
:10A240000A46014602484068BDE8104006F01FB9C2
:10A25000C480FF1F30B500F0030401F0030503467E
:10A26000A54243D14EE00C781C704C785C708C7821
:10A270009C70CC78DC700C791C714C795C718C7999
:10A280009C71CC79DC710C7A1C724C7A5C728C7A81
:10A290009C72CC7ADC720C7B1C734C7B5C738C7B69
:10A2A0009C73CC7BDC730C7C1C744C7C5C748C7C51
:10A2B0009C74CC7CDC740C7D1C754C7D5C758C7D39
:10A2C0009C75CC7DDC750C7E1C764C7E5C768C7E21
:10A2D0009C76CC7EDC760C7F1C774C7F5C778C7F09
:10A2E0009C77CC7FDC772031203A2033202ABAD8E3
:10A2F00005E000BF11F8014B03F8014B521E002A84
:10A30000F8D130BD4CB3C4F1040405E011F8015B91
:10A31000521E03F8015B641EFCB1002AF6D11CE05A
:10A3200010C9203A10C310C910C351F8084B43F8A4
:10A33000084B51F8044C43F8044C51F8104B43F8C7
:10A34000104B51F80C4C43F80C4C51F8084C43F8A6
:10A35000084C51F8044C43F8044C202AE0D802E0A1
:10A3600010C9121F10C3042AFAD804E011F8014BD7
:10A3700003F8014B521E002AF8D130BD10B5034638
:10A3800005E000BF11F8014B03F8014B521E002AF3
:10A39000F8D110BD10F0030309D0C3F1040303E0AA
:10A3A000521E00F8011B5B1E0BB1002AF8D101EB15
:10A3B000012303EB014303EB01630EE008C0203AE5
:10A3C00008C040F8083B40F8043C40F8103B40F817
:10A3D0000C3C40F8083C40F8043C202AEED801E050
:10A3E00008C0121F042AFBD803E000BF00F8011BBD
:10A3F000521E002AFAD1704710F003034FF00002FA
:10A4000019D0C3F1040303E0491E00F8012B5B1EC1
:10A410008BB10029F8D1704704C0203904C040F83E
:10A42000082B40F8042C40F8102B40F80C2C40F876
:10A43000082C40F8042C2029EED801E004C0091FA4
:10A440000429FBD803E000BF00F8012B491E0029B6
:10A45000FAD1704710F003024FF0FF030AD0C2F1A7
:10A46000040203E0491E00F8013B521E12B100290C
:10A47000F8D170474FF0FF320EE004C0203904C01D
:10A4800040F8082B40F8042C40F8102B40F80C2C16
:10A4900040F8082C40F8042C2029EED801E004C034
:10A4A000091F0429FBD802E000F8013B491E0029DE
:10A4B000FAD170472DE9F0411D4616460F46044675
:10A4C00000F068FAA0684FF08062817E02EBB11163
:10A4D0004FEAB1618176A06801F03F0101EB4101D3
:10A4E0008900C068FFF79EFEA168C860A16860B3DC
:10A4F000897E6FF0030301F03F0101EB41026FF031
:10A500000B0101EB82028750A068C268807E00F0D8
:10A510003F0000EB400003EB80000B1D1654A068C9
:10A52000C268807E00F03F0000EB400003EB80003B
:10A530001550A068C268807E00F03F0000EB40002C
:10A5400001EB80001044BDE8F081FEE72DE9FF41FA
:10A550000C46074602F0E0FC0646E00702D038460B
:10A5600002F081FCF8692043F861E00711D0022174
:10A57000384602F0C5F960B1384601F09DF8050093
:10A5800007D0FDF78DFF2846FDF7C2FF08B102F0A6
:10A590006AFC384602F0C0FCB04202D114F0C07F21
:10A5A00007D0384601F0CEF802F0EFFC384602F052
:10A5B000ECFCE0060CD502AA6946384601F009FA1F
:10A5C0006946384602F072FC02A9384602F06EFC79
:10A5D000BDE8FF81028C11438A4201D003F0A2BC86
:10A5E000704700002DE9F0470446408C1746C0F341
:10A5F000051088463F2851D04FF6FF7900234A4680
:10A600003946204609F0F0FC618C00250426C1F390
:10A610000512E06809E000BF06EBC503C3585FEA16
:10A62000831C01D4DB0102D56D1CAA42F4D84FF083
:10A63000806202EBB1214FEAB1516184C1F305118F
:10A64000C900FFF7EFFDE060608C6FF00702C0F318
:10A65000051009E0E16802EBC00C01EBC0036144A6
:10A66000D1E900C1C3E900C1401EA842F2D8E068A8
:10A67000082100EBC500FFF7BFFEE16841F8358017
:10A68000E06806EBC501425867F3170242504A469C
:10A6900039462046BDE8F04703F0C2B8BDE8F08770
:10A6A00070B516461D460446002203F013FD2A46E7
:10A6B00031462046BDE8704003F00ABC2DE9FF4F4B
:10A6C00081B093468846019803F0D4FDB8F1000F9D
:10A6D00003D1019801F036F8804600242546019800
:10A6E00001F030F88146002101F01AFD06460021F4
:10A6F000484601F011FE30440FFA80FA0021484626
:10A7000001F09AFE304400B200900021404601F072
:10A7100007FD06460021404601F0FEFD304407B229
:10A720000021404601F088FE304406B2BBF1000F24
:10A730000FD0BBF1160F34D2DFE80BF0D511233464
:10A740003F4454676913828797A1A6B5BFC5CBD193
:10A75000FDFC0021404601F09EFC012822D03C4631
:10A760001EE0404600F059FF0246019802F073F8DF
:10A77000014602EBD270401001EBD171A0EB6100F9
:10A780004DE0404600F049FF0246019802F063F8B0
:10A7900002EBD271491000EBD070A1EB600009E030
:10A7A0003546A0E0404600F038FF0246019802F02E
:10A7B00052F8101A384404B2F2E73C461CE0304428
:10A7C00005B290E0404600F028FF0246019802F0F2
:10A7D00042F8014602EBD270401001EBD171A0EBC0
:10A7E000610007E0404600F018FF0246019802F0C1
:10A7F00032F8101A384404B2404600F0F4FE024623
:10A80000019800F05EFF101AD9E73C4609E0404687
:10A8100000F003FF0246019802F01DF8101A3844B8
:10A8200004B2404600F0DFFE0246019800F049FF06
:10A8300002EBD271491000EBD070A1EB6000BEE7D3
:10A84000019800F03EFF4042BAE7404602F003F8AC
:10A850000246019801F0FFFF014602EBD270401062
:10A8600001EBD171A0EB610007E0404601F0F3FF7E
:10A870000246019801F0EFFF101A04B2E0E74046EB
:10A8800000F01FFF05462EE0404601F0E4FF0246BF
:10A89000019801F0E0FF02EBD271491000EBD0709B
:10A8A000A1EB600007E0404601F0D5FF02460198A9
:10A8B00001F0D1FF101A04B2E1E7019801F0CBFFDB
:10A8C000404204B20FE0019801F0C5FF404204B2DB
:10A8D00041E0019801F0BFFF404204B24EE0404623
:10A8E00001F0B9FF04460021484601F0D4FB0128DD
:10A8F00048464CD000F08CFFB8F8142004990A4464
:10A90000B9F81410511A0144A1EB0A00204404B212
:10A91000484601F049F8B8F816200E990A44B9F8EB
:10A920001610511A014400980022081A284405B252
:10A93000012101E01EE00AE0019803F0CBFB019841
:10A9400005B02A462146BDE8F04F03F0C1BA4046A3
:10A9500001F081FF0446404600F0B3FE0246019834
:10A9600000F0AFFE02EBD271491000EBD070A1EB0A
:10A97000600025E7404601F06EFF0446404600F0C7
:10A98000A0FE0246019800F09CFE101A18E700F0A5
:10A990009FFFB1E710B504468068002813D10B482B
:10A9A0004168491C41601C20FFF78CFBA06058B136
:10A9B0001C21FFF721FDA1680F204876A068017EC9
:10A9C00041F00301017610BDFEE700004480FF1F47
:10A9D0002DE9FC410E460546012101F085FFE0BB53
:10A9E000284600F0B3FE044600F038FE0746FAF7AA
:10A9F000CDF8A0420ED03846FAF7D0F8A04209D0E0
:10AA00003846FAF7B1F8A04204D03846FAF7A4F86D
:10AA1000A04237D14FF400242146284601F06BFFB5
:10AA200028BB2846EDF798FD074605F11401684656
:10AA3000F8F7D3FCBDF80000C01BADF80000BDF86E
:10AA40000200C01BADF80200BDF804003844ADF8A8
:10AA50000400BDF80600384400E013E0ADF806003D
:10AA600031466A460846ECF77CFE00280BD00023EE
:10AA700001223146284601F03BFE1CE0012101F095
:10AA800033FF10B10020BDE8FC812146284601F0CB
:10AA900032FF80B9D5E90501CDE90001002301228B
:10AAA0006946284601F024FE31466A460846ECF71E
:10AAB00058FE0028E7D0284600F044FE051EDDD1F0
:10AAC0000120E0E72DE9F0410E460746002501F0A0
:10AAD00069FD040035D03146384601F057FD0228A3
:10AAE0002FD904EBD470012101EB600431463846C4
:10AAF00001F052FD20440FFA80F83146384601F04B
:10AB00002DFD04463146384601F034FD002C01DDB0
:10AB1000214600E06142002801DD024600E0424299
:10AB2000914205DD002C01DD204604E0604202E098
:10AB3000002800DC4042404400B2002800DA2846E9
:10AB400005463146384601F087FB04000ED03146F9
:10AB5000384601F075FB022808D93146384601F025
:10AB600075FB2044A84200DB05462DB2384631462D
:10AB7000692201F0A3FC04B2384631466A2201F092
:10AB80009DFC00B2844200DC0446002C01DD281943
:10AB900005B22846BDE8F08170B50D4606465B2239
:10ABA00001F08CFCC4B230462946162201F086FC26
:10ABB00004B90124204670BD002803D000688842F3
:10ABC00001D1012070470020704700002DE9F041BD
:10ABD0000D4607460026364900E00068B8B1826994
:10ABE0000A42FAD08069C0F30F108046FFF76AFA74
:10ABF000041E31D04146FFF7FFFBC4E900754FF05A
:10AC000001086FF0030725B1A86878B332E0304639
:10AC1000EBE7F9F773FF05001AD0EA68F2B1686A4A
:10AC2000401C810068621046FFF7FCFAE860696A20
:10AC300007EB81014450A682E6820020F9F776FFF7
:10AC4000401E20830020F9F7B7FF401E608323E0F9
:10AC50002046FFF7C3FA0020BDE8F0810420FFF78B
:10AC600031FAE8600460C5F82480E4E7FFE728468D
:10AC7000FFF790FEA868016881B14168491C4160F6
:10AC8000A86889000068FFF7CDFAA9680860A9687C
:10AC9000496807EB810144502046DDE70420FFF7B7
:10ACA00011FAA96808600460A968C1F80480F3E794
:10ACB000F0FF0F0070B5054602F067F9002000F0C4
:10ACC00093FA284605F0C8F9284600F06FF80120ED
:10ACD00000F08AFA4FF6FF724FF47021284602F016
:10ACE0009FFD284602F084FDFDF706FC030007D017
:10ACF000284602F002F918B129461846FDF796FBDE
:10AD0000284600F01FFD04000DD02A462221FCF742
:10AD100079FF2A4623212046FCF774FF2846BDE828
:10AD2000704002F0A0B870BD7FB50C46064602F038
:10AD3000F3F80546E0060CD502AA6946304600F055
:10AD400048FE6946304602F0B1F802A9304602F0EA
:10AD5000ADF8F069A043F061E0070ED0304602F094
:10AD600082F8304602F0D8F838B1304600F0EAFCFC
:10AD700002F00BF9304602F008F9304602F0CCF848
:10AD8000A84202D114F0C07F07D0304600F0DAFCB0
:10AD900004B0BDE8704002F0F8B87FBD028C22EA32
:10ADA00001018A4201D003F0BDB8704770B5046854
:10ADB0000546206818B128602846FFF7F7FF2C6089
:10ADC00062682046002A03D02946BDE8704010473B
:10ADD00070BD00002DE9F0414D680C46EDB12846EC
:10ADE00000F016FD0646284600F0DEFD0746284620
:10ADF0000021102201F062FBE98A12220844C01BE4
:10AE0000E082401E60832846002101F057FBA98A9A
:10AE10000844801BA082401E208341F20200E061B2
:10AE2000002D06D043F20200C4F81C0043F20230A9
:10AE3000E06140F0740040F40060E06102D040F452
:10AE40000040E061BDE8F08110B501460348FFF71E
:10AE5000BDFE0446FFF72EFF204610BD60440200F1
:10AE600070B5054601F0FFFF284600F06BFC0400BA
:10AE7000284610D006F0E8F9204602F06BFF0022C9
:10AE800022212046FCF7BEFE2046BDE8704000228D
:10AE90002421FCF7B7BE00F0E1FB040007D02069D5
:10AEA000A842284604D106F0CFF90020206170BDE9
:10AEB000BDE8704006F0C8B970B50C460846ECF71E
:10AEC00015FF002000F090F92046144A002102F0FE
:10AED0004FFD012000F088F900212046F7F744FDDE
:10AEE000204600F0E9FB10B12046FDF72DFBA068DD
:10AEF000002811D00068002518B1FFF76FF9A0688D
:10AF00000560A068C06818B1FFF768F9A068C5605F
:10AF1000A068FFF763F9A56070BD0000FFFF0F0098
:10AF20002DE9F047A2B08046FCF72CFE06464046CD
:10AF3000FCF766FE012700240546122E72D0DFF8CA
:10AF40009492152E6CD0182E7AD14046FCF720FE34
:10AF5000824601462846F3F72FFF0021284601F0DC
:10AF6000FDF850B105F59070FBF7D6F8060004D057
:10AF7000FAF7B6FD3046FFF71FF90021284601F029
:10AF8000C7F800285CD002A8FBF702F98DF80B4047
:10AF90008DF822408DF832408DF83E4002AA002103
:10AFA000284601F004FE0021284601F06BFB804694
:10AFB0000021284601F05AFB064605F114016846B7
:10AFC000F8F702FABDF80010A1EB0800BDF8041074
:10AFD000ADF8000001EB0800ADF80400BDF8020078
:10AFE0005146801BADF80200BDF806003044ADF8B4
:10AFF000060010A800F0F0F802A8149068461D940E
:10B00000CDE91270CDF8449010AA1A212846FCF719
:10B01000F9FD6A4602A95046FBF7A6F8D4E001E024
:10B0200055E00DE04046FCF7E9FD064600780228B1
:10B0300006D00021284601F091F820B1022030709E
:10B0400022B0BDE8F0870021284601F081FA82464F
:10B050000021284601F016FB81460021284601F018
:10B0600005FB804605F114016846F8F7ADF9BDF817
:10B0700000105246A1EB0900BDF80410ADF8000025
:10B0800001EB0900BDF80210ADF80400A1EB0800C7
:10B09000BDF80610ADF8020001EB0800ADF806009F
:10B0A00069467068ECF785FB68B10021284601F01D
:10B0B00023F8FD2807D328460021602201F0FEF97D
:10B0C000C0B2FD2801D23770BAE73470B8E7404605
:10B0D000FCF75EFD804602A8FBF75AF800212846DF
:10B0E00001F016F828B19DF82B0040F001008DF812
:10B0F0002B0002AA0021284601F059FD0021284614
:10B1000001F0C0FA06460021284601F0AFFA0746D2
:10B1100005F114018A466846F8F756F9BDF80000B3
:10B120004146801BADF80000BDF804003044ADF886
:10B130000400BDF80200C01BADF80200BDF8060017
:10B140003844ADF8060010A800F046F802A81490A4
:10B150006846CDE91240CDF8449010AA1A2128463D
:10B160001D94FCF74FFD0021284600F0F7FF30B199
:10B17000BDF8080018B1069E0127069401E0069E5E
:10B1800000276A4602A94046FAF7EEFFE7B1182009
:10B19000FEF7C6FF0746BDF9082000235146FAF71F
:10B1A00027FF05F590713846FAF7D6FA66B18DF8A3
:10B1B0000B408DF82A408DF832408DF83E406A46AB
:10B1C00002A94046069627E710AA1B212846FCF74D
:10B1D00019FD35E76044020070B50D46044648216C
:10B1E000FFF70AF9256070BD01490870704700003B
:10B1F0005480FF1F2DE9FF4188460846FCF7C2FC3A
:10B2000004464046FCF7C2FC0546012C23D0082C1E
:10B2100023D0032C3ED02A2C3ED00D2C4CD00E2C0B
:10B220007DD0092C7CD00A2C7BD00F2C7AD0292CF5
:10B2300079D0222C78D0242C77D0132C76D0152CD2
:10B2400003D0182C01D0122C34D104B04046BDE8F4
:10B25000F041FFF765BE2021FAE02021FFF79EFDB7
:10B260004046FCF7A6FCFDF730FE002822D108215D
:10B27000284601F039FB00281CD095F820004FF03B
:10B280000101C007284602D0FFF788FD30E0FFF734
:10B29000A1F92DE02021F8E000F072F90646002423
:10B2A00006E0A868006850F8240001F06EFE641CF7
:10B2B000B442F6D3BDE8FF81082101F015FBF8B1D7
:10B2C0004046FCF79BFC0478132C06D0112C04D0CC
:10B2D000142C07D0122C05D008E001212846FFF7D6
:10B2E00079F903E001212846FFF758FD0A2CE1D047
:10B2F00004B02846BDE8F04100221C21FCF782BCC6
:10B300004FF40161284601F0EFFA0028D2D0284618
:10B3100001F0E6FD0028CDD10027284607E06DE0CA
:10B3200095E09AE0B0E0B5E0D1E0F2E0F6E000F0C0
:10B330006FFA0646284600F0CBFA04464046FCF772
:10B340005DFC007812281BD011280CD013282BD0BC
:10B350001428AFD1284600F053FA800703D0002EFE
:10B3600038DC002C36DC284600F0ABF904462846D1
:10B3700000F028FBE11704EB9171A0EBA1000BE0BA
:10B38000284600F09EF90446284600F01BFBE11712
:10B3900004EB917100EBA10001B204B03A462846DB
:10B3A000BDE8F04102F0C0BC284600F029FA800751
:10B3B000E6D0002E01DC002CE2DD284601F04BFA3D
:10B3C0000446284600F0F7FAE11704EB917100EB10
:10B3D000A1000BE0284601F03EFA0446284600F0A2
:10B3E000EAFAE11704EB9171A0EBA10001B204B0FD
:10B3F0003A462846BDE8F04102F080BC4FF4806137
:10B4000001F072FA18B10121284602F05AFC2846D0
:10B4100000F052F9FDF776F806460224FDF720FD0C
:10B4200010B94046FCF7C5FBFDF75BFD022801D0D3
:10B43000042800D106241EB144F00801284607E084
:10B4400021462846FFF7C6F8082128461DE040217E
:10B4500004B0BDE8F041FFF7BDB84021FFF79EFC06
:10B46000284600F0DCFD02287FF424AF02AA6946DA
:10B47000284600F0AEFA6946284601F017FD02A9F9
:10B48000284601F013FD15E70E2104B0BDE8F04198
:10B49000FFF784BC002100F0E9FD044600212846A6
:10B4A00000F080FE204302D0284601F06EFD2846C1
:10B4B00000F066F80646002406E0A868006850F828
:10B4C000240001F062FD641CB442F6D3F2E60021D0
:10B4D000012200F0F3FF06B228460021042200F00A
:10B4E000EDFF04B20021284600F0C0FD0746002110
:10B4F000284600F057FE384305D142F2D17086420B
:10B5000001D08442BFD104B02846BDE8F04101F02B
:10B510003CBD688C40F002006884F4E70021FFF72E
:10B52000D1FA014604B04046BDE8F041FCF78ABBC1
:10B5300010B50C4600B96068006868B1016900295F
:10B54000FAD00021E160026921469047217E012066
:10B55000C90700D0002010BD012010BD8068002860
:10B5600009D0002902DA4268511803D443680A4618
:10B570008B4201D800207047006850F822007047C5
:10B580008068002800D04068704770B50C460546BA
:10B59000002100F0C5FD06462146284600F057F878
:10B5A000704202B211462046F7F7AFFF002128464D
:10B5B00000F0B2FE2188084420800021284600F0D7
:10B5C000EDFEA188081AA0800021284600F034FF73
:10B5D0006188084460800021284600F049FEE18827
:10B5E000081AE08070BD70B50446002100F024FF09
:10B5F00005460021204600F03BFE0646002120467D
:10B6000000F08EFD0246204600F05BF8401B801BD8
:10B61000514200EB410000B270BD70B504460021FC
:10B6200000F07AFE05460021204600F0B7FE0646EF
:10B630000021204600F074FD0246204601F00BF97F
:10B64000401B801B514200EB410000B270BD0A4616
:10B6500000F114011046F7F7C0BE000010B54168B4
:10B6600009B100F073F804460A48ECF7A6FE0EE0B4
:10B670000021426A05E0C36853F82130A34208D094
:10B68000491C8A42F7D801460248ECF79AFE002886
:10B69000EED110BD1C85FF1F8068002805D0827E7A
:10B6A00002F03F028A4201D800207047C06801EBD7
:10B6B000410100EB810070478068002800D080685D
:10B6C0007047418BC08A081A401C00B2704770B5A1
:10B6D000064600F037F8050001D000240AE00020FB
:10B6E00070BD21462846FFF739FFB04201D1204600
:10B6F00070BD641C2846FFF743FFA042F1D84FF00D
:10B70000FF3070BDF0B4468C00240425C6F3051646
:10B7100013E000BFC76805EBC40C57F80C705FEA74
:10B72000C71C09D527F07F479F4205D1C06850F854
:10B730003400F0BC03F0FFBB641CA642EAD8F0BCA6
:10B7400000207047002800D04068704700B50146CF
:10B75000FFF7F8FF0028FAD1084600BD2DE9F047B1
:10B76000DFF8948006464446FFF70AFF07460025A7
:10B77000DFF888A00EE0B0685146006850F8250058
:10B78000814601F0B8F820B9B9F91A00A04200DBEF
:10B7900004466D1CBD42EED30021304600F052FE3F
:10B7A00081460021304600F069FD07460021304601
:10B7B00000F0BCFC0546444504D0708BC01B401B08
:10B7C000201A04B2304600F033FC80463046FFF7C2
:10B7D00078FFA0EB0900C01B694200EB4101A8EB18
:10B7E0000101304600F0EEF8081A00B2844200DD94
:10B7F0002046BDE8F087000001E0FFFF01000400E3
:10B80000806818B1407E00F00F0070470F2070472D
:10B810002DE9F84F0646002100F043FC012807D02F
:10B82000B068002802D0008A404200B2BDE8F88F1C
:10B830000021304600F0B8FD00900021304600F0B5
:10B8400071FD81460021304600F070FC804641F6D3
:10B85000FF7A54463046FFF793FE074600250EE078
:10B86000B0681949006850F82500834601F043F894
:10B8700020B9BBF91400A04200DC04466D1CBD4297
:10B88000EED3544506D0B28A09EB08001044001BE1
:10B8900004B200E00D4C304600F0D8FB05463046BF
:10B8A00000F0D9FF0099411AA1EB0901C8F100008D
:10B8B00001EB4000291A304600F07DF8084400B240
:10B8C0008442B3DD2046B1E70100040001E0FFFF40
:10B8D0002DE9F0470646002100F0E3FB01280AD0DD
:10B8E000DFF8A08030464446FFF74AFE07460025B1
:10B8F000DFF894A015E0B068002801D0B0F910007E
:10B90000BDE8F087B0685146006850F825008146D0
:10B9100000F0F1FF20B9B9F91800A04200DB04469D
:10B920006D1CBD42EED30021304600F03DFD0746C0
:10B930000021304600F0F6FC81460021304600F040
:10B94000F5FB0546444504D0308BC01B401B201A34
:10B9500004B2304600F07AFB8046304600F07BFFB0
:10B96000C11BA1EB0900694200EB4101A8EB0101F9
:10B97000304600F020F8081A00B28442C0DD2046AC
:10B98000BEE7000001E0FFFF01000400806800281E
:10B9900002D0007EC0F3810070478068002802D08A
:10B9A000007EC0F3011070478068002802D0408AF2
:10B9B000404200B270478068002802D0008A4042AE
:10B9C00000B270478068002802D0408A404200B22E
:10B9D00070472DE9F04F91B016460C464FF0FF37F7
:10B9E000054600223B46114620460097F7F7A7FD83
:10B9F00000223B46114630460097F7F7A0FD102184
:10BA0000284600F071FF002816D0284600F007FBFA
:10BA1000070011D00020FDF729FA8046022F08D038
:10BA200010E0FDF752FAA84209D04046FDF71EFA91
:10BA30008046B8F1000FF4D111B0BDE8F08FB8F135
:10BA4000000FF9D02846FFF7AFFF05902846FFF713
:10BA500085FE0C902846FFF7DBFE0A902846FFF78C
:10BA600037FF08902846FFF7CBFE8146002019F0EB
:10BA70000C0F009014D0012F10D0032F02D0022FF2
:10BA800007D00DE00598002808DC0C98002805DC9C
:10BA900006E04046FDF70AFA0C2801D1012000908B
:10BAA000002009905FEA897014D0012F10D0032F75
:10BAB00002D0022F07D00DE00A98002808DC089871
:10BAC000002805DC06E04046FDF7F0F9032801D127
:10BAD00001200990009909980843ADD04FF48037B0
:10BAE0003946284600F0DDFA012800D000200E90EB
:10BAF0003946284600F0A6FC06903946284600F054
:10BB0000BDFB0F903946284600F00CFC80463946B4
:10BB1000284600F049FC814628460122394600F0BB
:10BB2000CDFC0FFA80FB2846FFF7CBFD049028469A
:10BB300000F091FE0390009800B1584682460998A3
:10BB400000B15846109028463946212200F0B6FC34
:10BB5000C0B2022808D228463946312200F0AEFC95
:10BB6000C0B20228FFF468AFDDE9040101440C987B
:10BB7000A027084400B20B900098002870D00B98C2
:10BB80000028FBD0E88A7080688BF0800E9840B166
:10BB9000A98A01EB08003080ABF101010844B080B4
:10BBA00007E0298BA1EB0900B080A0EB0B00401C43
:10BBB000308006990498411A0F98091A1098081AAB
:10BBC0000499009048430B9990FBF1F000B2059066
:10BBD0000020F8F799FF00EB8001502000EB4100B6
:10BBE000B0F5A07F0ADB0020F8F78EFF00EB8001A4
:10BBF000502000EB410090FBF7F000E00120059998
:10BC0000884201DA084616E00020F8F77DFF00EBD5
:10BC10008001502000EB4100B0F5A07F0ADB00203E
:10BC2000F8F772FF00EB8001502000EB410090FB21
:10BC3000F7F000E00120009900B2091A0AB2049B53
:10BC40000B99C91A09B200290BDCE98A0698084445
:10BC50007080698B0F98091A1098081A401EF0809E
:10BC600090E00C9B12FB03F393FBF1F1511A069A3F
:10BC7000EB8A1144194409B2401E71800844F080D7
:10BC8000B5F9162006981044814238DA70800020F9
:10BC9000F8F73AFF00EB8001502000EB4100B0F5CF
:10BCA000A07F0ADB0020F8F72FFF00EB8001502077
:10BCB00000EB410090FBF7F000E00120B6F9021024
:10BCC0000844B6F90610884219DD0020F8F71CFF79
:10BCD00000EB8001502000EB4100B0F5A07F0ADBB3
:10BCE0000020F8F711FF00EB8001502000EB41002D
:10BCF00090FBF7F000E0012071880844F080B5F96E
:10BD00001A201098B6F90610121A0F98101A8142CC
:10BD100038DDF0800020F8F7F7FE00EB80015020BE
:10BD200000EB4100B0F5A07F0ADB0020F8F7ECFE45
:10BD300000EB8001502000EB410090FBF7F000E0A9
:10BD40000120B6F90610081AB6F90210884219DA6D
:10BD50000020F8F7D9FE00EB8001502000EB4100F5
:10BD6000B0F5A07F0ADB0020F8F7CEFE00EB8001E3
:10BD7000502000EB410090FBF7F000E00120F1883B
:10BD8000081A70800A99039801440898084400B280
:10BD90000490099800283FF44FAE04980028FAD088
:10BDA000698B0F98081AE080A0EB0B00401C6080A4
:10BDB000A88A2080288BA0800399A1EB0801A1EB21
:10BDC0000901A1EB0A00039900904843049990FBF4
:10BDD000F1F000B202900020F8F796FE00EB800030
:10BDE000502606EB40004FF4A07B584509DB0020AD
:10BDF000F8F78AFE00EB800006EB400090FBF7F0BE
:10BE000000E001200299884201DA084613E0002090
:10BE1000F8F77AFE00EB800006EB4000584509DB9E
:10BE20000020F8F771FE00EB800006EB400090FB6D
:10BE3000F7F000E00120009900B2091A0AB2DDE92A
:10BE40000331C91A09B2002916DCA98A0E9840B13B
:10BE50004144AAF1010008442080298BA1EB09008C
:10BE600008E001EB08002080298BA1EB0901A1EB80
:10BE70000A00401EA080DFE5089B12FB03F393FB42
:10BE8000F1F1511A0E9A09B2EAB3AA8A401E531868
:10BE900008EB0A02991809B221800844A080B5F97C
:10BEA00014001044884233DD20800020F8F72CFE77
:10BEB00000EB800006EB4000584509DB0020F8F756
:10BEC00023FE00EB800006EB400090FBF7F000E063
:10BED0000120B4F900100844B4F90410884217DDB9
:10BEE0000020F8F711FE00EB800006EB40005845FB
:10BEF0000ADB0020F8F708FE00EB800006EB4000AC
:10BF000090FBF7F001E039E0012021880844A0808F
:10BF1000B4F90410B5F9182077E0A0800020F8F7F4
:10BF2000F3FD00EB800006EB40005D46A84272DBAB
:10BF30000020F8F7E9FD00EB800006EB400090FBE5
:10BF4000F7F0B4F90410081AB4F90010884292DA34
:10BF50000020F8F7D9FD00EB800006EB4000A84276
:10BF60005BDB0020F8F7D0FD00EB800006EB400023
:10BF700090FBF7F0A188081A20805DE5AB8A414468
:10BF8000194409B2401E21800844A080B5F914204C
:10BF900002EB0800814232DA20800020F8F7B4FD7D
:10BFA00000EB800006EB4000584509DB0020F8F765
:10BFB000ABFD00EB800006EB400090FBF7F000E0EB
:10BFC0000120B4F900100844B4F90410884216DDC9
:10BFD0000020F8F799FD00EB800006EB4000584583
:10BFE00009DB0020F8F790FD00EB800006EB400035
:10BFF00090FBF7F000E0012021880844A080B5F90B
:10C000001820B4F90410A2EB0A02A2EB0900814245
:10C0100083DC11E5FFE7012093E70120AAE78068B0
:10C0200018B1007E00F00300704703207047000045
:10C0300008B505496A46496800912C21FBF7E2FDE5
:10C04000BDF9020008BD00007C44020008B50549A6
:10C050006A46096800912C21FBF7D4FDBDF9000068
:10C0600008BD00007C440200008C704710B5092216
:10C0700000F024FAC0B210BD10B5092200F01EFA7B
:10C08000C0B210BD662200F019BA10B5502200F0FF
:10C0900015FA00B210BD10B5162200F00FFAC0B2AA
:10C0A00010BD10B5162200F009FAC0B210BD10B5CF
:10C0B000162200F003FAC0B210BD10B5162200F02F
:10C0C000FDF9C0B210BD10B5162200F0F7F9C0B2EC
:10C0D00010BD10B5162200F0F1F9C0B210BD70B558
:10C0E0000C460546202200F0E9F902462146284682
:10C0F000BDE87040ECF760BA10B5212200F0DEF91F
:10C10000C0B210BD10B5682200F0D8F9C0B210BDA1
:10C1100010B5342200F0D2F9002800D0012010BD63
:10C1200010B5322200F0CAF900B210BD10B53222AB
:10C1300000F0C4F900B210BD10B5322200F0BEF913
:10C1400000B210BD10B5322200F0B8F900B210BD37
:10C1500010B5322200F0B2F900B210BD10B51722AE
:10C1600000F0ACF9002800D0012010BD034A10B542
:10C17000528900F0A3F9C0B210BD00003081FF1F4A
:10C1800010B5042200F09AF900B210BD10B50422D7
:10C1900000F094F900B210BD10B5042200F08EF941
:10C1A00000B210BD10B50A2200F088F980B210BDAF
:10C1B00010B50A2200F082F980B210BD10B54922F4
:10C1C00000F07CF900B210BD10B5062200F076F93F
:10C1D00000B210BD10B5052200F070F900B210BD1C
:10C1E00010B5602200F06AF9C0B210BD70B50E46FD
:10C1F0000546FFF7F5FF02281AD9FF24FD2802D2D1
:10C20000C0EB0020040A0EB1002603E02846FFF729
:10C2100099FA054655B131462846FFF7E1FF022855
:10C2200006D9FD28F2D24443240AEFE7022C01D8B4
:10C23000002070BDFD2C01D3FF2070BD204670BDD5
:10C2400010B5372200F03AF9C0B210BD10B538224F
:10C2500000F034F900B210BD10B5352200F02EF90F
:10C2600000B210BD10B5112200F028F900B210BDC7
:10C2700010B5112200F022F900B210BD10B5112244
:10C2800000F01CF900B210BD10B5112200F016F933
:10C2900000B210BD10B5112200F010F900B210BDAF
:10C2A00010B5112200F00AF900B210BD10B511222C
:10C2B00000F004F900B210BD10B5112200F0FEF834
:10C2C00000B210BD10B5112200F0F8F800B210BD98
:10C2D00010B5112200F0F2F800B210BD10B5152211
:10C2E00000F0ECF800B210BD10B5152200F0E6F831
:10C2F00000B210BD10B5152200F0E0F800B210BD7C
:10C3000010B5152200F0DAF800B210BD10B51222F7
:10C3100000F0D4F800B210BD10B5122200F0CEF833
:10C3200000B210BD10B5122200F0C8F800B210BD66
:10C3300010B5122200F0C2F800B210BD10B51222E2
:10C3400000F0BCF800B210BD10B5122200F0B6F833
:10C3500000B210BD10B5122200F0B0F800B210BD4E
:10C3600010B5122200F0AAF800B210BD10B51222CA
:10C3700000F0A4F800B210BD10B5122200F09EF833
:10C3800000B210BD10B5122200F098F800B210BD36
:10C3900010B5132200F092F800B210BD10B51322B0
:10C3A00000F08CF800B210BD10B5132200F086F832
:10C3B00000B210BD10B5132200F080F800B210BD1D
:10C3C00010B5132200F07AF800B210BD10B5132298
:10C3D00000F074F800B210BD10B5132200F06EF832
:10C3E00000B210BD10B5132200F068F800B210BD05
:10C3F00010B5132200F062F800B210BD10B5132280
:10C4000000F05CF800B210BD10B5142200F056F830
:10C4100000B210BD10B5142200F050F800B210BDEB
:10C4200010B5142200F04AF800B210BD10B5102269
:10C4300000F044F800B210BD10B5102200F03EF834
:10C4400000B210BD10B5102200F038F800B210BDD7
:10C4500010B5102200F032F800B210BD10B5102255
:10C4600000F02CF800B210BD10B5102200F026F834
:10C4700000B210BD10B5102200F020F800B210BDBF
:10C4800010B5102200F01AF800B210BD10B510223D
:10C4900000F014F800B210BD10B5102200F00EF834
:10C4A00000B210BD10B5102200F008F800B210BDA7
:10C4B00010B5102200F002F800B210BD2DE9F843CB
:10C4C0008846064614460121104602F04BFE0746F8
:10C4D000002515E06B46224641463046F5F755F8F3
:10C4E0000546012827D07FB1022D05D0B8F1000FF5
:10C4F00002D04FF0000803E03046FFF723F906466C
:10C50000002EE7D1012D16D0B8F1000F03D1012C78
:10C5100005D0042C03D0204602F0BCFD0AE03168AF
:10C520000FE0012C0AD0C88A50B161B1012C0CD0A7
:10C53000B1F9160000900098BDE8F883888AF3E707
:10C5400009680029EDD10020F4E7B1F91400F1E702
:10C5500010B50B22FFF7B2FF00B210BD10B541229B
:10C56000FFF7ACFF00B210BD10B54122FFF7A6FFE8
:10C5700000B210BD10B54222FFF7A0FF00B210BDFF
:10C5800010B54222FFF79AFF00B210BD10B5452248
:10C59000FFF794FFC0B210BD10B54322FFF78EFF26
:10C5A00000B210BD10B54022FFF788FF00B210BDE9
:10C5B00070B50C4605465522FFF780FF024621461E
:10C5C0002846BDE87040EBF7F7BF5722FFF776BF6C
:10C5D0005722FFF773BF5722FFF770BF5722FFF7AD
:10C5E0006DBF5722FFF76ABF5722FFF767BF572279
:10C5F000FFF764BF10B55822FFF760FF00B210BD0F
:10C6000010B55822FFF75AFF00B210BD10B55822DE
:10C61000FFF754FF00B210BD10B55922FFF74EFFCF
:10C6200000B210BD10B55922FFF748FF00B210BD8F
:10C6300010B55922FFF742FF00B210BD10B55922C4
:10C64000FFF73CFF00B210BD10B55922FFF736FFCF
:10C6500000B210BD10B55922FFF730FF00B210BD77
:10C6600010B56E22FFF72AFF00B210BD10B56A2286
:10C67000FFF724FF00B210BD10B56A22FFF71EFFBE
:10C6800000B210BD10B56922FFF718FF00B210BD4F
:10C6900010B56922FFF712FF00B210BD10B56D2270
:10C6A000FFF70CFF00B210BD10B50122FFF706FF27
:10C6B00000B210BD10B50122FFF700FF00B210BD9F
:10C6C00010B50122FFF7FAFE00B210BD10B501222D
:10C6D000FFF7F4FE00B210BD10B50722FFF7EEFE23
:10C6E00000B210BD10B50822FFF7E8FE00B210BD81
:10C6F0002DE9FF4107460888ADF800004888ADF8ED
:10C7000002000888ADF80400C888ADF806008888E3
:10C71000ADF8080048880C46ADF80A00A088ADF8CE
:10C720000C00E088ADF80E001D46164669463846F6
:10C7300001F070FD2B463246384601A901F06AFD32
:10C740002B463246384602A901F064FD2B4632469C
:10C75000384603A901F05EFDBDF90030BDF90400C3
:10C76000834201DA1D4600E00546BDF90810BDF917
:10C770000C20914201DA0E4600E01646B54205DA79
:10C78000834201DA1A4604E0024602E0914200DAEE
:10C790000A462280BDF90030BDF904108B4201DD4C
:10C7A0001D4600E00D46BDF90800BDF90C20904281
:10C7B00001DD064600E01646B54205DD8B4201DD8F
:10C7C0001A4604E00A4602E0904200DD0246A280DA
:10C7D000BDF90230BDF90620934201DA1D4600E0A2
:10C7E0001546BDF90A10BDF90E00814201DA0E4668
:10C7F00000E00646B54205DA934201DA184604E045
:10C80000104602E0814200DA08466080BDF902303D
:10C81000BDF906108B4201DD1D4600E00D46BDF955
:10C820000A00BDF90E20904201DD064600E01646E2
:10C83000B54205DD8B4201DD184604E0084602E002
:10C84000904200DC1046E080052211462046F6F7B3
:10C850005CFEBDE8FF81018B808A081A401C00B293
:10C86000704770B50546FEF76DFF040012D0A88A28
:10C87000A18A451A2046FFF79EF80544002120466C
:10C88000FFF74AFD2D1A00212046FFF749FC281A20
:10C8900000B270BDB5F9140070BD70B50546FEF765
:10C8A00051FF040012D0E88AE18A451A2046FFF7BA
:10C8B00089F8054400212046FFF7BEFD2D1A00210E
:10C8C0002046FFF72DFC281A00B270BDB5F91600FE
:10C8D00070BD10B50446FFF7E0FF02462046FEF7A4
:10C8E000F0FE104400B210BDC069814301D00020A9
:10C8F000704701207047C069084000D00120704790
:10C90000008C084000D001207047F8B514460D4651
:10C9100006465022FFF7D2FD00B26080002810D0FA
:10C92000304629465322FFF7C9FDC0B220730228C2
:10C9300007D929463046FFF759FC022802D80020C3
:10C940002073F8BDFD2804D2217B11FB00F0000A02
:10C950002073207B0228F4D9522229463046FFF763
:10C96000ADFD024629463046EBF726FE0090BDF8A5
:10C9700000002080304629465422FFF79FFDA0602A
:10C98000304629465122FFF799FD00B10120617B15
:10C99000002D60F382016173D3D029463046FFF742
:10C9A000B1FB617B60F301016173F8BDF8B514461A
:10C9B0000E4605464622FFF781FDC0B2E07202280E
:10C9C00007D931462846FFF711FC0021022801D87B
:10C9D000E172F8BDFD2804D2E27A12FB00F0000AF1
:10C9E000E072E07A0228F4D921804FF480706080F0
:10C9F000288BA98A4822401A401C00B200EBD07054
:10CA00004010A080688BE98A401A401C00B200EBFD
:10CA1000D0704010E08028463146FFF74FFD10F0FF
:10CA2000FF00A0720DD0472231462846FFF746FD91
:10CA3000024631462846EBF7BFFD0090BDF80000E6
:10CA40002081002EC5D031462846FFF75BFB2073BE
:10CA5000F8BDF8B514460D4606465622FFF72EFDE2
:10CA6000C0B2A076022807D929463046FFF7BEFBA0
:10CA7000022802D80020A076F8BDFD2804D2A17EAD
:10CA800011FB00F0000AA076A07E0228F4D9294606
:10CA90003046FFF78DFD0090BDF80000A0813046C4
:10CAA00029465822FFF70AFDA0823046294659221E
:10CAB000FFF704FD6082304629465A22FFF7FEFC4C
:10CAC000A17F60F30201A1773DB129463046FFF70F
:10CAD00019FBA17F60F3C501A17729463046FFF716
:10CAE00074FD2060304629465B22FFF7E7FC207783
:10CAF000F8BDF8B514460D4606464E22FFF7DEFC9B
:10CB0000C0B22072022807D929463046FFF76EFBD3
:10CB1000022802D800202072F8BDFD2804D2217A14
:10CB200011FB00F0000A2072207A0228F4D9304666
:10CB300029464922FFF7C2FC00B260800028EBD0F2
:10CB40004D2229463046FFF7B9FC024629463046B9
:10CB5000EBF732FD0090BDF80000208030462946FA
:10CB60004A22FFF7ABFC00B2A08028B1304629462C
:10CB70004B22FFF7A3FCE080304629464C22FFF70A
:10CB80009DFC08B1012100E00021607A61F3820080
:10CB9000810861F3C3006072002DBDD02946304684
:10CBA000FFF7B0FA617A60F301016172F8BDF8B580
:10CBB00014460D460646FFF719FB074685B1022FBE
:10CBC00009D80020E070A07684F8220084F82A00BA
:10CBD00084F83600F8BD29463046FFF793FAA07076
:10CBE000304629460B22FFF769FC2080E0780028B8
:10CBF00055D0304629462122FFF760FCC0B2E070D4
:10CC000002284CD929463046FFF769FA0090BDF852
:10CC10000000A080304629462622FFF74FFC010085
:10CC200007D0487A400704D00A22A01DFDF712FB66
:10CC300035E0304629462322FFF740FCE17B60F3D4
:10CC40000201E173480721D029463046FFF747FA31
:10CC50000090BDF80000E080222229463046FFF710
:10CC60002DFC024629463046EBF7A6FC0090BDF8A5
:10CC700000006081304629462422FFF71FFC207205
:10CC8000304629462522FFF719FC207330462946F5
:10CC90002722FFF713FCE17B60F3C501E173304607
:10CCA00029463222FFF70AFC00B2208428B394F808
:10CCB000220010B3304629463122FFF7FFFBC0B2F5
:10CCC00084F82200022818D9304629463322FFF77B
:10CCD000F5FB94F82310302260F3450184F823100B
:10CCE00029463046FFF7EAFB024629463046EBF775
:10CCF00063FC0090BDF80000E08329463046FFF752
:10CD0000ABFAE084E8B194F82A00D0B12946304665
:10CD1000FFF796FA84F82A00022812D929463046ED
:10CD2000FFF794FA2085362229463046FFF7C6FBE6
:10CD3000024629463046EBF73FFC0090BDF8000064
:10CD4000A084A07E80B3304629462822FFF7B6FB98
:10CD5000206148B3304629462922FFF7AFFBC0B215
:10CD6000A076022820D92069FCF769F802286CD047
:10CD70002A2229463046FFF7A1FB024629463046C3
:10CD8000EBF71AFC0090BDF80000208330462946DE
:10CD90002B22FFF793FBE076304629462C22FFF743
:10CDA0008DFB00B10120207794F8360070B329463E
:10CDB0003046FFF7F7FBE08540B394F836000228D1
:10CDC00024D929463046FFF7E1FB84F836000228D3
:10CDD0001CD929463046FFF7C1FB2086294630463C
:10CDE000FFF7C8FB608629463046FFF7D5FBA086D3
:10CDF000442229463046FFF761FB02462946304669
:10CE0000EBF7DAFB0090BDF80000A085FD2FBFF422
:10CE1000E1AE14F8030F10FB07F0000A04F8140B3E
:10CE2000E07810FB07F0000AE070E07A10FB07F0F2
:10CE3000000AE072E07C10FB07F0000AE074E07F7B
:10CE400010FB07F0000AE077F8BD29463046FFF7EF
:10CE5000BCFB606129463046FFF7AAFB0090BDF895
:10CE600000002083A0E77CB50546EBF775FB044680
:10CE700005F114016846F6F7B0FABDF800006946FE
:10CE8000001BADF80000BDF80200001BADF8020069
:10CE9000BDF804002044ADF80400BDF806002044AD
:10CEA000ADF80600284600F001F87CBD7CB50C46C4
:10CEB0000546FEF7D3FBF7F795FE00280FD0214675
:10CEC0006846F6F78AFA69462846FDF781FD00288C
:10CED00005D02846FEF7C2FB6946EBF7F3F97CBDA7
:10CEE0000068002808D0017E8907F9D0007E00F094
:10CEF0000300012800D0002070470068002809D0F6
:10CF0000017E11F00C0FF8D0007EC0F381000128E3
:10CF100000D000207047000010B504460849FFF714
:10CF2000EAFC08B1002010BD2046FEF70BFC0028EB
:10CF3000F9D00021FFF73CF90028F4D0012010BD02
:10CF4000010006007CB50546EBF706FB044605F13B
:10CF500014016846F6F741FABDF800006946001B67
:10CF6000ADF80000BDF80200001BADF80200BDF8EE
:10CF700004002044ADF80400BDF806002044ADF8DC
:10CF800006002846FDF724FD7CBD10B5418C41F01C
:10CF900001014184FEF7DAFB418C41F00401418438
:10CFA000FEF75CFB4068002803D0BDE8104003F0AA
:10CFB000D1B910BD2DE9F0479946174688468246FB
:10CFC000FEF7DEFA0646002523E000BFDAF8080087
:10CFD000B9F1000F006850F8254005D04FF48021CA
:10CFE0002046FFF781FC98B9A18A002301EB0800D5
:10CFF000A082E08A3A463844E082218B01EB0800A7
:10D000002083608B4146384460832046FFF7D2FF7F
:10D010006D1CB542DAD3BDE8F0872DE9FF474568BE
:10D0200016460F4604469DB300212846FFF774F9C3
:10D03000804600212846FFF7FFF981464FF4802102
:10D040002046FFF751FC48B1A98A07EB08000844C5
:10D0500007B2E98A06EB0900084410E02846FEF70B
:10D06000AAFCAA8A02EB0801081A384407B228462B
:10D07000FEF7A8FCEA8A02EB0901081A304406B25E
:10D0800000212846FFF74CF8391830440FB206B299
:10D09000A08A381A07B2E08A301A06B20FB9002EF9
:10D0A00040D02046FFF7DFFE02A92046FEF7CFFA68
:10D0B0004FF0000875B169462846FEF766FA00226F
:10D0C000694602A8EAF775FB5FEA000802D1284624
:10D0D00000F040FEA08A32463844A082E08A3946F9
:10D0E0003044E082208B002338442083608B30441E
:10D0F00060832046FFF75EFF8DB12246222128463D
:10D10000FAF780FD2046FFF7AEFE0022694604F1E3
:10D110001400EAF74EFBB8F1000F07D104E02046F7
:10D12000FFF7A1FEBDE8FF870028FBD0284600F0EE
:10D1300011FEF7E770B50C00064604D5FEF702FBBA
:10D14000FEF71EFA04443046FEF7C1FA02463046A6
:10D15000FEF7F8FA0546002C2DDBFEF711FAA04287
:10D1600029DD944227D015DA6FF00301A24214DDC5
:10D17000A86801EB82030068C35840F82230521EB1
:10D18000F4E7A86801EB82030068C35840F8223036
:10D19000521C00E00421A242F3DBA86800222221F5
:10D1A000006840F824602846FAF72CFD2846BDE8C0
:10D1B0007040FFF758BE70BD2DE9F0410D460646A0
:10D1C000FEF7EBFBA0B93046FEF7EEFB0446304617
:10D1D000FEF7C4FA00280BDA002C09DD4042844235
:10D1E00000DB044622B22B460021304600F05AFCF8
:10D1F0003046FEF7CBFB002825D13046FEF708FB72
:10D2000004463046FEF764FB074600213046FEF731
:10D2100048FF01280BD0002F15DA002C13DD7842CF
:10D22000844200DB044621B22B46002206E0002C9B
:10D2300009DA002F07DD2B46002221463046BDE8E3
:10D24000F04100F02FBCBDE8F0812DE9F0478946A0
:10D2500086B00446866802A94846FEF7F8F94846B3
:10D26000EBF77AF90146024602A8F6F74EF902AA50
:10D27000314604A8EAF775FA4FF400250DF1100ABB
:10D2800020B929464846FFF72FFB98B14FF0010817
:10D29000224614214846C4F808A0FAF7B3FC2246F7
:10D2A00015214846FAF7AEFC224616214846FAF701
:10D2B000A9FC01E04FF0000829464846FFF714FB9F
:10D2C00020B1306800907068019006E009F1140206
:10D2D00031466846EAF745FA90B1C4F808D04846A6
:10D2E000FEF74EF90746002508E0D9F80800006867
:10D2F00050F82510204604F00FFC6D1CBD42F4D3FD
:10D30000B8F1000F10D0224617214846C4F808A0F3
:10D31000FAF778FC224618214846FAF773FC2246B1
:10D3200019214846FAF76EFCA66006B0BDE8F08702
:10D330002DE9F14F82B00298FFF7EEFD00287CD175
:10D340000298FEF7FFF9009000210298FFF7C4F958
:10D35000824600210298FFF7C5F90746009868B198
:10D36000FEF75BF981460098FEF73DF90546CAF3E2
:10D3700041304FF0640B012803D012E03A46514689
:10D3800092E02AF4C040B0F5FA6F0ADCB0F57A7F7B
:10D3900001DDC0F57A7000FB09F090FBFBF00FFA9D
:10D3A00080FAC7F3413001280DD127F4C040B0F511
:10D3B000FA6F08DCB0F57A7F01DDC0F57A7068435A
:10D3C00090FBFBF007B200216B220298FFF776F882
:10D3D00006B200216C220298FFF770F802B20298A0
:10D3E000FFF739FA80460298FEF76BF90446C6F358
:10D3F000413001280ED126F4C040B0F5FA6F09DCA7
:10D40000B0F57A7F01DDC0F57A7000FB08F090FB83
:10D41000FBF006B2C2F3413001280DD122F4C04026
:10D42000B0F5FA6F08DCB0F57A7F01DDC0F57A70EF
:10D43000604390FBFBF002B200E055E00AEB06000F
:10D4400006B2B81807B200210298FEF715FE50B1D7
:10D45000012827D0801E082824D2DFE800F00B1313
:10D46000202B3318383B00210098FEF714FE0128CA
:10D4700008D017E009EBD971491008EBD870A1EB7F
:10D48000600001E0A9EB0800304406B20AE005EBB9
:10D49000D570401004EBD471A0EB610000E0281BB4
:10D4A000384407B23A463146029803B0BDE8F04F1F
:10D4B000FFF7B3BD09EBD971491008EBD870A1EBA8
:10D4C000600001E0A9EB0800304406B2E7E7A9EBF1
:10D4D000080006E009EBD971491008EBD870A1EB00
:10D4E0006000304406B2D2E7BDE8FE8F2DE9F04F70
:10D4F0000446408C87B0010501D540057ED4204606
:10D50000FEF720F95FEA000878D02046FEF780F9A0
:10D510000190608C002600054FF4FA6B42F2D17A3C
:10D5200003D52046FFF797F95DE000212046FFF77D
:10D53000BBF80546504501D1012600E00026C5F3A1
:10D540004130012805D125F4C040584501DC0120B7
:10D5500000E0002081464046FEF75FF8074626B10E
:10D560002046ECF781FE05462BE0B9F1000F28D0EC
:10D57000B8F82200000518D400214046FFF794F8BF
:10D58000504512D100212046FEF7CAFD0546002174
:10D590002046FEF7C1FE00EB050900212046FEF7FC
:10D5A000FDFE411901EB09000AE025F4C040B0F589
:10D5B0007A7F01DDC0F57A707843642190FBF1F049
:10D5C00005B2204600210222FEF778FF0FFA80F90B
:10D5D000204600210322FEF771FF02B23B46494676
:10D5E0002846F6F754FF07462046FEF7DDF900907F
:10D5F000608C4FF00009400505D500E06BE0204647
:10D60000FEF75FF853E000212046FEF7B9FDA0F5D4
:10D610001C510546D13906D000208146C5F3413062
:10D62000012802D007E00120F7E725F4C040584563
:10D6300001DC012000E0002083464046FDF7D3FFD7
:10D640008246B9F1000F04D02046ECF79BFD054659
:10D650001BE0BBF1000F18D0B8F82200400507D43A
:10D6600000214046FEF78CFDA0F51C51D13936D083
:10D6700025F4C040B0F57A7F01DDC0F57A7000FB7B
:10D680000AF0642190FBF1F005B22046002105224A
:10D69000FEF714FF0FFA80FB204600210622FEF75A
:10D6A0000DFF02B2534659462846F6F7BBFE054623
:10D6B00056EA090605D0DDE900210023204600F0E6
:10D6C000F2FA2046FFF7C7F8B8421BD12046FDF713
:10D6D000F8FFA84216D1002007B0BDE8F08F002166
:10D6E0002046FEF71DFD054600212046FEF7A4FE5C
:10D6F00000EB050B00212046FEF7BAFD411901EBB6
:10D700000B00C1E72046FFF7AEFB02A92046FDF75C
:10D710009EFF04A94046FDF738FF002204A902A895
:10D72000EAF747F8060002D1404600F013FBE08A12
:10D730006D1E2844608300212046FEF7ACFC0128C2
:10D740001CD0A08A7F1E3844208302AA29212046AB
:10D75000FAF758FA224622214046FAF753FA2046B1
:10D76000FFF781FB608C002240F00200608404A976
:10D7700004F11400EAF71DF836B904E0208BC01B51
:10D78000401CA082E1E710B1404600F0E3FA2046D9
:10D7900000F002F801209FE738B50446EAF7DCFE06
:10D7A00005460020ADF800006A4613212046FAF72E
:10D7B00029FABDF90000A84202D02046FFF753FB2A
:10D7C000A06818B1BDF80010C18209E0BDF80000E2
:10D7D00030B12046FDF7DEF8A168BDF80000C88230
:10D7E000BDF90000A84202D02046FFF73CFB38BD3F
:10D7F00070B505460021FEF757FF04460021284674
:10D80000FEF7BEFC42F2D1718C4203D0884201D0B7
:10D81000002070BD2846FFF7B8FB012070BD000056
:10D820002DE9F84F0446514890460D4600780028EF
:10D8300070D02046FFF717FB05F47F050421404612
:10D8400001F090FC06460221404601F08BFC814627
:10D850000121404601F086FC00901021404601F075
:10D8600081FC07464FF6FF7BEEB1B5F5702F12D065
:10D870008DB1204600210422FEF720FE00B242F2C4
:10D88000D17A504507D0204600210122FEF716FE2E
:10D8900000B250454DD100222A212046FAF7B2F9B4
:10D8A0002046FFF772FB4FF4702A554500D085BB28
:10D8B000D84500D02EB12046FDF744FF08B1FFF750
:10D8C00064FB554500D025BB1FB3204600216E22C6
:10D8D000FEF7F4FD00B240B9204600216D22FEF7AC
:10D8E000EDFD00B2B0F5807F01D0022714E02046A4
:10D8F00000216122FEF7E2FDC0B2FF2807D12046D9
:10D9000000216822FEF7DAFD10F0FF0F03D0012797
:10D9100002E00EE028E00027A06820B1817E67F3D6
:10D920008711817605E027B12046FDF733F8A0681E
:10D93000F4E75F46B84502D0B9F1000F02D02046A7
:10D94000FFF72AFF2046FFF78EFAB84504D000996A
:10D9500049EA0600084207D0B5F5803F04D02046CA
:10D96000BDE8F84F04F0A0BBBDE8F88F5480FF1F5E
:10D970002DE9F05F4FF6FF7A0F0005461FFA82F897
:10D9800002F47F09564602D0F87900B90026002437
:10D99000214659E0EA68042000EBC40B964652F891
:10D9A0000B00C0F307424FEA024C524683B2904547
:10D9B00001D0434509D1B9F5702F01D0CC4504D130
:10D9C0002FB15EF83430BB4201D0641C3CE08001D2
:10D9D00004D500234946284606F006FBE86850F8BF
:10D9E0000B10CA0101D489010CD550F8340001F0A4
:10D9F00052FCE86850F83400FCF7F0FBE9680020BE
:10DA000041F83400204608220AE0E96802EBC00C25
:10DA100001EBC0036144401CD1E900C1C3E900C16E
:10DA2000698CC1F30511491E8142EED8688C010949
:10DA3000491E61F309106884C0F30510C100E8684D
:10DA4000FCF7F0FB0121E860688CC0F30510A042F0
:10DA5000A0D8002908D0002E06D0324649462846D4
:10DA6000BDE8F05FFFF7DCBEBDE8F09F70B506468D
:10DA70000B480078002812D000200CE0002506E0BA
:10DA8000E06850F82510304604F0EBFB6D1C606A2E
:10DA9000A842F5D82046F7F76FF80400EED170BD24
:10DAA0005480FF1F2DE9F0411646074692B00D46FF
:10DAB00051EA06007AD0012B1DD03E493846F4F7D2
:10DAC00053FF3D493846F4F74FFF002209213846FD
:10DAD000FAF798F8012869D1324629463846EAF71C
:10DAE00047FD012862D112B03846BDE8F04100225E
:10DAF0000A21FAF787B83846FDF7B0FD8046684638
:10DB0000F4F77AFF2D484FF4C874009703902DB3B3
:10DB10004046F7F70BF840102A460021F4F7BAFF09
:10DB2000C82801D2C82002E0A04200D920460B90AC
:10DB30003846FDF740FF4142281A0891CDE9091007
:10DB40001D4801901E4807906A4609213846FAF799
:10DB500059F801282AD16846F4F7AAFF002E25D0EB
:10DB60004046F7F729F8401032460021F4F792FFBB
:10DB7000C82801D2C82002E0A04200D920460B905C
:10DB80003846FDF71FFF4142301A0891CDE90910D0
:10DB9000084801900A4807906A4609213846FAF772
:10DBA00031F8012802D16846F4F782FF12B0BDE8CF
:10DBB000F0810000DF260200C72602004D2302008C
:10DBC0002D2A01002DE9F0471546824699460C465C
:10DBD00051EA050065D0504600F04CFB5046FDF779
:10DBE000EAFE40420FFA80F808EB040004B200217C
:10DBF0005046FEF756FA012813D0002C13DC25DA24
:10DC00005046FDF705FE06465046FDF761FE3044DE
:10DC100000B2002800DA00204042844216DA04B242
:10DC200014E0002C02DA4FF000040FE00EDD504645
:10DC3000FDF7EEFD06465046FDF74AFE304400B2C1
:10DC4000002800DA0020844200DD04465046FDF73B
:10DC5000B9FE404206B2701905B2002D02DD4FF048
:10DC6000000510E00FDA5046FDF79EFE07465046CD
:10DC7000FDF774FD384400B2002800DA002040426D
:10DC8000854200DA05B2A4EB080001B2A81B02B27B
:10DC900051EA020005D04B465046BDE8F047FFF779
:10DCA00001BFBDE8F08770B516461D4604461A460A
:10DCB00000F024F82A4631462046BDE8704000F0C6
:10DCC00033B8F8B50E46044600F0D4FA00200090B0
:10DCD0002046FDF737FD054604F114070AE03346F8
:10DCE0006A462146384604F03FFB2C462046FDF7A5
:10DCF00029FD0546002DF2D1F8BD000070B50D4696
:10DD0000144606460749F4F72FFE3046FDF753FE4A
:10DD1000401B01B223463046BDE870400022FFF7A9
:10DD200051BF0000C726020070B50D4614460646D6
:10DD30000749F4F719FE3046FDF744FE401B02B2D6
:10DD400023463046BDE870400021FFF73BBF00008E
:10DD5000DF2602001FB5044602AA6946FDF739FE18
:10DD60006846F5F7A6FB20B902A8F5F7A2FB002844
:10DD700010D06846F5F79DFB18B169462046FFF7BD
:10DD800095F802A8F5F795FB002803D002A92046D4
:10DD9000FFF78CF81FBD70B50D460446FCF7FAFD81
:10DDA000A068858270BD38B50C46054600236A46DA
:10DDB0000421FDF7A7FC012807D0002804D1002288
:10DDC0002146284600F0A1F938BD0098A042F6D1BE
:10DDD00038BD2DE9F0410C4615461F46064619464A
:10DDE000F3F7B0FA2A46214601F00CFB22463946E9
:10DDF0003046BDE8F041FFF713BD70B506464068F8
:10DE00000C46002863D0002C61D03046FFF72BF879
:10DE10002046FCF7BFFD30467568FDF758FC01460B
:10DE2000042207E0A86802EB81030068C35840F8A9
:10DE30002130491C2846FDF7A3FB801E8842F1DAF9
:10DE4000A9684868401E4860A96805D08200086833
:10DE50001146FCF7E7F903E00868FCF7BFF900207A
:10DE6000A9680860A1684868401C4860A2688100F1
:10DE70001068FCF7D7F9A16808602046FDF780FB21
:10DE80006FF0030101EB8000A16809680E5028467D
:10DE90007460FFF75FFF324622212846F9F7B2FE91
:10DEA000002224212846F9F7ADFE324622212046E1
:10DEB000F9F7A8FE002223212046F9F7A3FE3046F9
:10DEC000FFF763F83046BDE87040FEF7CCBF70BD89
:10DED00070B51546044600F06CF929462046BDE8A9
:10DEE000704000F07CB970B50C460546FCF752FD59
:10DEF000A868017E01F00302A24207D064F3010189
:10DF000001762846BDE87040FEF7ADBF70BD70B524
:10DF10001546044600F037F929462046BDE8704012
:10DF2000FFF741BF2DE9F34F8FB08146008C109968
:10DF300088427DD00490A9F820104846109A049990
:10DF4000EAF7FAFB5FEA000872D04FF4207420462B
:10DF5000FCF7E6F821460390FCF74EFA0024204631
:10DF600072E000BFD9F80C00042200EBCA0102EBFA
:10DF7000CA050A91405920F07F4000F049F9059008
:10DF8000D9F80C00405920F07F4000F03EF906908F
:10DF900010990598884355D10A984068800151D45A
:10DFA0000A980BAA6721006800F0C8FF012849D130
:10DFB00000270B9D40E000261EE000BF039806EB03
:10DFC000860100EB81010E91D1F804B0584600F0B3
:10DFD0001FF90890584600F018F9296831F8172001
:10DFE0000E9909898A4206D10699884203D105997A
:10DFF0000898884202D2761CA642DFD3A6421AD1E4
:10E00000039A04EB8400A98922F82010039A298A34
:10E0100002EB80004180A968C160296831F81710BF
:10E020000181696801610A99496821F07F4100E036
:10E030004DE0641C41607F1C286830F8170008B16F
:10E04000202CB8D30AF101008246B9F82200C0F3AF
:10E050000511514501D9202C84D3002510E000BFC3
:10E06000039805EB850100EB8106706800F0CDF8A0
:10E07000014600964846109B049AEAF7BDFA6D1CCB
:10E08000A542EDD30398FCF797F8B8F1010F0ED035
:10E09000B8F1030F11D0B8F1020F18D14846FEF7BE
:10E0A000E2FE11B04846BDE8F04FFFF775BB11B076
:10E0B0004846BDE8F04FFEF7D6BE11B04846BDE871
:10E0C000F04F4FF6FF724FF47021FFF7A9BB11B06C
:10E0D000BDE8F08F13460A460921FFF77ABE07B460
:10E0E00081B01346BDF80810ADF80010009A202149
:10E0F00004B0FFF76EBE13460A462121FFF769BE42
:10E1000013460A463221FFF764BE13460A4604212D
:10E11000FFF75FBE13460A461121FFF75ABE1346AA
:10E120000A461221FFF755BE13460A461321FFF790
:10E1300050BE13460A461021FFF74BBE13460A464F
:10E140000B21FFF746BE13460A465B21FFF741BE8F
:10E1500007B481B01346BDF80810ADF80010009A5E
:10E16000552104B0FFF735BE13460A460121FFF7DB
:10E1700030BE13460A460721FFF72BBE13460A4658
:10E180000821FFF726BE38B50C46054600236A462F
:10E190000121FDF7B7FA012807D0002804D1002299
:10E1A00021462846FFF7E0FF38BD0098A042F6D18F
:10E1B00038BD38B50C46054600236A460721FDF7F1
:10E1C000A1FA012807D0002804D1002221462846C0
:10E1D000FFF7CFFF38BD0098A042F6D138BD38B563
:10E1E0000C46054600236A460821FDF78BFA0128F4
:10E1F00007D0002804D1002221462846FFF7BEFFA1
:10E2000038BD0098A042F6D138BD00F47F007047B9
:10E2100080B270472DE9F0411E461546884607003A
:10E2200025D0EAF79FF9022813D000249EB13DB112
:10E230003846FDF787FA33462A464146FFF7EAFF9C
:10E24000002C14D0324641463846BDE8F04105F076
:10E250001FBF0124EAE724B132464146384605F0A3
:10E2600017FF002D03D03846FDF76CFAD7E7BDE85D
:10E27000F081000070B50B4D2978002911D10121E2
:10E280002970FDF763FA044606E000BF20F00400A1
:10E2900060842046F4F740F9608C4107F6D40020F2
:10E2A000287070BD4C80FF1F08B5132802D209B139
:10E2B000042905D9F6F734F90090BDF8000008BD2F
:10E2C000044A491EC9B202EBC00000EB41000088BD
:10E2D00008BD00006C59020008B5132802D209B12C
:10E2E000052905D9F6F71CF90090BDF8000008BD16
:10E2F000054A491E00EB8000C9B202EB400000EB6A
:10E300004100008808BD0000AE58020008B513287F
:10E3100005D3F6F705F90090BDF8000008BD0249E5
:10E3200001EB4000008808BD88580200002801DA8F
:10E33000C0F57A7040F4005000B270472DE9FE4FEE
:10E3400017460C0005461E4602D1B7F5807F73D0F4
:10E3500028883188401A01B2298068887288801A1A
:10E3600000B26880002C69D0DFF80CB1DBF8000047
:10E37000A04244D02046B4F5616F01DDA4F5616090
:10E38000002801DA00F561600A2190FBF1F8C8F17C
:10E39000000101EB810100EB410908F1010A0FFACC
:10E3A00088F002F0E7F802900FFA8AF002F0E2F843
:10E3B00008F15A01019008B202F0DCF80AF15A01A2
:10E3C000009008B202F0D6F803460298C9F10A0894
:10E3D00008FB00F10198009A00FB09110A2091FB4B
:10E3E000F0FC08FB02F103FB09120A2192FBF1F198
:10E3F0004FEA6C124911CBE90121CBF80040B5F985
:10E400000010B5F90200B7F5807F21D0DBF80820B5
:10E41000DBF8043002FB01F403FB1044B6F800C043
:10E420007C434B430CEBA4442C8002FB00307188EE
:10E43000784301EBA0406880BDE8FE8F32887943C5
:10E4400002EB212129805988784301EB2020F2E753
:10E45000DBF80830DBF8042003FB01F402FB104476
:10E4600037884A4307EBA4242C8003FB00207188E3
:10E4700001EBA020DFE70000A080FF1F10B5B0F97E
:10E480000420B0F900304088D21A02EBD272521048
:10E490000C88134449881044E31A081A12FB02F14D
:10E4A00013FB03F210FB0020884201D8012010BDAD
:10E4B000002010BD10B5E7F759F80D4945F6C053D7
:10E4C0000022A1F11C00F6F728FA0A48F6F734FA00
:10E4D0000848F02101804FF4A07141800649416154
:10E4E00003491C39C160BDE81040F6F74FBA00007F
:10E4F00028470020A802012021B200002DE9FC419C
:10E500000E46002507462A461431E9F752F900283D
:10E5100026D001213046FEF7E7F900BB3046EAF786
:10E5200021F8E0B900208DF800006A46122130463B
:10E530000197F9F767FB9DF8000002280FD03046DD
:10E54000FDF71EF8401E04000ED4B068006850F8B5
:10E5500024103846FFF7D2FF050009D102E0002061
:10E56000BDE8FC81641EF0D59DF8000000B9354679
:10E570002846F5E72DE9FC410025DFF8B4804FE09F
:10E58000294491F83011E9BB002441E0011991F8C8
:10E590003011C1BBA5423AD000EBC40100EBC5006D
:10E5A00030303031E9F759F968B37068B04600EBA4
:10E5B000C40200EBC501684630313032E9F74CFA4D
:10E5C0006846F4F776FF0646D8F8040000EBC5006D
:10E5D0003030F4F76EFF0746D8F8040000EBC400B3
:10E5E0003030F4F766FF3844864210D2D8F8040081
:10E5F000464600EBC50069463030F4F7F7FE0120CF
:10E60000716801E00BE002E0214481F83001641CF4
:10E61000D8F804004646B0F85011A142B6D86D1C97
:10E62000D8F80410B1F85021AA42A9D8BDE8FC815D
:10E630005880FF1F10B591F82A000C4620F0010009
:10E6400081F82A0000208884C8840885102120468B
:10E65000FCF76AFB4FF400712046FCF765FB21468E
:10E660000548FCF7B3FAFCF725FB2046BDE810404F
:10E67000002202A100F00AB94C5C02004F707469DC
:10E680006F6E20310A4F7074696F6E20320A4F70BE
:10E6900074696F6E20330A4F7074696F6E20340A8C
:10E6A0004F7074696F6E203500000000F8B50E469B
:10E6B0005648FCF73DFF01282ED13046F9F762FAA3
:10E6C00005463046F9F79CFA04462C2D1CD02A2D1D
:10E6D00023D0292D2DD0012D2DD0022D37D0082D5E
:10E6E00050D0032D4ED00E2D50D00F2D5DD00D2DBE
:10E6F00066D0132D7CD0152D01D0182D0CD13046AD
:10E70000BDE8F840EFF785BB3046F9F777FA0546E4
:10E710002046F3F7BDF82880F8BDF2F710FE18B1D7
:10E7200000222A21F9F76EFA2046FFF761F800214E
:10E7300041E0002140E0A06A20F400312046A162BF
:10E74000F2F7FDFDBDE8F8403149F4F70DB9FAF7ED
:10E7500087FB6946FAF7CAFBBDF802000028DBD048
:10E760002046F2F7ECFD0546FEF797F8BDF80210DB
:10E77000084401B22846FFF732FDA06A40F4003099
:10E78000A062F8BDBDE8F84003F0AEBCFCF794FF12
:10E79000F9F7B8FE0546FAF763FBFAF7A2FB04287F
:10E7A00000D115B1E08C2085F8BDE18C208D81422F
:10E7B000FAD0E08401212046BDE8F84003F0FABA1F
:10E7C0003046F9F71BFA0078132812D0122810D01F
:10E7D000142801D01128E7D1E08C0028E4D0258D41
:10E7E000401E81B20122204600F0BBF82585F8BD0D
:10E7F00006E0E08CA18C401C8842F8D2258DF0E721
:10E80000F2F79DFDBDE8F840FEF7C6BF305C0200A0
:10E810000328020070B50E460846F9F7B3F904461E
:10E82000152805D031461848FCF782FE012823D16F
:10E830003046F9F7E5F90546132C08D0292C1CD0F1
:10E84000152C19D13046BDE87040EEF789B9304635
:10E85000F9F7D4F904462846FCF774FFF3F718F8E3
:10E8600006462846FDF7F7FF0246B4F90000B11A44
:10E87000884200DC0846208070BDFCF763FFBDE8DD
:10E880007040002103F096BA4C5C02002DE9F84F6D
:10E8900015465FEA010904460DD02046F2F74FFD08
:10E8A0004FF0000B0090A4F826B0A4F828B0A4F80C
:10E8B00024B0584606E0FEE70A2902D1A18C491C83
:10E8C000A184401C19F800100029F5D1A08C401C2F
:10E8D000A08494F82A00DDB340F0010184F82A10E6
:10E8E0004846E1F75EFD471CC7EBC7008246FBF7D1
:10E8F00017FC06460025A0F1010800BF07FB0560D4
:10E900004946E1F763FD6D1C07FB05F10A20EDB2F6
:10E9100001F80800072DF1D30AEB060101F801BC4C
:10E9200031460098FBF74AFA3046FBF745FCA08CCD
:10E9300000EB4001E184C0EBC000A0842046F3F767
:10E940004FF9E08C20850098BDE8F84FFEF724BF12
:10E9500020F0010084F82A0049460098FBF72EFABF
:10E96000EFE7F0B490F82A30DC07838C1ED0072440
:10E97000B3FBF4F4C58CA142B5FBF4F716D207FB48
:10E980001455AEB20FFA86FCACEB0105002D01DC8C
:10E99000A1EB0C05B5EB540F05D90D468E4201D9FC
:10E9A000291900E0291B04FB071189B28B4200D80A
:10E9B000591EC1840185F0BC114603F0FBB910B5A6
:10E9C000F6F79CF8BDE81040F6F7E0B810B5F6F79A
:10E9D00095F8BDE81040F6F7D9B870B50020086783
:10E9E00091F874000C4620F0030081F874004FF495
:10E9F00040712046FCF798F910212046FCF794F965
:10EA00000020F6F781F8502505EBC000B0F5A07F97
:10EA100008DB0020F6F778F805EBC000A02190FB9A
:10EA2000F1F000E0012001B22046BDE87040FFF7A0
:10EA3000B2B900002DE9F34F83B0FE480499FCF70A
:10EA400077FD012852D10498F9F79CF805460498FF
:10EA5000F9F7D6F8044600F065FA0646112D17D0EE
:10EA6000012D46D0022D78D0082D77D0032DFCD073
:10EA70000E2D74D0292D73D0132D72D00D2D71D081
:10EA8000152D33D1049805B0BDE8F04FEDF7A6BFC2
:10EA90000498F9F7B3F80546A06810B1B0F91470FE
:10EAA00000E0002704F168016846F4F7DEFC3A460E
:10EAB00011466846F4F729FD002268462968E8F700
:10EAC00038FF2871002811D1022E0FD104F1600106
:10EAD0006846F4F7CAFC3A4611466846F4F715FD55
:10EAE000002268462968E8F724FF287105B0BDE8D0
:10EAF000F08F2046FEF7B7F994F8740040F001015A
:10EB000084F874109EB1012E11D0022EEED1FAF7C6
:10EB1000A7F96946FAF7BAF92046FDF79CFE0546C3
:10EB20002046FCF7CEFD854204DB012503E004F11D
:10EB3000240042E0002500212046FDF7B8FADDB3AD
:10EB40000128BDF900000ED0B4F96C108842EEDC4B
:10EB5000B4F9601088423EDB0DE069E0F2E024E1A8
:10EB600031E136E1A6E1B4F968108842DFDBB4F99F
:10EB7000641088422FDCB4F96400B4F96010401AC4
:10EB800000EBD07001EB6002BDF90010501A0028B4
:10EB900000DC881A02B2B4F96C30B4F968001B1AB0
:10EBA00003EBD37300EB6303581A002800DCC81A88
:10EBB00000B290422CDB33E003E0206796E720713F
:10EBC00094E7BDF90200B4F96A309842AFDBB4F9BA
:10EBD0006620904202DD04F13000EEE7B4F96210E5
:10EBE000521A02EBD27201EB6202111A002900DC08
:10EBF000811A0DB2B4F96E10C91A01EBD17103EB91
:10EC00006102111A002900DC811A08B2A84207DA51
:10EC100004F1240044F8700F207920F00200CEE7C0
:10EC200004F1300044F8700F207940F00200C6E78C
:10EC3000206F0028C2D0FAF713F90546FAF751F908
:10EC40000128BBD169462846FAF720F9D4E90A0120
:10EC50000F1A2046F3F799F900284FF000012046DB
:10EC600034D0FDF77DFB804600212046FDF7BAFB3E
:10EC700006462046FDF7EFFDA0EB0800801B05B21D
:10EC800000212046FDF713FA012818D0B4F914200A
:10EC9000BDF9001002EB0800081A784305EBD571A6
:10ECA00000EB610090FBF5F0A16A256F0844D4E900
:10ECB0000A2104F130039D4224D1616A23E0B4F9B2
:10ECC0001800BDF90010801B401AE6E7FDF7DEFBD7
:10ECD000064600212046FDF7EFFA05462046FCF7E0
:10ECE000F0FC401BB4F91A10801BBDF90220294426
:10ECF000511A00B2794300EBD072C1EB620191FB73
:10ED0000F0F0D1E7226B884201DA064600E00E46B9
:10ED1000964201DA114602E0884200DA014628688C
:10ED2000884287D09D424FF00102204602D1F4F77D
:10ED300039FD01E0F4F75BFD00221C212046F8F7C5
:10ED400061FFD3E694F8740020F0010184F8741098
:10ED5000002120462167FEF786F82046FCF7ACFC30
:10ED60000646F9F7CFFB0546FAF77AF8FAF7B9F84D
:10ED70000428E6D1002DE4D0204600F0D3F8022884
:10ED80000CD194F87400810704D440F0020084F898
:10ED90007400ABE620F0020084F8740005B0304641
:10EDA000BDE8F04F0021F9F71BBCFAF759F8FAF764
:10EDB00098F8042801D00228C3D114F8740F20F069
:10EDC0000200207092E605B02046BDE8F04FFEF745
:10EDD000E3BC4FF4403739462046FDF7C1FA81467F
:10EDE00039462046FDF7FEFA804639462046FDF7B3
:10EDF0004DFB064639462046FDF75EFA05466D2274
:10EE000039462046FDF75AFB00B2009039462046AD
:10EE1000FDF73EFC834639462046FDF72DFC824631
:10EE20002046FDF718FD00EB4B072046FCF749FC98
:10EE300002E00000685C020000EB4A0087422046C6
:10EE400004DAFDF708FD00EB4B0003E0FCF739FCAA
:10EE500000EB4A000099401010FB01F040F30F2036
:10EE600049464246C14500DC1146B54201DD2A460D
:10EE700000E03246914207DD49464246C14501DD88
:10EE80000D4604E0154602E0B54200DC3546054477
:10EE90004FF440312046AD1CFBF714FE284404B269
:10EEA0000498F8F7ABFEB0F90010A14200DD0C4663
:10EEB00004801BE60498F8F7A1FE0078132813D00D
:10EEC000112811D0142801D01228F2D194F874001E
:10EED0008007204617D4F4F757FC0122401E014654
:10EEE0002046F4F784FC15E094F87400800720466F
:10EEF00004D4F4F749FC0122401CF0E7F4F735FC98
:10EF00000122411C03E0F4F730FC411E012220469F
:10EF1000F4F748FC05B02046BDE8F04F00221C2164
:10EF2000F8F770BE10B5F4F71BFC012802D00228D8
:10EF300000D0002010BD00F053B8000070B514469A
:10EF40008288C379A2F57F45FF3D07D07BB3012BB3
:10EF500035D90668002206EB83052DE0002213E078
:10EF6000056805EBC2052E8826F440468E420AD17C
:10EF70002888010429D4400401D5304614E068688B
:10EF80002060012070BD521C9342E9D825E000BFEB
:10EF900035F8120020F4404088420CD135F81210A8
:10EFA0000B0412D4490403D500F074F8E8E714E028
:10EFB00006EB82000FE0521C9342E9D80DE022F4E8
:10EFC00040438B4209D1110401D5022070BD510488
:10EFD00001D51846E8E70068D2E7002070BD0000C0
:10EFE00070B514468288C379A2F57F45FF3D07D0EE
:10EFF0007BB3012B35D90668002206EB83052DE093
:10F00000002213E0056805EBC2052E8826F4404671
:10F010008E420AD12888010429D4400401D5304603
:10F0200014E068682060012070BD521C9342E9D84A
:10F0300025E000BF35F8120020F4404088420CD192
:10F0400035F812100B0412D4490403D500F022F84D
:10F05000E8E714E006EB82000FE0521C9342E9D887
:10F060000DE022F440438B4209D1110401D5022066
:10F0700070BD510401D51846E8E70068D2E70020CA
:10F0800070BD0821FBF7B8B9C07908B100207047FE
:10F09000012070471CB50022FF21452855D01EDCF9
:10F0A000302844D00EDC222841D006DC032853D07F
:10F0B000062851D0202830D135E0252845D02928F0
:10F0C0002BD142E0362832D004DC31283DD0332821
:10F0D00023D13CE0372838D044281ED127E05528DA
:10F0E00025D00EDC4E2830D006DC46282DD047280F
:10F0F0001DD04D2811D11AE0522818D053280CD118
:10F1000023E0602821D004DC56281ED0572804D1E3
:10F1100020E0612819D06D2802D0009200981CBD13
:10F120004FF4807014E0FF221146104602E00022E6
:10F1300011461046F5F7DBFA0190BDF80400019086
:10F14000BDF80400ADF80000E8E70091E6E70F2005
:10F150000090E3E70248FBE741F6FF70F8E70000A4
:10F160006C58020010B50C46E9F7F6FB204000D0C1
:10F17000012010BD2DE9F041154D0646154C2868BB
:10F1800018B9002161607021218021884A1C12F485
:10F19000404F02D00020BDE8F08162686F398A429A
:10F1A0000AD21F3131F01F0710D03946FBF73AF869
:10F1B0000028F0D0286067602088401C80B2208042
:10F1C000296821B1014401F8716CE4E7FEE7FEE72C
:10F1D000C080FF1FD480FF1F2DE9F0410F468188BA
:10F1E0000446A1F57F40FF3853D0E07900284BD08A
:10F1F000012804D02668002106EB800547E021F4B1
:10F200004040B84245D10020A080E0713BE000BF03
:10F2100035F8112022F44042BA4237D1022811D0E9
:10F22000401E00EB40004000FAF74CFF010030D0D8
:10F230002160E079401EC0B2E07101EB8003002044
:10F24000024619E00120E07121B12888A0803068D1
:10F25000206015E06888A0807068F9E735F810C074
:10F26000BC4508D056F820E041F822E035F810C03F
:10F2700023F812C0521C401C94F807C08445EDD2FC
:10F280003046FAF7ABFF0120BDE8F081491C884207
:10F29000BED80020F8E710B504468088A0F57F416D
:10F2A000FF390BD0E079012802D92068FAF796FFE0
:10F2B0002046BDE810400821FBF79EB810BD0A4665
:10F2C000652100F09FB803B482B0BDF80C10ADF812
:10F2D0000010009A522104B000F094B80A4651215F
:10F2E00000F090B80A46502100F08CB803B482B008
:10F2F000BDF80C10ADF80010009A202104B000F009
:10F3000081B80A46282100F07DB80A46212100F084
:10F3100079B803B482B0BDF80C10ADF80010009AB3
:10F32000302104B000F06EB80A46342100F06AB80B
:10F330000A46332100F066B80A46322100F062B86E
:10F340000A46172100F05EB80A46622100F05AB85A
:10F350000A46632100F056B803B482B0BDF80C1021
:10F36000ADF80010009A4D2104B000F04BB80A46E9
:10F37000492100F047B80A46062100F043B803B41B
:10F3800082B0BDF80C10ADF80010009A362104B020
:10F3900000F038B80A46372100F034B80A46382160
:10F3A00000F030B80A46352100F02CB870B50C4694
:10F3B000054600F016F82146284600F016F82146CA
:10F3C000284600F01AF821462846BDE87040AFF301
:10F3D00000800A46112100F015B80A46152100F0F8
:10F3E00011B80A46122100F00DB80A46132100F0A8
:10F3F00009B80A46142100F005B80A46102100F0A9
:10F4000001B80000014B00F007B8000011F4010042
:10F4100010801960704700002DE9F047044680888D
:10F420008946A0F57F411D46FF3969D0E17929F46D
:10F43000404617464FF00108012937D9226808468F
:10F4400002EB81030CE000BF33F810C02CF4404CF9
:10F45000B44505D102EB800103EB40020B462CE0E2
:10F46000401EF1D5491C01EB410041001046FAF75E
:10F47000D9FE010044D02160E07901EB800205E073
:10F4800002EB400C32F81030ACF80430401EF7D5D7
:10F49000E079401CC0B201EB800303EB4002191F6E
:10F4A000E0710B4639464846921E20E02AD120F4EE
:10F4B0004040B04207D12346221D39464846AC465B
:10F4C000BDE8F04760470C20FAF7FCFD002817D094
:10F4D00021682060E279521CD2B2E27100EB820214
:10F4E000A38822F8023B031D016039464846A8471D
:10F4F0003046E9F72BFAA17908FA00F21143A1711D
:10F50000BDE8F08784F807802346221DEDE70A4610
:10F510000B21FFF777BF03B482B0BDF80C10ADF834
:10F520000010009A442104B0FFF76CBF0A46422144
:10F53000FFF768BF0A464521FFF764BF0A4640212E
:10F54000FFF760BF0A465B21FFF75CBF03B482B0E0
:10F55000BDF80C10ADF80010009A552104B0FFF76B
:10F5600051BF0A465721FFF74DBF0A465921FFF701
:10F5700049BF0A466A21FFF745BF0A466921FFF7DE
:10F5800041BF0A466721FFF73DBF0A460121FFF749
:10F5900039BF00002DE9F0470F46DDE908891E4616
:10F5A000154604461421FAF727FF276005B9044DD4
:10F5B000C4F80490083484E86001BDE8F0870000D6
:10F5C000612A01004162FDF74EBC00684FF0FF3137
:10F5D0004162FDF748BC10B54FF0FF300C46486261
:10F5E00010212046FBF7A0FB08212046FAF7AEFFCA
:10F5F0002046BDE810404FF48061FAF7A7BF0846E7
:10F600000021F3F7B1B900002DE9F04789463548EC
:10F61000FBF78EFF01285CD14846F8F7B3FA0446A1
:10F620004846F8F7EDFA8046132C08D01C2C52D02F
:10F63000152C4ED14846BDE8F047EEF7B3BC4FF469
:10F6400040352946FCF792FE074629464046FCF71E
:10F65000CFFE064629464046FCF71EFF04462946D3
:10F660004046FCF72FFEB74201DD394600E0314647
:10F67000A04201DD024600E02246914205DDB7428C
:10F6800001DD384604E0304602E0A04200DC2046BE
:10F69000841C29464046FBF715FA204405B248462B
:10F6A000F8F7ACFA0446B0F90000A84200DD0546C0
:10F6B00025804FF4003529464046FBF703FA014602
:10F6C000B4F90000814203DB29464046FBF7FAF912
:10F6D0002080BDE8F08700F007F84046BDE8F0471D
:10F6E000FDF7C1BB845C0200F0B591B00646002175
:10F6F0006522FCF7E3FE07002DD03046FCF7B4FC92
:10F70000746A00F00100611C4FF4807501D038B9B3
:10F7100005E008B1002403E02C46002503E00025A5
:10F72000601B002801DD601B00E0281B7843070AEE
:10F7300000213046F3F718F96846F3F75DF90748FA
:10F740000894CDE900600648039009A9684681E85D
:10F75000B000F3F7ADF911B0F0BD0000C5F5010040
:10F76000CBF5010010B501208884C8840C46022026
:10F77000FAF7A8FC2063E08C4000FAF7A3FCE062F3
:10F78000216B82200880E16A0880E08CA18C4843CC
:10F790008100A06AFAF746FD0021A062016010BD59
:10F7A00070B500250C462E4615E000BF50F8250028
:10F7B00078B1406828B1FAF711FDA06A50F8250029
:10F7C0004660A06A50F82500FAF708FDA06A40F8E4
:10F7D00025606D1CADB2A08CE18C4843A842A06AA4
:10F7E000E4DC08B1FAF7FAFCE06A08B1FAF7F6FCD3
:10F7F000206B002803D0BDE87040FAF7EFBC70BD65
:10F800002DE9FC410F466E48FBF792FE012843D1DB
:10F810003846F8F7B7F905463846F8F7F1F90446DF
:10F820002A2D14D02C2D17D0012D37D0022D35D0F4
:10F830004FF6FF76082D49D00E2D66D00D2D68D0DD
:10F84000152D29D13846BDE8FC41EEF75BBCBDE87B
:10F85000FC41002102F038BB3846F8F7CFF90346E7
:10F8600000200146A28C05E0256B35F81150491C9B
:10F87000284400B28A42F7D800210A46E58C05E008
:10F88000E66A36F81260521C314409B29542F7D844
:10F89000401E1880491E5980BDE8FC8101AA6946B6
:10F8A000F1F703FE0128F7D1A18EBDF804008142D3
:10F8B00004D1E18EBDF800209142EDD0A086BDF8C4
:10F8C00000102046E186FDF7CEFAE5E7FDF7CBFA1A
:10F8D000F9F7C6FAF9F7F9FAA18EB1420AD0E18E2A
:10F8E000B14207D030B900221C212046F8F78AF92E
:10F8F0000128D1D1F9F7B4FAF9F7F3FA012801D0C8
:10F900000328C9D1A686E686C6E7BDE8FC41FDF717
:10F91000AABA3846F8F772F9A18E0568E08E0F464C
:10F920008446B14201D0B04207D10020A086E086D3
:10F93000204602F08EFE2046E7E7A38C8B4200DCD7
:10F940000021E28C824200DC0020142D0ED0132D09
:10F950000ED0112D0ED0122D9ED1401C8B420DDCED
:10F96000511E814208DD0021401C0EE0491EF5E7D2
:10F97000491CF3E7401EF1E7591E06E0002904DAAE
:10F9800010B1591E401E00E00021824201DC501ED1
:10F9900002E0002800DA00208F4201D1844594D093
:10F9A000A186E0862046FDF75EFA204602F051FE71
:10F9B00002B02046BDE8F04100221C21F8F722B930
:10F9C000A05C02002DE9F343044690F8600083B088
:10F9D0000107049803D50A2830D00D282ED000271F
:10F9E000CDE90007E94649462046F2F7E1F901284A
:10F9F00024D1DFF8CC80002104A8D8F8002090475B
:10FA00000646A16B2046254639B100F0A9FA2D49DA
:10FA100009688847A96B884210D2686B88B1007862
:10FA200078B10297474604E03A6802A99047B0428D
:10FA300007D0686B0299415C0029F5D105B0BDE89B
:10FA4000F08394F86000400702D5204601F042FDA3
:10FA5000A06A38B1606AF9F7C6FD007810B920468F
:10FA6000FDF701FA4A46616C606AF9F7C3FD20466A
:10FA700000F098F894F86000400714D5E06AE0F7C9
:10FA800090FC05464846E0F78CFC2918491CE06AC2
:10FA9000FAF7C8FBE06288B14A46616CE9F742F8C0
:10FAA0002046E9F721FF616C2046491C00F062FA0C
:10FAB00000221C212046F8F7A5F8BFE7FEE700006A
:10FAC000F480FF1F0881FF1FF8B50D00044609D020
:10FAD00094F86000400702D5204601F0FBFC606B03
:10FAE00018B900E0FEE7A06B98B100202A4E2B4F1A
:10FAF000009009E03268694628469047396888478F
:10FB000001462046FFF75EFF0098285C0028F1D1EF
:10FB1000F8BD29462046F2F74BF90128F8D1A06A32
:10FB200038B1606AF9F75FFD007810B92046FDF73B
:10FB30009AF92A46616C606AF9F75CFD204600F08C
:10FB400031F894F86000400714D5E06AE0F729FC2A
:10FB500006462846E0F725FC3118491CE06AFAF70A
:10FB600061FBE062B0B12A46616CE8F7DBFF20463A
:10FB7000E9F7BAFE0A492846666C096888473118D1
:10FB8000204600F0F7F92046BDE8F84000221C218D
:10FB9000F8F738B8FEE70000F480FF1FFC80FF1F75
:10FBA0000881FF1F70B50446406AF9F720FD4FF643
:10FBB000FF75A84204D1606AF9F717FDA84209D081
:10FBC0002946606AFAF75CF92946606ABDE8704028
:10FBD000FAF753B970BD000010B591F860000C46FB
:10FBE00020F0040081F860000020C862086340F241
:10FBF000DC51A1876063A06394F8541041F00101C7
:10FC000084F854100121616494F8541041F0020109
:10FC100084F85410A4F8400094F8601021F00A0110
:10FC200084F860106062A0622046F9F741FA6062D1
:10FC30006420FEF77BFB0146606AFEF7A4FA0CA184
:10FC4000606AFAF7BBF800231A460A49606AFAF7B5
:10FC500031FC4FF480612046FAF778FC0021204601
:10FC600000F088F92046BDE8104002F04BBF0000CC
:10FC700000000000DB23010038B50446416C406AF7
:10FC80006A46F9F7C5FB00212046FCF7E3FC054670
:10FC900000212046FCF7ABFC0089BDF802106D1C6A
:10FCA00008442844ADF80200B4F84000ADF8000064
:10FCB000606AFBF706FDBDF9021088420ADD69465D
:10FCC000606AF9F7A7FA0146204634F8405F00F071
:10FCD00051F9258038BD416C002902D0491E00F041
:10FCE00049B97047416C491C00F044B938B5044625
:10FCF000416C406A6A46F9F78BFB00212046FCF70D
:10FD0000A9FC054600212046FCF771FC0189BDF8DD
:10FD100002002944401A401CADF80200B4F840002B
:10FD2000ADF800006946606AF9F774FA0146B4F864
:10FD30004050204600F01EF9A4F8405038BD0000A5
:10FD400038B50446406C00283FD021A069460068C1
:10FD500000902046F2F72CF8012836D1606AF9F7B6
:10FD600042FC616C05460122491EE8F723FE294644
:10FD7000606AFAF723F82046FFF714FFA06A38B14B
:10FD8000606AF9F730FC007810B92046FDF76BF88F
:10FD900094F8600040070ED5616C0122491EE06AAC
:10FDA000E8F708FEE06AE0F7FCFA411CE06AFAF7BF
:10FDB00039FAE06250B1616C2046491E00F0DAF871
:10FDC00000221C212046F7F71DFF38BDFEE700008A
:10FDD0007F00000070B5456C0446691C00F0CAF84D
:10FDE000606CA84204D02046BDE87040FFF7A8BF71
:10FDF00070BD70B5C86A0C46002510B1FAF7EEF96F
:10FE0000E562206B10B1FAF7E9F92563A06A0028D2
:10FE100002D0FAF7E3F9A56270BD000070B50E4696
:10FE20003F48FBF785FB012878D13046F7F7AAFE5B
:10FE300004463046F7F7E4FE05460E2C12D00D2C92
:10FE400014D0012C60D0022C5ED0032C5CD0082C86
:10FE50005AD0152C5DD0182C60D13046BDE87040CA
:10FE6000ECF7B8BABDE8704002F04CBE3046F7F788
:10FE7000C5FE0168132910D0142913D0112916D0FA
:10FE8000122919D008291CD07F291FD0022922D07D
:10FE9000032922D00A2927D031E02846BDE8704046
:10FEA000FFF720BF2846BDE87040FFF714BF284683
:10FEB000BDE87040FFF71ABF2846BDE87040FFF765
:10FEC000DBBE2846BDE87040FFF73ABF2846BDE8D4
:10FED0007040FFF77FBF002101E047F6FF71284621
:10FEE000BDE8704000F046B8284600F01BF830B17D
:10FEF0002846BDE8704000221F21F7F783BE284640
:10FF0000BDE87040FFF75EBD3046BDE8704004F0CC
:10FF100085B93046BDE87040EEF7ACBB70BD00005F
:10FF2000BC5C020090F86000C0F3C00070470000A5
:10FF30001FB5016B11B1084604B010BD0021FCF7DC
:10FF400056FB002342F222026946F7F702FF08B18E
:10FF500001A0F1E701A0EFE7E280A2002A00000083
:10FF600090F86010490702D4406AF9F73CBBC06AB8
:10FF700070470000F8B50546406C0C46A04267D0BB
:10FF8000686AF9F730FB334909688847002C00DAC2
:10FF90000444844203DCA4F5FE41FF3900D1044649
:10FFA00028466C64FEF766F900212846FCF71FFB23
:10FFB00006466A462146686AF9F72AFAB6F9084001
:10FFC0002846FBF7F1FCBDF90210884203DD01224F
:10FFD0002846FDF7A9FE2846FBF705FB06462846FE
:10FFE000FBF7E2FCBDF902100A19101AB04206DD57
:10FFF000881B204401B201222846FDF795FE2846C1
:020000040002F8
:10000000FBF706FCBDF90010884203DD01222846FB
:10001000FDF774FE2846FBF700FB06462846FBF773
:10002000F7FBBDF900100A19101AB04206DD881B53
:10003000204401B201222846FDF760FEBDF8001001
:100040002846A5F8401002F05DFD284601F00AFCA4
:10005000F8BD00000881FF1F70B5044600F074F879
:1000600005000AD02046054A0021FDF781FC214603
:100070002846BDE87040E9F7AFBA70BDFFFF0F003A
:1000800000B500F059F8002800D0014800BD00007C
:10009000200301202DE9FF47994607460C9E00F0FA
:1000A0004BF8214D40B9002028704FF4A870FAF7A2
:1000B00009F81E490860E860F4F720FDF4F736FD02
:1000C0004FF00108B0F5A07F01DC032007E0F4F752
:1000D00015FDF4F72BFDB0F5347F02DA02206870CD
:1000E00001E085F80180124CA4F12800E760BDF81A
:1000F00004100187BDF80810418766610D48A661AC
:100100002060C4E9076902F02DFD27B13846F4F7F5
:100110004DFDA04202D10020FDF7A8FC85F800802B
:1001200004B00348BDE8F0875481FF1FB480FF1F6F
:10013000200301201537020002480068002800D083
:1001400001207047B480FF1F10B510B1FBF786FA8D
:1001500001E0F4F7D3FCBDE81040F4F727BD10B57B
:10016000044600F003F8001B10BD00000349012203
:1001700048680A700B78002BFBD070478C80FF1FFB
:10018000034900220A704A68104448607047000022
:100190008C80FF1F2DE9F041074615460E460B489F
:1001A000E8F722F9040010D0A7604FF0FF30266076
:1001B000206100206061FFF7D9FFE56004496060BD
:1001C000012008712046BDE8F081FEE71085FF1F81
:1001D000DC80FF1F10B5044601460548E8F77AF9B0
:1001E00004490120C8702046BDE81040F9F7F6BF69
:1001F0001085FF1FDC80FF1F01484078704700001A
:10020000DC80FF1F2DE9F047494CA07810B1012098
:10021000BDE8F0870120A0702078002628B1FFF704
:10022000A5FF5FEA000902D007E0A670EFE72069AA
:10023000401C2061642800D926613E4D4FEA060823
:1002400084F8038084F804803B48E8F7B6F8286017
:1002500037E03948E8F7B5F82E680746307DC00723
:100260002ED18246304600F078F888B93069B0F176
:10027000000A01DD401E3061FFF778FF7060B16851
:1002800021B1BAF1000F01D0304688474FF0010A82
:10029000E07820B9306910B93046FFF79BFFBAF11A
:1002A000000F0DD02079E178084309D02868002894
:1002B000C6D100BF4FF0FF351F48E8F77EF811E0C8
:1002C0002F6029680029C4D1F4E7307DC00705D12B
:1002D000304600F042F8A84200D2054631461648A2
:1002E000E8F76FF80600F0D14846FFF738FFE168FD
:1002F0000844E060A068FFF732FFB0F5FA7F13D33F
:10030000E16864225143B1FBF0F0C0B26070642830
:1003100001D9002001E0C0F1640060702646C4F8F5
:100320000C80FFF723FFB06084F8028028466FE757
:10033000DC80FF1FB080FF1F1085FF1F012141617E
:10034000704710B50446FFF711FF2168401A401EA0
:10035000606010BD00214161704710B504464068DF
:10036000FFF7FDFE2168814201D8002010BD081A68
:1003700010BD70B50346083A0C4602F00300111A8E
:10038000A00705D1A1F10C004FF6F572904201D300
:10039000002070BD2078251F00F00300084320F0E6
:1003A000020040F00101216029461846E9F71DFBD3
:1003B0002846E9F74FFB017902214160204670BDD4
:1003C00070B5810701D0002070BD00238060C0E9B6
:1003D0000303194600EB810200EBC11453610022B4
:1003E00004EB8206521CF063202AF9DB491C0A291F
:1003F000F0DB70BD70B50C460546FFF7E1FF064621
:10040000A4F23C5205F23C51FFF7B3FF304670BDF9
:100410002DE9F041002611B3083905464E680C4617
:10042000F00700D0FEE70846E9F76AFB2179284685
:1004300089070CD52768AFB13979C90713D0394678
:10044000E9F7C6FB21463846E9F7B4FA04462146E7
:100450002846E9F76FFB01462846E9F7C6FA304619
:10046000BDE8F081FEE7FEE770B50A4605460421C7
:100470001046E8F723FF044601462846E9F7F0FA5C
:10048000014622462846BDE87040E9F779BB2DE9D0
:10049000F05F90460C0081464FF0000522D0B8F185
:1004A000000F1BD0A4F108052846E9F75EFB824641
:1004B0006868042120F00307DAF8040020F0030044
:1004C000384400F1040B4046E8F7F8FE0646B8450C
:1004D00000D966B12879C0070CD0FEE74846FFF77F
:1004E00097FF44E01146FFF7BFFF05463FE00020BD
:1004F000BDE8F09FBE4216D99AF80400C00701D0AB
:100500005E4510D941464846FFF7AEFF05002ED0A4
:100510004046474500D307463A4621462846F9F764
:1005200099FE2146DAE7BE4206D929464846E9F750
:1005300001FB2846E9F7F1FA28794F46C00700D0B9
:10054000FEE731462846E9F746FA78B131462846B3
:10055000E9F74FFB0146406820F00200486038464A
:10056000E9F7E8FA01463846E9F73FFA2546284612
:10057000BEE700004FF4B47190FBF1F201FB1200F2
:10058000002802DA00F5B47000B20E495A2802DAE7
:1005900031F910007047A0F15A025A2A03D2C0F173
:1005A000B40000B2F4E7A0F1B4025A2A01D210B2AA
:1005B00002E0C0F5B47000B231F81000404200B261
:1005C00070470000045A02002DE9FF4F83B05FEA34
:1005D0000009119F7BD099F80000002877D004987B
:1005E000002871D01098800702D541F6FF70069060
:1005F00000243F4A009401945268A34625462646AB
:100600004FF0FF386946484690478246009801906F
:1006100050E0374A01A948465268904783461098EF
:10062000761CC00704D051461298E8F7A5FA98BB8B
:100630005A4651460498F7F733FC00B229180DB218
:10064000002802DD0598284405B2B8F1FF3F05D126
:100650000598291A0698814200DDA0465046BAF155
:100660000A0F1AD0BAF10D0F17D00146A0F59C4021
:1006700045F2A512904210D9002005E01DA2125C9F
:100680008A420AD0401CC0B21AA2125C002AF5D1DC
:1006900017B1B8F1FF3F08D008E024B9B8F1FF3F27
:1006A00001D107B13D60761E08E03D60DDE9004004
:1006B000DA46009019F804000028AAD1B8F1FF3FEB
:1006C00006D0139870B1404607B0BDE8F08F0CE03B
:1006D0002EB1BAF10D0F03D1BBF10A0F00D1009C6E
:1006E0002046F1E70FB1002038600020ECE7000061
:1006F000F080FF1F202C2E3B3A2D5F002DE9FF4F8D
:1007000083B004464FF00000DDF848A0DDF84090CB
:10071000208093460F00608049D0BBF1000F46D087
:100720005FEA8A7002D541F6FF7011900025A84655
:10073000BBF8086025E00020CDE9000A7819029096
:100740005946119B069AE8F76DF98044B4F9020006
:1007500006EB09010144B1F5004F28D2304448446A
:100760006080A8EB0501CDF800A05A46069B0298D0
:1007700000F022F8B4F90010814200DB0846208026
:100780004546785D0028D6D15DB1781910F8010C86
:100790000A2801D00D2804D1618806EB090008441D
:1007A0006080B4F9020028B1A0EB0900608007B0B6
:1007B000BDE8F08F6680FAE72DE9FF471E46DDF8B9
:1007C000309090460D4607000CD0B8F1000F09D0CC
:1007D0003878002807D00020044602908DF80C00DD
:1007E000EDB923E0002004B0BDE8F08702AB01AA18
:1007F00069463846E8F7FEF85FEAC97004D003A8F6
:100800000099E8F7B9F950B9DDE900124046F7F769
:1008100047FB00B2002802DD2044304404B20298B5
:10082000A842E3D3002C01DDA01B04B22046DAE786
:1008300010B50146802825D3002301F03F0242F085
:100840008002B1F5006F0AD2C0F3841141F0C001FB
:1008500061F3070062F30F2063F3174010E0C1F368
:10086000851444F08004B1F5803F0CD2C0F303310D
:1008700041F0E00161F3070064F30F2062F31740D9
:1008800063F31F6010BDB1F5881F10D2C1F382431E
:1008900043F0F003C1F3053163F3070041F0800139
:1008A00061F30F2064F3174062F31F6010BD002056
:1008B00010BD00002DE9F04100240F4606462546F4
:1008C000DFF8248007E0D8F800103019884700B915
:1008D000012004446D1CBD4202D2305D0028F2D1DB
:1008E0002046BDE8F0810000F080FF1FF8B5074604
:1008F00000200D460446064E009004E072686946EA
:1009000038469047641C0098A842F7D32046F8BDAB
:10091000F080FF1FF8B500240546074E009404E060
:100920007268694628469047641C0098285C002835
:10093000F6D12046F8BD0000F080FF1F78B50025F5
:100940000446009501B969460A68A05C030601D413
:10095000054634E006260223B6EB501F06D1C0063A
:10096000400D24E004F03F031D1828E00E26B6EBEE
:10097000101F02D10007000C0FE01E26B6EBD00FAF
:100980001DD1521C0A604007A55CC00AB3EB951F3D
:1009900013D105F03F0500EB0530521C0A60A55C41
:1009A000B3EB951F09D105F03F0500EB8510521CF4
:1009B0000A60A45CB3EB941FD4D0002078BD521C15
:1009C00028460A6078BD0000F8B50746086800258B
:1009D000401E0C460D4E086001E0042D13D2206825
:1009E00031683844884718B9216861B1491E2160CF
:1009F0006D1CEDB20028F0D0206800907268694646
:100A000038469047F8BD0020F8BD0000F080FF1F79
:100A10000078010601D4012070470621B1EB501F78
:100A200001D1022070470E21B1EB101F01D103202C
:100A300070471E21B1EBD00F01D104207047002078
:100A40007047000008B5009313460A460146024865
:100A5000E8F70AFA08BD00005D8E00000EB5FF2021
:100A6000E5F722F800211F20E1F72CFC01210320EB
:100A7000E1F728FCE0F762F94FF47A763046E5F7C3
:100A800045FEE0F7B7F9E5F74BF8E4F74BFEF8F76A
:100A9000ADFAFDF70FFD4948E6F706FDE0F7C9FCA2
:100AA000F7F7DCF801231A4645494648E9F7F1F91A
:100AB00044480223012242492C30E9F7EAF941482F
:100AC000032301223E495830E9F7E3F93E4A032166
:100AD0003C48E9F7FBF83D4A04213A48E9F7F6F8C3
:100AE0003848E9F7F7F937482C30E9F7F3F9354892
:100AF0005830E9F7EFF9E0F7AFFC354C6070FDF7DF
:100B00005EFF0546F8F7D4FA0A230022022160604E
:100B1000F9F7C6FD2846F8F7CBFA28230A22012167
:100B2000A060F9F7BDFD2846F8F7C2FA46230A226D
:100B30000121E060F9F7B4FD2846F8F7B9FA64231B
:100B40000A2201212061F9F7ABFD22A16068F9F7C3
:100B500035F923A1A068F9F731F923A1E068F9F785
:100B60002DF923A12069F9F729F90025E5F7AAFD58
:100B7000411BB1421ED3054602AA01A96846E0F70F
:100B8000B1FCE0F7B3F862781BA16068F9F74DF9A2
:100B9000BDF900201CA1A068F9F747F9BDF90420B0
:100BA0001CA1E068F9F741F9BDF908201CA12069F2
:100BB000F9F73BF9FFF726FBD8E70000005C01409E
:100BC000551502007481FF1FAD2501009925010014
:100BD0000880FF1F636869705F69643A202D2D00EB
:100BE000583A202D2D000000593A202D2D000000EC
:100BF0005A3A202D2D000000636869703A20307841
:100C0000253032580000000061636320583A2025E7
:100C10006400000061636320593A202564000000ED
:100C2000616363205A3A2025640000002DE9F041F9
:100C30004FF480740E4607462246F3F756F90546F0
:100C400021463846F2F78CFE002D06D0224631466A
:100C50003846BDE8F041F3F754B9BDE8F081000033
:100C60002DE9FF4F1D468A880B888BB0D21A521C83
:100C700017B2CA8849880446511A491C1C98DDF8E5
:100C800068A00FFA81F9012805D0022805D00328B1
:100C90004DD14F4802E04F4800E04F4880465FEAA0
:100CA0000A002088ADF804002888ADF8080005D0B7
:100CB0009AF80000FD283DD319983EE0DDE90110C7
:100CC0004346199A9847009000202DE0002621E025
:100CD000BDF8080035F81610884205D1BDF80400AB
:100CE00034F8161088420FD004EB460043460088C3
:100CF000ADF8040005EB4600199A0088ADF808002D
:100D0000DDE901109847009004EB4600BDF80010A3
:100D10000180761CBE42DBDB0D9804EB4004189882
:100D200005EB40050AF1010082464845CEDB0FB0D5
:100D3000BDE8F08F19994843000A02460090DDE9AA
:100D4000011043469847099000203DE000262FE01F
:100D50001AF8060058B3FD2801D3199802E0199932
:100D60004843000ABDF8081035F81620914208D112
:100D7000BDF8041034F81620914202D10099814246
:100D800010D004EB460102460988ADF8041005EBCB
:100D9000460143460988ADF808100090DDE90110CE
:100DA0009847099004EB4600BDF824100180761C9A
:100DB000BE42CDDB0D9804EB4004189805EB4005CE
:100DC0001B9882440BF1010083464845BEDBAEE729
:100DD000DFAC000057AC000063AD00002DE9FF4F11
:100DE00006468A8808888BB0101A401C07B2CA8849
:100DF0004888DDE919BA101A401C0FFA80F85FEA3A
:100E00000A001D46584605D0FD287CD9A7F1040BE1
:100E1000002027E1FD2813D300247F000BE03A4691
:100E200029463046F9F716FA0D98641C06EB400681
:100E3000189805EB40054445F1DB0FB0BDE8F08F95
:100E4000002021E0002415E006EB440A5A46BAF8D7
:100E50000000ADF8180005EB44000088ADF8140060
:100E6000DDE90501F3F75CFC0590BDF81410AAF864
:100E70000010641CBC42E7DB0D9806EB4006189896
:100E800005EB400509F1010081464045DADBD4E776
:100E9000D14600241CE000BF99F80020AAB1FF2A27
:100EA00006EB44001AD009900088ADF8200005EB4D
:100EB00044000088ADF81C00DDE90701F3F730FCC1
:100EC0000690BDF818100998018009F10109641C09
:100ED000BC427CDA5FEA8970DED178E005EB440140
:100EE0000988F1E7D9F80000F0B3401C74D099F8F4
:100EF0000020BAB1FF2A06EB44007AD0099000889E
:100F0000ADF8200000E0B6E005EB44000088ADF845
:100F10001C00DDE90701F3F703FC0690BDF818108B
:100F20000998018009F10100059099F80120AAB102
:100F3000FF2A06EB440060D009904088ADF82000FD
:100F400005EB44004088ADF81C00DDE90701F3F72C
:100F5000E7FB0690BDF81810099841800598401CE1
:100F600005900278BAB100E02EE0FF2A06EB4400BB
:100F700047D009908088ADF8200005EB44008088B8
:100F8000ADF81C00DDE90701F3F7CAFB0690BDF8D8
:100F900018100998818005984278AAB1FF2A06EBBB
:100FA000440032D00590C088ADF8200005EB440025
:100FB000C088ADF81C00DDE90701F3F7B1FB06902E
:100FC000BDF818100598C18009F10409241D5C457D
:100FD00088DB3BE000E00CE005EB440006EB44015D
:100FE00002880A8042884A8082888A80C088C880B5
:100FF000EAE705EB4401098893E705EB44014988DA
:10100000ABE705EB44018988C4E705EB4401C988D7
:10101000D9E700BF99F80020AAB1FF2A06EB4400E7
:1010200025D009900088ADF8200005EB4400008829
:10103000ADF81C00DDE90701F3F772FB0690BDF87F
:1010400018100998018009F10109641CBC42E1DB18
:101050000D981B9906EB400618988A4405EB40054D
:101060000198401C01904045FFF612AFE5E605EB04
:1010700044010988E6E700202DE000241FE000BFBE
:101080001AF80400D0B1FD2801D35A4602E000FB53
:101090000BF0020A06EB440003900088ADF818003C
:1010A00005EB44000088ADF81400DDE90501F3F715
:1010B00037FB05900398BDF814100180641CBC42F6
:1010C000DEDB0D981B9906EB400618988A4405EB69
:1010D000400509F1010081464045CEDBADE6000048
:1010E0002DE9FF4F85B09A460C46DDF850B0E7F782
:1010F0001BFC0390A0882188401A401C06B2E0889F
:101100006188401A401C0FFA80F8BBF1000F01D033
:1011100000204BE000271DE0002515E01398029009
:101120000AEB4500079A0088ADF80400608838444F
:1011300000B2009020880599284403B20398006803
:10114000D0F81CC0E0476D1CB542E7DB12997F1C4C
:101150000AEB410A4745DFDB09B0BDE8F08F002507
:101160001BE000BF1BF80500B0B113994843000A0B
:1011700002900AEB4500079A0088ADF804006188E8
:1011800001EB090000B2009020880599284403B2C1
:1011900003980068C769B8476D1CB542E2DB159932
:1011A00009F101008B4412990AEB410A814640453E
:1011B000D5DBD1E770B515460E460446802805D22A
:1011C000E117002004EB9171891006E002F0E4FDC4
:1011D000411FCC4084F02001801F3060296070BD29
:1011E000FD2902D2022901D80020704710FB01F02E
:1011F00000EBC01101EBC030C0F3C75070470000D6
:1012000070B5094D04466868002808D044B12046EE
:10121000EFF744FEA9682044884200D3002070BD47
:101220000248006870BD00006080FF1FBC80FF1F87
:10123000002902D00068091D42507047002901D0E2
:1012400000684250704700002DE9F041044600223A
:101250002121F6F7D7FC00287ED0608C40F4805026
:10126000608401E0FFF7F0FF00212046FAF776F9ED
:101270000028F7D12046FAF71FFA06460020F7F7B4
:10128000F5FD054600271CE0A86AA04202D0E86AE6
:10129000A04203D121462846F7F738FE686BA042EA
:1012A00000D16F63686DB04207D1F7F7E9FDA04246
:1012B00003D121462846F7F729FE2846F7F7D6FD41
:1012C0000546002DE0D12046E7F738F9606804268E
:1012D0000028204602D0FAF7FAF92AE0FAF7BEF918
:1012E00005460020EA68696A05E000BF52F8203030
:1012F000A3420AD0401C8142F8D806E0E96806EB18
:1013000080028A5841F82020401C696A491E8142A7
:10131000F4D8686A401E81006862E868F8F782FFC6
:10132000E8601DE0096806EB80028A5841F8202039
:10133000401C616889684A68521E8242F2D860681F
:1013400080684068401E486061688200896808685B
:101350001146F8F767FF00E007E0616889680860F8
:101360002046BDE8F041F8F739BFBDE8F081F0B59F
:101370000027DDE905458E1A012B05DC03280CD07A
:1013800004280AD0052808D0891A09B206282AD2CA
:10139000DFE800F0290A0320140E2F80208806EBD6
:1013A000D67100EB61001CE02F802088304418E0EB
:1013B0005B1E18B291FBF0F02880F0BD91FBF3F0BA
:1013C0002988084400B22880218800EBD07001EB06
:1013D000600006E05B1C18B291FBF0F028802188C9
:1013E00008442080F0BD2F80F0BD2DE9F05F054658
:1013F0000C46501E53B12188A1EB620121800844A4
:10140000A080E88A6080688BE08009E06188A1EBB9
:10141000620161800844E080A88A2080288BA08037
:101420004FF4403631462846FAF79AFF8146314656
:101430002846FAF7D7FF824631462846FBF726F8BA
:10144000804631462846FAF737FF8346314628461C
:10145000FBF71EF9074631462846FBF70DF9014612
:10146000208809EB0702801A2080A0880AEB070277
:101470001044A080608808EB0102801A6080E08838
:1014800059440844E080BDE8F09F70B50446EFF78A
:101490004FFF05001DD0FAF714F906462046FAF76B
:1014A000A2F8864215DD00212846FBF794F806894C
:1014B00000212846FBF7B6F8E18E3044414309B2DB
:1014C0000022606AFCF730FC606ABDE87040FBF700
:1014D000CABC70BD2DE9F047064690F86000400791
:1014E0002FD5706AF8F77FF8174909688847040014
:1014F00027D03046FEF71CFD8146DEF752FF074637
:1015000004FB07F0401CF8F70BFE8046002506E0C0
:1015100005FB07803A464946F8F79CFE6D1CA5423C
:10152000F6D37D43002108F805104146706AF8F7AC
:1015300045FC4046F8F740FE3046BDE8F04700F075
:1015400091B9BDE8F08700000881FF1F704700686F
:10155000FFF7C0BF10B5012804D0022804D003282B
:1015600007D108E0202100E040210020E0F72CFE18
:1015700018B1002010BD1021F7E7012010BD0000B8
:101580002DE9F04F544E054689B070680168CC6B68
:10159000C96889682160016809698A0701D4C90797
:1015A00023D0F3F709FB401E07B27068F3F7BEFAC9
:1015B000401E03B20022114601A80097F1F7BFFFB9
:1015C00001A9616070680068027CC068920705D557
:1015D000826942F002028261A16076E081698269DB
:1015E00061F341028261A5606FE0A9882A88891AA7
:1015F000491C0FFA81F9E9886A88891A491C0FFA8F
:1016000081F8F3F7D9FA0146B5F90600814203DC07
:101610007068F3F7D1FA401E07B242464946B24617
:101620007068EFF7F7FE81460026B5F902000DF16C
:101630000C0B28E02A88ADF80C20AA88ADF8102001
:10164000ADF80E00ADF81210C4F804B0C4F808B03C
:10165000DAF804000168C96889682160BDF91210D0
:10166000B94201DDADF81270BDF91260B74205D183
:101670000068C068816941F002018161204600F084
:101680002DF80FFA88F000EB0908A8F10101B94222
:10169000D0DDB7421CD02988ADF80C10A988ADF870
:1016A0001010ADF80E00ADF81270C4F804B0C4F814
:1016B00008B0DAF804000168C96889682160006828
:1016C000C068816941F002018161204600F006F89E
:1016D00009B0BDE8F08F00005880FF1F2DE9F041F0
:1016E0005F4C074694B06068F3F71CFAF96805464A
:1016F00009B138468847606800680188408811FB56
:1017000000F0E968884201D1012000E0002029684A
:1017100059B1696831B128B907E060680068816A29
:1017200001B1884728690028F7D100256068F3F7E0
:101730002DFA7A6801461046FCF7E0FE064660681E
:10174000416919B17868FCF7D9FE054656EA0500EB
:1017500051D16068F3F730FA401E0FFA80F86068E4
:10176000F3F7E4F9401E03B20022114611A8CDF8A8
:101770000080F1F7E4FE386BB0B103A8F4F708FD80
:10178000606811AAC16A079190F829108DF8261097
:10179000418DADF8101090F829008DF80F003B6BCB
:1017A00003A93846984726E06068C06A98B1694640
:1017B000F7F7A8FA01281ED103A8F3F75FFC6068C9
:1017C00011AA90F829108DF81710C36A03A938469A
:1017D000F3F720FC0FE003A8F4F7DAFC6068418D12
:1017E000ADF8101090F829008DF80F0003A93846C5
:1017F0007A68F4F7B9FC606890F82810C9070CD033
:1018000006B906693846314600F096FA60684069C4
:1018100090B105B9054629460BE0406928B105B9E4
:1018200005462946384600F087FA0EB96068066911
:101830003146384600F080FA6068F3F795F90146C2
:10184000384600F079FA6068F3F786F901463846C1
:1018500000F072FA606814B0BDE8F041EAF7C0BB6E
:101860005880FF1F2DE9F04F89B004460021FAF798
:10187000BEFE059000212046FAF7ECFE0790606C52
:101880000690606AF7F7AFFE724A824606991268C0
:101890009047DFF8C4B106460AEB0600DBF80020EB
:1018A000814600219047054605982F46B0F90880EB
:1018B0003846F0F778FB00B120270022394605981A
:1018C000F6F7EEFA07B202AA606A0699F7F7A0FDEA
:1018D000606AF7F788FE02460021606AF9F75CF952
:1018E000616ABDF90820B1F91430B1F918101A4431
:1018F0003A448A4227DD94F86010090723D403286C
:1019000021D00020ADF808000798BDF80A20404417
:101910001044ADF80A005DB150494846096888474F
:101920000644DBF800200AEB06000021904705463C
:101930002846F0F738FB00B12025002229460598FB
:10194000F6F7AEFA07B24FF4E02B2046594626656B
:10195000FAF7FEFB054659462046FAF7A9FD00EBCB
:10196000050A204611225946FAF7A8FD00EB0509A1
:1019700059462046FAF706FD4619204613225946D5
:10198000FAF79CFDBDF808302844991BBDF80A20E1
:10199000ADF80C1018447F1EA2EB0A013844ADF8D4
:1019A0000E10ADF8100002EB0901A8F10100084487
:1019B000ADF8120004F148010D466846F1F75EFDEE
:1019C000606ABDF80010828A1144ADF80010BDF8BD
:1019D0000210C08A0844ADF80200606ABDF8041025
:1019E000808A0844ADF80400606ABDF80610C08A19
:1019F0000844ADF8060069462046FBF757FA03A9EC
:101A00002846F1F73BFD29466846F1F737FD606A45
:101A1000BDF80010828A1144ADF80010BDF8021024
:101A2000C08A0844ADF80200606ABDF80410808ADC
:101A30000844ADF80400606ABDF80610C08A084486
:101A4000ADF8060069462046FBF730FA09B0BDE85C
:101A5000F08F0000F880FF1FF480FF1FF080FF1F51
:101A60002DE9F0412B4C002020606068B0F8505107
:101A7000002D4DD0002703E0411991F83011D1B16C
:101A80006D1EF9D50068416B01B188476068016837
:101A9000C9688A6922F001028A610168C9688A6995
:101AA00022F002028A6190F82810002641F0040119
:101AB00080F8281022E02F46E4E7811991F83011D0
:101AC000D9B9BE4205D10168C9688A6942F00102EC
:101AD0008A610168C9688A6922F002028A6100EBA2
:101AE000C6003030FFF74CFD606800EBC6003030B8
:101AF000F1F7DFFC216808442060761C6068B0F8CC
:101B00005011B142D9DC10F8281F21F004010170F6
:101B1000BDE8F0815880FF1F2DE9F04F0C4682464A
:101B20008BB001212046FAF7DFFE00287ED1204647
:101B3000E6F718FD050027D0204600216122FAF7BC
:101B4000BDFC00F0FF09B9F1020F6FD36B462A46C6
:101B500021465046F0F791FC012867D10127002269
:101B600004F114016846E5F724FEA8B100208DF8C1
:101B70002000CDF824D008AA12212046F6F742F81A
:101B80009DF8200038B107E00BB021465046BDE873
:101B9000F04FFBF75ABB0027012D01D147F0020798
:101BA0003A4669465046F3F753FD05003ED02046BD
:101BB00000216F22FAF782FC00B260F30F06804624
:101BC000204600217022FAF779FC01B2C8F34130B7
:101BD000642261F31F464FF4FA634FF47A7B0128C5
:101BE00017D128F4C040984213DCB4F818C0B4F8F8
:101BF00014805845ACEB080C0CF1010C0FFA8CFC6E
:101C000001DDC0F57A700CFB00FC9CFBF2F060F388
:101C10000F06C1F34130012813D121F4C04098428E
:101C20000FDC618BE38AC91A491C00E07EE009B22F
:101C3000584501DDC0F57A70414391FBF2F060F345
:101C40001F4602A8F3F71AFA8DF8139020460021D8
:101C50006E22FAF733FC00B2ADF80800B0F5616F00
:101C600002DDA0F5616003E0002803DA00F56160A1
:101C7000ADF80800204600216D22FAF71FFCADF8F0
:101C80000A00204600216822FAF718FC8DF814009B
:101C9000284840680068007CC0F3C0008DF81C0034
:101CA000B8070ED5D5E90001C5E902016889698A3E
:101CB0000844401E01B2E981B5F90600814200DD09
:101CC000E881B5F90A00BDF9061088422ADCB80798
:101CD00005D53B462A4651462046F0F79BFB214658
:101CE0005046FBF7B2FAA08A02AA8119DAF804007A
:101CF0000088081AADF80C00E08A00EB2641DAF8FB
:101D000004004088081AADF80E0029465046F3F743
:101D10009AFCB80706D5E889401C6881698A08449E
:101D2000401ECDE729465046F3F7C3FC0BB0BDE893
:101D3000F08F00005880FF1F2DE9F0470C0081460E
:101D400005D11B484068F2F721FF04002AD0214644
:101D50004846FFF7E1FE1FE00027F9F711FC0646B1
:101D6000002508E0A068006850F82510E7B1484653
:101D7000FFF7D2FE6D1CB542F4D34A461721204628
:101D8000F5F740FF4A4618212046F5F73BFF4A4643
:101D900019212046F5F736FFA0464046F9F7D2FC58
:101DA0000400D9D1BDE8F0874145E3D10127E1E73F
:101DB0005880FF1F2DE9F04792B088460646EFF79E
:101DC000BEFA05006BD0F7F70EFC0246002128464C
:101DD000F8F7E2FE012838D0022802D0032819D1F2
:101DE0000CE03046F9F719FC04462846FAF733FDB3
:101DF000201A00EBD07040F34F0108E03046F9F7AD
:101E00000CFC04462846FAF726FD201A01B22846A3
:101E1000FCF7CFF900213046FAF7E3FB0446002136
:101E20003046FAF70BFC8246B4F908703046F9F7F1
:101E3000DAFB8146304600216522FAF73FFB84B287
:101E4000B8F1000F03D014B104E00021DFE7304601
:101E5000EFF7C6FEF18C07EB0A00484309EBD97196
:101E6000491007EBD772A1EB6201081A06B2B8F16C
:101E7000000F17D0B4B16846F0F7BEFD0F48CDE9AA
:101E800000502846FAF709FD0B940890CDE90906A1
:101E90000B4803900B4807906846F0F709FE12B014
:101EA000BDE8F08705492846F0F75EFD12B03146DF
:101EB0002846BDE8F047FCF792B90000032802006D
:101EC000572302002D2A01002DE9F04F0C464FF454
:101ED000A02689B005463146FAF74EFA07903146FA
:101EE0002846FAF78BFA834631462846FAF7DAFA9B
:101EF000824631462846FAF7EBF9814631462846B4
:101F0000FAF784FB069031462846FAF79DFB804697
:101F100031462846FAF768FB059031462846FAF71D
:101F200059F9074631462846FAF74EF906461CE0AD
:101F3000079BCDF808B0CDE90083CDE903A9DDE921
:101F40000523A1B22846EFF7DFFBB04201DA0146D4
:101F500000E03146B94201DA384602E0B04200DB27
:101F60003046E96A21F81400641CE88CA042DFD8EE
:101F70002846FBF73DFC09B02846BDE8F04FFAF7CC
:101F800072BF00002DE9F04F464C8DB060680168CB
:101F90000A7CD2077ED0C968496800297FD000F545
:101FA000AC70E6F78EFA002879D160680168CA68DB
:101FB00093680C9311688B4200D151688946F2F7FF
:101FC000B5FD0B90202103A8DEF7E0F90025A0461F
:101FD0003CE0411991F83011B9BB00F5AC70E6F75F
:101FE000ECF90646A0462EE0D8F8040031464446F7
:101FF00000F5AC70E6F7E5F983466068314600EB22
:10200000C50203A83032E5F703FB0746401C19D090
:1020100000240DF10C0A09E0E6F704FA0AEBC4010A
:10202000641C0A6802604968416064B2D8F8040020
:10203000BC42314600F5AC70EEDBE6F74BFA3046B9
:10204000F8F7CCF85E46002ECED16D1CD8F804000F
:102050004446B0F85011A942BBD8254600F5AC70F3
:10206000E6F7ABF912E00B98CDF80090CDE901044A
:102070006868DDE90B2100682346C06B866BB047BA
:102080006868214600F5AC70E6F79BF90400EAD1D8
:10209000686800E003E000F5AC70E6F778F90DB091
:1020A000BDE8F08F5880FF1F2DE9F0410746F9F792
:1020B00067FA0546002412E0B868006850F824600A
:1020C0003046FAF7D0FE00222A213046F5F79AFD75
:1020D0003046FAF7C8FE3046FFF7E6FF641CAC4214
:1020E000EAD3BDE8F08100002DE9FE4F0446EFF78A
:1020F00026F9060009D0F6F7B3FE8046F6F7F1FEA2
:10210000042805D0022803D012E00120BDE8FE8F8C
:10211000E28C2146228504280AD10846F9F7CCFA38
:102120000546F6F7EFF918B100212846F6F758FAF8
:102130004046F6F7D6FE012804D04046F6F7D1FE19
:10214000032863D1A06A800331D400256946404644
:10215000F6F79CFEBDF80200F18A401AADF80200C5
:10216000BDF80000B18A401AADF80000694630465B
:10217000F7F750F807463046F7F735FA8246002061
:1021800080460646DFF8949001900DE0D9F80020D3
:1021900001A9504690470A2803D1B84501D06D1CCB
:1021A0002DB2DDF80480761CBE42EFD327E000217B
:1021B0002046FAF716FA054600212046FAF73EFABD
:1021C0002989B4F91A200844B4F9161007B2501A34
:1021D00000EBD07001EB600005B20C214046F6F731
:1021E000E6FEF18A084400B2281A90FBF7F00028B6
:1021F00000DA0020A18C814200DC481E05B2002DCF
:1022000004DBA9B201222046FCF7ABFBE08C029074
:1022100002AA1C212046F5F7F5FC77E7F480FF1FA2
:1022200070B5D1E90245D5B1D4B1E560AC6000EB41
:10223000C21505EB8305EE6B8E420FD1EC63844231
:102240000CD100EB820501216C6901FA03F39C4378
:102250006C6103D1036991408B43036170BDFEE75C
:10226000FEE72DE9F0410C46498C06460020C1F3FB
:1022700005110EE026B1E26852F83020B24207D1D3
:102280004FF6FF724FF470212046FBF7C9FA02E0C7
:10229000401C8142EED82046F9F772F90746002526
:1022A00007E0A068006850F825103046FFF7D9FF16
:1022B0006D1CBD42F5D3BDE8F0812DE9FF5F984666
:1022C000DDE90E54DDE911A6DDE9149BE6F72CFBF0
:1022D00000683146876B4846F8F7BCF80020034693
:1022E00030E010990AFB00F2414305EB212104EB99
:1022F000222209124FEA222209D4DDF804C06145E6
:1023000005DA002A03DBDDF808C0624502DB09F8C4
:1023100000300AE002FB0811DDF800C0139A0CEB54
:10232000410102EB400209881180BBF1060F07D181
:102330001399BAB231F81010914201D109F8003066
:10234000401C00B2B042CCDBBDE8FF9F0022006819
:102350000A21F5F757BC10B50068F9F7F3F9BDE8A5
:102360001040EFF73DBC00002DE9FF4F85B09046CF
:102370000C460846F9F7E6F906461021FAF7B4FAD2
:1023800000286FD03046F9F73BFA834600253046E7
:10239000F9F703FB1434CDE9024000B9059C002194
:1023A0003046F9F7C3FE824600213046FAF74AF874
:1023B000504407B200213046F9F760FF504400B2A4
:1023C0000190F08A61883844421AB8F80210501A15
:1023D0000FFA80F9728B0198101AE288801A081A95
:1023E00000B200903046F9F76CF9C11B0198081A49
:1023F00000B20490B9F1000F0CDB0098002814DA49
:10240000B9F1000006DD05463046F9F7CDFA401B6C
:102410000AD40AE00098002807DD404205B23046A1
:10242000F9F79CF9E84200D500250398012804D06B
:10243000022807D003280DD115E0F08A61883844BE
:10244000294421E0718B0198091AE0882844081A70
:10245000284405B200243046F9F798FA0090A8B154
:10246000029F14E0BDE00498F18A00EBD07007EB06
:1024700060000844E2886188521A521C12B202EBD2
:10248000D27205EB62021144401AE1E7059F002178
:102490003046F9F747FF50440FFA80F900213046E3
:1024A000F9F782FF5044B18A0FFA80FA01EB090074
:1024B0003988338B421AB8F80010501AA3EB0A027D
:1024C000BB8800B2D21A891A09B200280ADB002997
:1024D00012DA002806DD04463046F9F799F9001BA8
:1024E00009D409E0002907DD484204B23046F9F773
:1024F000EFF9E04200D500243046FAF7ACF9A0EB42
:102500000901A1EB0A00009900B2012904D00229B7
:1025100007D003290DD122E0B18A01EB09003988E7
:1025200003E0318BA1EB0A00B9882144401A204412
:1025300004B22D493046F0F717FA07462B493046CA
:10254000F0F712FA384306D000220A213046F5F798
:1025500059FB012845D15FEACB7011D013E000EBA5
:10256000D072B18A09EB62000844B9883A88891AA6
:10257000491C09B201EBD17104EB61011144D5E7AB
:10258000002C00DA00245FEA8B7002D4002C00DDFE
:1025900000245FEA4B7002D4002D00DA00255FEAC8
:1025A0000B7002D4002D00DD00250898B8F900104A
:1025B000002800D020460844A8F80000B8F902100E
:1025C00002D14FF0000000E028460844A8F80200BD
:1025D000089B09B02A4621463046BDE8F04FFBF77C
:1025E00061BA09B0BDE8F08FDF260200C7260200FD
:1025F00030B5AAB1B0F91A30B2F900401D19B0F9DE
:102600003640A54201DAE31A1380B0F91A40B2F954
:102610000030E518B0F93A309D4201DD1B1B1380F4
:10262000002915D0B0F91830B1F900209C18B0F984
:102630003420944201DAD21A0A80B0F91820B1F994
:102640000030B0F938001344834201DD801A08805D
:1026500030BD1CB50446828EC18E6B46EEF727FC5A
:10266000BDF90000002801DA40420CE02046FAF7EC
:10267000F2F8BDF9041088420BDA2046FAF7EBF8BD
:10268000BDF80410401A01B2012300222046FBF7D6
:1026900099FABDF90200002801DA40420CE0204618
:1026A000F9F70FF8BDF9061088420BDA2046F9F762
:1026B00008F8BDF80610401A02B201230021204696
:1026C000FBF780FA1CBD10B50346F9F774F908440E
:1026D00001B2BDE8104000221846E5F749BF10B529
:1026E0000346F9F76FF9084402B2BDE81040002133
:1026F0001846E5F73DBFF8B505460C460846F3F722
:1027000047FD4FF4803631462846F9F7F5FCE07076
:10271000022808D9284631462022F9F7CFFE00903A
:10272000BDF80000A080284631463122F9F7C6FEE8
:10273000C0B2002784F82200022814D92846314666
:102740003222F9F7BBFE00B22084002809DD2846BA
:1027500031463022F9F7B2FE0090BDF80000E08368
:1027600001E084F82270284631464522F9F7A6FE9A
:10277000C0B284F8360002281AD9284631464022D1
:10278000F9F79CFE00B2E08500280FDD28464322C1
:102790003146F9F793FEA086284644223146F9F7E0
:1027A0008DFE0090BDF80000A08501E084F8367031
:1027B00031462846F9F71AFDFD280AD2E17811FBC7
:1027C00000F1090AE1704143080A84F8220084F804
:1027D0003600E07830B994F8220018B994F8360041
:1027E000002805D031462846F9F7B2FE20800120A6
:1027F000F8BDA0F84410FAF736BBA0F84610FAF777
:1028000032BB09B2FBF7EBBC2DE9F84F04464F1081
:1028100091460D464FEA610AC80700D17F1E60004D
:102820008346F7F77DFC06464B46002026E000BFB6
:1028300003EB4400009030F8021C6943601E15D47D
:10284000002200EB0A0C26F81010A44501DA33F838
:102850001C208A1AC11B012901D5198803E003EB4A
:10286000410131F8021C401E1144E9D55A46314657
:102870001846F7F7EFFC009B08F101008046A042E4
:10288000D6DB4FF47F51B1FBF5F2002093B214FB7D
:1028900004FC0CE039F8102042B18A4202D129F838
:1028A000103003E092FBF5F229F81020401C84451B
:1028B000F0D8002039E000BF09EB400293461388AE
:1028C0006B43002123E0002B02DA4FF0000C01E003
:1028D0004FEAA31C26F811C0A1EB0A0CBCF1000FB3
:1028E00002DCB2F800C003E00CFB040839F818C0A1
:1028F000A3EB0C0CCB195B1CA34200DB631E03FB98
:10290000040802EB440239F81830491C6344A14220
:10291000D9DB5A46002105E036F81130138002EB6E
:102920004402491CA142F7DB401CA042C4DB3046F4
:10293000BDE8F84FF7F740BC2DE9F0470E468AB0E6
:102940001F468046014615469146D41907A8F0F760
:1029500071FD05EBD57007EB600145F30002891AA4
:10296000891EADF82010012101EB6000ADF81E00BA
:102970004046F0F7B8FDBDF82010081AADF81C006D
:102980004046F0F784FDBDF81E1000230844ADF862
:1029900022003A4607A901A8F3F72AFB4D46B9F1F0
:1029A000010F01D04FEA69052046F7F7B9FB8246CF
:1029B000B046002734E021465046F7F74BFD01A80A
:1029C0000090DDF804C023B23AB200215046E0473F
:1029D00040B19AF80000800190FBF5F1A8F80010D2
:1029E000012018E061004046F7F706FD15E000BF42
:1029F0000AEB00021AF8001012F8012C914204D1DF
:102A000008EB400131F8022C02E0890191FBF5F25C
:102A100028F81020401CA042EADB08EB44087F1C89
:102A2000A742C8DB5046F7F7C7FB01A8F3F758F8F1
:102A3000012D14D020B2324629460746FFF7E4FEA6
:102A400009F00100284401B2012926DD4FF47F502E
:102A500090FBF1F2002093B204FB04F517E0002094
:102A6000644304E036F810108A093254401C844252
:102A7000F8DC0AB0BDE8F08736F8102032B1FF2A42
:102A80000ED0920192FBF1F226F81020401C8542F4
:102A9000F2D832463846FFF7B7FE0020644307E01D
:102AA00026F81030F2E700BF16F810103154401C21
:102AB0008442F9DCDDE7F0B597B0074614460D46D1
:102AC00001A8F3F765FBFF2211461046F1F792FDCE
:102AD0000090BDF800000090BDF80000ADF80800BF
:102AE00000262A4601A93846F3F73EFB0FA8F2F765
:102AF0007FFD23462A460FA938460096F2F7D8FAFA
:102B000017B0F0BD30B591B005464FF4E021652215
:102B1000F9F7D4FC040017D06846EFF76DFF0F48B3
:102B20000B94CDE9005001200E9400210890CDE9CE
:102B300009010B4807904FF6FF70ADF8400068465A
:102B4000EFF7B6FF11B030BD04492846EFF70CFF90
:102B500015F8540F40F001002870F3E7A7AF00000C
:102B6000852A01002DE9FC47FE4DFF4C95F8200019
:102B7000C00703D0FD48F1F711FD03E00421122046
:102B8000FBF7AAFB0090BDF80000608095F82000DC
:102B9000C00704D005211220FBF79EFB03E00421AF
:102BA0001220FBF781FB0090BDF80000A08095F893
:102BB0002000C00703D0EE48F1F7F0FC01E0F1F788
:102BC00077FE0090BDF80000E08095F82000C00777
:102BD00003D0E848F1F7E2FC03E002211220FBF702
:102BE0007BFB0090BDF800002081E068D03000F051
:102BF00087FDE068D83000F083FD00264620CDE94F
:102C00000006D8485023DC4ADC492838FCF7C2FCCF
:102C1000D44800965023D84AD84914380196FCF776
:102C2000B9FCD049E0682839D030FCF7AAFCCD497E
:102C3000E0681439D830FCF7A4FCE068083000F0F4
:102C40005FFD95F82000C00704D002211220FBF799
:102C50002BFB02E01220FBF759FB0146E06808302D
:102C6000FCF744FBE06847F6FF7A51460830FCF772
:102C70004EFC0721E868F1F735FE0146E0680830B0
:102C8000FCF794FB0521E868F1F72CFE0146E068AB
:102C90000830FCF77AFCE06866210830FCF735FB69
:102CA000B049E06814390830FCF76BFCE06810307C
:102CB00000F026FDE068FF211030FCF726FBE068FD
:102CC00000F01EFDFF21E068FCF71FFB6088ADF8F7
:102CD00000000099E068FCF709FBA088ADF800004F
:102CE0000099E068FCF732FC607801287ED0022869
:102CF000E8687CD05FF00A01F1F7F4FD0146E06876
:102D0000FCF777FB6078012872D00228E86870D061
:102D10005FF00A01F1F7E6FD0146E068FCF75DFBB4
:102D2000E068183000F0ECFC60780128E8687DD09D
:102D30005FF00801F1F7D6FD0146E0681830FCF7B6
:102D4000E6FBE068FF211830FCF7DFFAE088ADF819
:102D50000000E06800991830FCF7C8FA2089ADF847
:102D60000000E06800991830FCF7D3FA0221E86807
:102D7000F1F7B8FD0146E0681830FCF7DDFAE068CD
:102D800001211830FCF7D0FAA088ADF80000E06807
:102D900000991830FCF7DAFB607801287ED0022811
:102DA000E8687CD05FF01001F1F79CFD0146E06817
:102DB0001830FCF7FBFA6078012871D00228E86827
:102DC0006FD00A21F1F78EFD0146E0681830FCF75C
:102DD00010FB6078012865D00228E8687ED00A21BF
:102DE000F1F780FD0146E068183003E07FE081E004
:102DF00082E084E0FCF7F1FA1220FBF787FA014643
:102E0000E0681830FCF7A8FA0121E868F1F76AFDDC
:102E10000146E0681830FCF7AAFAE068A03000F03C
:102E20006FFC504EE068283EB16B00E069E0A030D6
:102E3000FCF7A5FA0321E868F1F754FD0146E068C4
:102E4000A030FCF7AFFA0321E868F1F74BFD01462B
:102E5000E068A030FCF7A2FAE0687F21A030FCF720
:102E600099FAE068A83000F04BFC708FADF80000D4
:102E7000E0680099A830FCF782FA0321E868F1F7CE
:102E800031FD0146E068A830FCF78CFAE0687F214C
:102E9000A830FCF77FFAE068203004E033E035E04A
:102EA00036E038E039E000F02BFC6078012839D0BA
:102EB0000228E86839D00821F1F714FD0146E068DE
:102EC0002030FCF724FBE068FF212030FCF71DFADE
:102ED0002089ADF800000099E06800E020E0203093
:102EE000FCF704FA95F82000C00720D070E00E210E
:102EF000E86801E70C21FFE60E21E8680AE70C21EB
:102F000008E70C2116E71821E8684DE714214BE784
:102F10000E21E86856E70C2154E70E21E8685FE7C8
:102F20000C215DE71021E868C6E70C21C4E71220F8
:102F3000FBF7ECF90146E0682030FCF7ECFA0020E2
:102F4000F1F7E2FD00EB40004FF4A07950304FF074
:102F5000A008484517DB0020F1F7D6FD00EB400044
:102F600050300DE0200301205481FF1F1A17150077
:102F7000302B280037322F00612A0100D85C020074
:102F800090FBF8F000E0012001B2E0682030FCF78F
:102F9000D5FAE0687F212030FCF7CCFA0020F1F769
:102FA000B3FD502707EB8000484507DB0020F1F711
:102FB000ABFD07EB800191FBF8F000E0012001B2CE
:102FC000E868F1F78FFC0146E0682030FCF7AEFAC4
:102FD000A088ADF80000E06800992030FCF7B6FA50
:102FE000E06800F12008607801287DD00228E868B8
:102FF0007BD01021F1F776FC074601464046FCF7EE
:10300000F0F939464046FCF7F0F9E06800F1200895
:10301000607801286AD00228E86868D05FF00A0169
:10302000F1F760FC074601464046FCF7E6F93946F1
:103030004046FCF7CEF90521E868F1F753FC01465C
:10304000E0682030FCF7C9F90521E868F1F74AFC8F
:103050000146E0682030FCF7CCF9FF49FD480860E4
:103060000831FE480860E068583000F049FBE0682D
:10307000F9495830FCF768F9E06823215830FCF72B
:1030800067F9E068603000F03BFBF349E068083125
:103090006030FCF759F9E0687F216030FCF758F99F
:1030A000E068C03000F02CFBE0680121C030FCF784
:1030B00047F9E0680121C030FCF736F9E06880305C
:1030C00000F01EFB607801287ED00228E8687CD0E2
:1030D0005FF01001F1F706FC0146E0688030FCF774
:1030E00065F96078012803E0C7E2C9E2CAE2CCE2F0
:1030F0006CD00228E8686AD05FF01001F1F7F2FBAB
:103100000146E0688030FCF774F9607801287DD0D2
:103110000228E8687BD01021F1F7E4FB0146E06863
:103120008030FCF75AF9E068783000F0E9FA60780E
:1031300001286DD00228E8686BD00A21F1F7D2FB94
:103140000146E0687830FCF731F9E06800F1780872
:10315000607801287ED00228E8687CD05FF00A0100
:10316000F1F7C0FB074601464046FCF742F93946F5
:103170004046FCF732F9E068883000F0C1FA0A21D5
:10318000E868F1F7AFFB0146E0688830FCF731F9F9
:103190000A21E868F1F7A6FB0146E0688830FCF7F1
:1031A0001CF9E068903000F0ABFA1421E868F1F700
:1031B00099FB0146E0689030FCF7D7F9E068983059
:1031C00000F09EFA022103E061E263E264E266E25B
:1031D000E0689830FCF7B6F9E068683000F090FAE3
:1031E000E06800216830FCF7E1F8E0680021683011
:1031F000FCF7FFF8E06800216830FCF7EEF8E068C3
:10320000703000F07DFA6078012803E049E24BE27B
:103210004CE24EE27ED00228E8687CD05FF00201EA
:10322000F1F760FB0146E0687030FCF7BFF86078AA
:10323000012871D00228E8686FD00221F1F752FB13
:103240000146E0687030FCF7D4F86078012865D05A
:10325000022801E02FE231E2E8687DD05FF0020150
:10326000F1F740FB0146E0687030FCF7B6F8E06823
:10327000283000F045FAE068B16B2830FCF736F8EA
:10328000F1F716FB0146E0682830FCF75FF9E068CB
:10329000FF212830FCF739F8E068303000F030FAD0
:1032A000E068B16B3030FCF721F8E068B16B30308A
:1032B000FCF74CF9E06833213030FCF726F8E06881
:1032C000383000F01DFA708FADF80000E06800990A
:1032D0003830FCF70BF8F1F7EBFA0146E0683830CC
:1032E000FCF734F9E068FF213830FCF70EF8E068AD
:1032F000403000F005FA708FADF80000E0680099EA
:103300004030FBF7F3FF708FADF80000E0680099E4
:10331000403004E0D4E1D6E1D7E1D9E1DAE1FCF7CD
:1033200015F9E06833214030FBF7EFFFE0684830E3
:1033300000F0E6F92089ADF80000E0680099483017
:10334000FBF7D4FFE068FF214830FBF7DEFFA088E1
:10335000ADF80000009900E0BFE1E0684830FCF7FC
:10336000F5F8E068503000F0CBF9E088ADF80000E7
:10337000E06800995030FBF7B9FFE068FF2150305A
:10338000FBF7C3FFA088ADF80000E068009950305B
:10339000FCF7DCF8E068B03000F0B2F9E0685746BE
:1033A0005146B030FCF7B3F8E068B83000F0A8F947
:1033B000E0680021B830FCF7AAF8E068C83000F0F7
:1033C0009FF90321E868F1F78DFA0146E068C830FB
:1033D000FCF7D3F80321E868F1F784FA0146E068C6
:1033E000C830FCF7C6F8E068F03000F089F9E06812
:1033F000B16BF030FBF77AFFE068FF21F030FBF7AC
:1034000084FF0621E868F1F76DFA0146E068F030C4
:10341000FBF7CCFFE0683946F030FCF778F8E0685D
:10342000E03000F06DF9E068C821E030FBF747FFBD
:10343000E068E83000F064F9E0687821E830FBF7F4
:103440003EFFE06800F5807000F05AF92089ADF881
:10345000000005E015B000006481FF1F9119010014
:10346000E068009900F58070FBF72DFF0F21E868F8
:10347000F1F738FA0146E06800F58070FBF732FF9B
:10348000E068012100F58070FBF728FFE06800F597
:10349000847000F035F9E068B16B00F58470FBF7DB
:1034A00012FFE06800F5887000F02AF9E0684FF438
:1034B000827100F58870FBF75EFFE06800F58C70A4
:1034C00000F01EF90321E868F1F70CFA0146E06804
:1034D00000F58C70FBF76AFF0221E868F1F702FA49
:1034E0000146E06800F58C70FBF726FFE068B16BE1
:1034F00000F58C70FBF70DFFE088ADF80000E06888
:10350000009900F58C70FBF7F1FEE068FF2100F5F3
:103510008C70FBF7FAFE60780128E8687ED00821FD
:10352000F1F7E0F900EBD0704110E06800F58C7025
:10353000FBF7EDFFE06800F5907000F0E1F8E0685F
:103540006EA100F59070FBF7DCFEF1F7B1F90146D2
:10355000E06800F59070FBF7F9FFE068696900F535
:103560009070FBF7FEFFE06800F5947000F0C8F87B
:103570000421E868F1F7B6F9404201B2E06800F5CD
:103580009470FBF713FFF1F793F90146E06800F53B
:103590009470FBF7ABFEE06800F5987000F0B0F8AF
:1035A000E068012100F59870FBF7E1FEA088ADF816
:1035B0000000E068009900F59870FBF7CDFEE06828
:1035C00000F59C7000F09CF80121E868F1F78AF999
:1035D0000146E06800F59C70FBF7AEFE2089ADF86F
:1035E0000000E068009900F59C70FBF792FEE0682F
:1035F000032100F59C70FBF79BFEE06800F5A070CE
:1036000000F07EF8A088ADF80000E068009900F5B1
:10361000A070FBF77EFE0221E86800E05FE0F1F7B2
:1036200061F90146E06800F5A070FBF785FE012115
:10363000E868F1F757F9404201B2E06800F5A07080
:10364000FBF7CFFEE068042100F5A070FBF770FEE9
:10365000E0684FF4C87100F5A070FBF730FEE06839
:1036600000F5A47000F04CF895F82000C00738D0A1
:1036700002211220FAF718FE37E01821E868B9E4B1
:103680001421B7E40E21E868CAE40C21C8E418212B
:10369000E8681FE514211DE51821E8682EE51421CE
:1036A0002CE51821E86837E5142135E50E21E86896
:1036B00044E50C2142E50E21E86851E50C214FE577
:1036C0000821E868ACE50621AAE50821E868B5E527
:1036D0000621B3E50821E868C2E50621C0E50C2112
:1036E0001EE701211220FAF7F7FD0146E068BDE868
:1036F000FC4700F5A470FBF729BF0000EF808C00A9
:103700000349097809B1FBF7C6BDFBF7BABC000055
:103710005481FF1F2DE9F35F0198F8F713F8FE4C71
:103720004FF4803BA8B1FD490198F7F745FAA0B1E5
:10373000E168002218310198F6F754FFE1685A4613
:1037400008310198F6F74EFFE168F54A103101980B
:1037500003E30022E1680198EEE7F2490198F7F7E8
:103760002BFAA0B3E168002220310198F6F73AFF66
:10377000E168002228310198F6F734FFE168002261
:10378000D0310198F6F72EFFE168202258310198D8
:10379000F6F728FFE1682022D8310198F6F722FFDA
:1037A000E1680422A0310198F6F71CFFE1682022AD
:1037B000C8310198F6F716FFE16801223831019807
:1037C000F6F710FFE168802260310198C5E2FFE75B
:1037D000D5490198F7F7F0F928B1E168002201F521
:1037E00098710198B9E2D1490198F7F7E5F94FF4DA
:1037F000A027DFF83C8307F1040909F1040AA8B304
:10380000E168002218310198F6F7ECFEE168042225
:10381000A0310198F6F7E6FEE1680822A831019888
:10382000F6F7E0FEE1683A4620310198F6F7DAFE55
:10383000BF4AE168603260310198F6F7D3FEE16873
:10384000424658310198F6F7CDFEE1687A1C2831DE
:103850000198F6F7C7FEE1684A46A0310198F6F7ED
:10386000C1FEE1685246A831019876E2FFE7B1490E
:103870000198F7F7A1F94FF4003510B3E168002281
:1038800030310198F6F7AEFEE1680022B0310198C0
:10389000F6F7A8FEE1680422A0310198F6F7A2FE2F
:1038A000E1680822A8310198F6F79CFEE1682A46F3
:1038B00028310198F6F796FEE1682A46B031019862
:1038C0004BE29D490198F7F777F94FF44036A8B3DA
:1038D000E168002230310198F6F784FEE1680022A9
:1038E000B0310198F6F77EFEE1680422A03101981C
:1038F000F6F778FEE1680822A8310198F6F772FE23
:10390000E1682A4628310198F6F76CFEE1682A46FC
:10391000B0310198F6F766FEE1683246F031019861
:10392000F6F760FE854DE1682A46C8310198F6F742
:1039300059FEE1683246D031019810E1FFE7804935
:103940000198F7F739F9E8B3E168002218310198D6
:10395000F6F748FEE168002268310198F6F742FE6A
:10396000E1680022B8310198F6F73CFEE1680422D4
:10397000A0310198F6F736FEE1680822A8310198D7
:10398000F6F730FEE1685A4608310198F6F72AFE4C
:10399000E168634A10310198F6F724FEE1683A467F
:1039A00050310198F6F71EFEE1683A4601F59C7128
:1039B0000198F6F717FEE1683A4680310198F6F76C
:1039C00011FE00E010E0E168424658310198F6F738
:1039D00009FEE1684A4628310198F6F703FEE168DE
:1039E000524638310198B8E156490198F7F7E4F8A2
:1039F000554FDFF854817F3FF0B3E16800228831F2
:103A00000198F6F7EFFDE1680422A0310198F6F77E
:103A1000E9FDE168424660310198F6F7E3FDE168AF
:103A20002A4601F58C710198F6F7DCFDE1683A460B
:103A300028310198F6F7D6FDE1683A4601F5907114
:103A40000198F6F7CFFD404EE168603E32465831AE
:103A50000198F6F7C7FDE1683246C8310198F6F7DC
:103A6000C1FDE1683246D8310198F6F7BBFDE16847
:103A70002A46D031019870E1FFE734490198F7F701
:103A80009BF8E8B3E168002248310198F6F7AAFDF7
:103A9000E1680022B0310198F6F7A4FDE168002248
:103AA000E8310198F6F79EFDE168802260310198C7
:103AB000F6F798FDE1680422A0310198F6F792FD2F
:103AC000E1683A4628310198F6F78CFDE1682A460C
:103AD000B0310198F6F786FDE16842466031019801
:103AE000F6F780FDE1683246F0310198F6F77AFD8D
:103AF000E168324650310198F6F774FD324600E035
:103B000034E0E168019801F59471F6F76BFD0B4A1A
:103B1000E168603260311BE05481FF1F60440200A5
:103B2000400001006C5B0200145C0200885B020034
:103B300020000500505B0200685C020020000300CA
:103B4000A05C0200A45B020080000200845C020012
:103B50000198F6F747FDE1683A46D8310198F6F743
:103B600041FDE1682A46D8310198F6E07E49019886
:103B7000F7F722F84FF4802740B3E16800221831AC
:103B80000198F6F72FFDE1680022E0310198F6F781
:103B900029FDE168002290310198F6F723FDE168E4
:103BA000002298310198F6F71DFDE1680422A0314A
:103BB0000198F6F717FDE1680822A8310198F6F799
:103BC00011FDE1683A4628310198C6E0674901983D
:103BD000F6F7F2FF40B3E168002218310198F6F7DA
:103BE00001FDE168002278310198F6F7FBFCE168FD
:103BF0000022D0310198F6F7F5FCE1682022D83197
:103C00000198F6F7EFFCE168202258310198F6F7A9
:103C1000E9FCE1680422A0310198F6F7E3FCE168D1
:103C20000822A83101989AE751490198F6F7C4FF94
:103C3000B0B3E168002218310198F6F7D3FCE168CF
:103C40000022C0310198F6F7CDFCE16800229031E6
:103C50000198F6F7C7FCE168002201F58871019828
:103C6000F6F7C0FCE1685A4608310198F6F7BAFC4D
:103C7000E168404A10310198F6F7B4FCE1683A4631
:103C800050310198F6F7AEFCE1683B4A28310198C3
:103C9000F6F7A8FC384AE1681F32583101985CE019
:103CA000FFE736490198F6F787FFC8B1E1680022BF
:103CB00001F580710198F6F795FCE1682A4601F557
:103CC00080710198F6F78EFCE1682A4601F584714F
:103CD0000198F6F787FCE1683246F03101983CE044
:103CE00027490198F6F768FF00283BD0E1680022D9
:103CF00018310198F6F776FCE168002278310198D6
:103D0000F6F770FCE168802260310198F6F76AFCF2
:103D1000E1680422A0310198F6F764FCE16808220A
:103D2000A8310198F6F75EFCE1685A46083101981F
:103D3000F6F758FCE1680F4A10310198F6F752FC8B
:103D4000E168104A01F5A0710198F6F74BFCE168B3
:103D500001984FF4002201F5A47102B0BDE8F05FB4
:103D6000F6F740BCBDE8FC9F305C0200C05B02007F
:103D7000DC5B02004000010001000400345B020033
:103D8000BC5C020002000700C143491C0840B0FAB5
:103D900080F0C0F11F00704718B1B0FA80F0C0F198
:103DA0002000401E70470000FEB50668044600254E
:103DB000728C0420C2F305120CE000BFF36800EB24
:103DC000C507DB599F0104D5A76823F07F43BB4299
:103DD00003D06D1CAA42F1D8FEBDA388442B5DD050
:103DE0000EDC332B4DD006DC202B57D0222B55D0A8
:103DF000302B13D152E0342B43D0362B0ED14DE073
:103E0000622B41D006DC472B48D0552B46D0572B90
:103E100004D136E0672B34D0682B32D069B3FF2948
:103E20002DD0D4E90302121A4A4300EB222000905D
:103E3000F068012701AA50F835001946FBF77BF816
:103E400060B1DDE90010814208D1BDF80020BDF865
:103E500004309A4202D1814200D10027F068A18843
:103E6000009A50F83500FBF7CDFA002FB4D0A288A5
:103E7000A1682068F9F7D4FCFEBDE068D7E72069A7
:103E8000D5E7FF29FBDAF8E7E0680028F7D02269D8
:103E9000002ACCD08029CADB0092C9E7002901DCC6
:103EA000A0892AE0FF2901DB208A26E0228AC8B205
:103EB00091B20A02A78942EA11218AB2B9B20F026D
:103EC00047EA1121001D89B2C70841EA01400C49A7
:103ED00042EA024208400A40121A7A4300EB5210AA
:103EE000084040EA104080B2010241EA1020ADF8DB
:103EF000080080B20290BDF80800ADF8000097E716
:103F00001FF8E0072DE9F04104682648A6882568D7
:103F1000E4F753FA10E0A1420BD0086822689042FF
:103F200007D18868A268904203D18888A28890420D
:103F300036D01C48E4F745FA0100ECD1698C002723
:103F40000420C1F3051129E0EA6800EBC703D25849
:103F5000930122D5A36822F07F429A421DD12146C7
:103F60001048E4F7B7FA2046F6F738F9E868314622
:103F700000EBC7042068FBF72FF9E86850F837001A
:103F8000FBF782F800280BD06068216820F07F42A0
:103F90002846BDE8F041F9F7EBBC7F1CB942D3D805
:103FA000BDE8F0816485FF1F70B50468A068A28831
:103FB00000F47F0631462068F8F780FAE060A588B3
:103FC0000020A08023462A463146206800F00CF8E5
:103FD000A580A1682068EDF785FCA1880068E268EB
:103FE000BDE87040FBF70EBA2DE9FF5F07469A4621
:103FF0000E4600252548E4F7EBF904464FF47028F7
:104000004FF004093CE054453CD021461F48E4F7FA
:10401000DCF983462068B84231D1A068B04201D0B3
:1040200046452CD1A1880298814203D0A0F57F415A
:10403000FF3924D1002511E0F86809EBC50141588A
:104040008A010AD5464503D021F07F41B14204D10F
:1040500050F83500A188FBF7BFF86D1C788CC0F3D1
:104060000510A842E8D800212046EEF77DFC214645
:104070000648E4F72FFA2046F6F7B0F801255C462B
:10408000002CC0D104B02846BDE8F09F6485FF1F16
:104090002DE9F84F92468B46044600216E22F8F730
:1040A0000DFA06B2204600216D22F8F707FA05B294
:1040B00016B9B5F5807F62D0204600216F22F8F74F
:1040C000FDF9ADF80000204600217022F8F7F6F95E
:1040D000ADF80200BDF900006427C0F341314FF490
:1040E000FA684FF47A79012915D120F4C04040458F
:1040F00011DC04F11400EFF7EAF90146BDF9000004
:1041000020F4C040484501DDC0F57A70414391FB81
:10411000F7F0ADF80000BDF90200C0F3413101290C
:1041200011D120F4C04040450DDC618BE28A891A30
:10413000491C09B2484501DDC0F57A70414391FB45
:10414000F7F0ADF80200A08ABDF80010BAF1000F38
:104150000844ADF80000E08ABDF802100844ADF84C
:10416000020006D0704206B24FF4803090FBF5F0AA
:1041700005B26B462A4631465846FAF7DFF8BDE8E5
:10418000F88FF0B5D0E90646059D4FF480772EB93B
:10419000BC4203D108021860100239E0B0F928C00F
:1041A000A1EB0C01B0F92AC0A2EB0C029EB1BC42FB
:1041B0001AD1446906694C4306FB1244066A06EBB1
:1041C000A4041C6003694B434169406A01FB02314E
:1041D00000EBA1001CE0066A01FB04611960416A62
:1041E000806902FB001013E0466907694E4307FB34
:1041F00012666643046A04EBA6241C6003694B4301
:10420000416901FB02318269406A514300EBA12000
:104210002860F0BD00880988401A70472DE9F041F8
:1042200086B00646F4F71CFE050072D03046F3F760
:10423000E7FC044690F8540080076AD52846F4F756
:1042400050FE022865D02846F4F74BFE042860D0C3
:104250006946606AF7F7FBF903A92846F4F716FEEA
:1042600004A92846F4F742FEBDF90C10002950DBE2
:10427000BDF90E0000284CDBBDF80020891AADF80E
:104280000810BDF80210401AADF80A003046F3F7E6
:1042900079FC0646606AF8F7DEFA0146606ABDF905
:1042A000082000270546002A01DA01200EE08A4294
:1042B00002DB47F6FF77F8E702A9F4F7ABFF87B216
:1042C00002A9606AF5F7CAF980F0010094F860105D
:1042D0004FF6FF788A0723D550EAC1724FF4407039
:1042E00001D1012E08D0C9071ED0022E12D0032EF4
:1042F00012D0082E10D019E0C4E9167894F8601096
:1043000041F00102014684F860202046F6F70CFDDA
:1043100006E03FE0E76503E001462046F6F716F9C0
:1043200094F86000C00701D1012E33D139462046F0
:10433000FBF720FE94F86000C0072BD0D4E91610DC
:10434000814208D9EA6B824202D12A6C8A4218D093
:10435000E863A06D11E008D2EA6B8A4202D12A6CB0
:1043600082420ED0E963E06D07E0E96B404681428E
:1043700002D1296C814204D0E86328642046F8F712
:1043800072FD032E01D0082E04D114F8600F20F026
:104390000100207006B0BDE8F081F8B50446B0F920
:1043A0002E0010F5004F59D0B4F92C30658D99B21C
:1043B000A94202D201F5B4710BB294F83410C1F3E2
:1043C0004101D1B301290DD0022947D10095B4F99B
:1043D0003220B4F93010F5F757FE05B22046A28D11
:1043E000A9B237E0E91801EBD171B4F93070B4F932
:1043F000322041F34F06B91801EBD17141F34F015F
:1044000088420CDA0A462B4639460096F5F73CFE00
:1044100005B2A9B22046EEF78AFFB1B209E00093D7
:104420003346F5F731FE05B2B1B22046EEF77FFF15
:10443000A9B22046EEF742FF0EE0FFE70093B4F981
:104440003220B4F930102B46F5F71EFE05B2AAB2A1
:104450002046618DEEF726FFA4F84050F8BD00001D
:1044600000000000D5AD0100B9AE01000000000061
:10447000F5B10100820082004A020000000001E064
:1044800001E0000000FF0055AAFF0011223344554F
:1044900066778899AABBCCDDEEFF00010203040514
:1044A000060708090A0B0C0D0E0F10111213141534
:1044B000161718191A1B1C1D1E1F20212223242524
:1044C000262728292A2B2C2D2E2F30313233343514
:1044D000363738393A3B3C3D3E3F40414243444504
:1044E000464748494A4B4C4D4E4F505152535455F4
:1044F000565758595A5B5C5D5E5F606162636465E4
:10450000666768696A6B6C6D6E6F707172737475D3
:10451000767778797A7B7C7D7E7F808182838485C3
:10452000868788898A8B8C8D8E8F909192939495B3
:10453000969798999A9B9C9D9E9FA0A1A2A3A4A5A3
:10454000A6A7A8A9AAABACADAEAFB0B1B2B3B4B593
:10455000B6B7B8B9BABBBCBDBEBFC0C1C2C3C4C583
:10456000C6C7C8C9CACBCCCDCECFD0D1D2D3D4D573
:10457000D6D7D8D9DADBDCDDDEDFE0E1E2E3E4E563
:10458000E6E7E8E9EAEBECEDEEEFF0F1F2F3F4F553
:10459000F6F7F8F9FAFBFCFDFEFF8080808181824E
:1045A000828384858687898A8C8D8F91939597994C
:1045B0009B9EA0A2A5A7AAADAFB2B500FF1FFF1F8B
:1045C00001E001E000000000000000000000C00366
:1045D000000000000000C003030A00000F00800577
:1045E000050500051C00D0090A0A00004E00B008AD
:1045F000090F00FE9200D00B0C0A0000CE00A009AB
:104600000A0B00FF0501F002030500050D01B004CF
:10461000040E01FD2901C004040E00FD4501A005A2
:104620000606000557012008080700027301300341
:10463000030500FE7B0160050503000383013003D1
:10464000030300008801F004070EFFFFB9015009C1
:10465000090A0000E6013005040A0000FA0110080A
:10466000080A000022020008080A00004A02600945
:104670000A0A00007C021008080A0000A402A00830
:10468000090A0000D1026008080A0000F9020009C6
:10469000090A00002603A008080A00004E033003A0
:1046A000030800005A033003030B00FD6B032008CE
:1046B000080800018B03200808060002A303200855
:1046C00008080001C3030008080A0000EB03800E7D
:1046D0000E0D00FD4604400A0C0AFF008204A00AE9
:1046E000090A0100AF04200A0A0A0000E104900B45
:1046F0000A0A010013056009080A01003B05E008E9
:10470000080A01006305D00A0A0A00009505600B3B
:10471000090A0100C2055004020A0100CC05300755
:10472000070AFF00EF05100A0A0A010021065008D7
:10473000080A01004906600D0B0A01008006600BA3
:10474000090A0100AD06C00B0C0A0000E906200AA8
:10475000090A01001607C00B0C0D00FD6407300AA2
:10476000090A01009107B008090A0000BE073008D5
:10477000090A0000EB07100B090A01001808F009EC
:104780000B0AFF004F08C00F100A00009F087009B5
:104790000A0A0000D10810090B0AFF0008093009B5
:1047A000090A00003509B004040E01FD5109F004A6
:1047B000070EFFFF8209B004040E00FD9E093008B9
:1047C00007060102B3090007070100FFB7096008E7
:1047D00005020109BC09600808080000DC0990090D
:1047E000080B0100080A000808080000280A9009C0
:1047F000090B00005A0A9008080800007A0AF00421
:10480000060B00009B0AB009090B00FDCD0A9009B8
:10481000080B0100F90AE003020B0100040B00047D
:10482000050EFEFD270BA008080B0100530BE0034B
:10483000020B01005E0BD00E0D080100920B9009D7
:1048400008080100B20BE00809080000D60B900927
:10485000080B01FD020C9009090B00FD340CC0058A
:1048600005080100480C000707080000640CD0058B
:10487000060A0000820C800908080100A20CD0077B
:104880000908FF00C60C900C0D080000FA0CC007C8
:10489000080800001A0DD007090BFFFD4C0D50074A
:1048A00007080000680DF004050E00FD8B0D3004B4
:1048B000020E01FD990DF004050E00FDBC0D20084F
:1048C00008030003C80DE00506050006D70D6004C7
:1048D00004030003DD0D000E0F0FFFFE4E0E000E51
:1048E0000E0B00009B0E000E0E0D00FFF60E000ECC
:1048F0000E0B0000430FA0090A0B00007A0F000EF8
:104900000E0F00FEE30F000E0E0F00FE4C10C00F46
:10491000100D00FFB410000E0E0F00FE1D11C00F91
:10492000100B00007511000E0E0F00FEDE110007C7
:10493000070C00FF0812800A0B0C00FF4A12C00F80
:10494000100E00FEBA12000E0E0B00000713A00995
:104950000A0F00FE5213400C0A0E01FE9813400C81
:104960000D0F00FEFA13400C0D0D00FF4F14400C0C
:104970000D0D00FFA414400C0A0E01FEEA14400CB9
:104980000E0DFFFF4515C008090D00FF8015C0087A
:10499000090D00FFBB15400C0D0D00FF1016400C5B
:1049A0000D0400032A16C00F100B000082168011A0
:1049B000120F00FE0917C00F110FFFFE8917000E1E
:1049C0000E0D00FFE417400C0D0800011818400CF4
:1049D0000D0800014C188011120B0000AF18000EDA
:1049E0000E0B0000FC18000E0E0F00FE6519000EE5
:1049F0000F0FFFFED619400C0D0D00FF2B1A400CB7
:104A00000D0F00FE8D1A400C0D0D00FFE21A400C38
:104A10000D0C00FF301B000E0E0B00007D1BC008AC
:104A20000A0FFFFEC81B400C0D0F00FE2A1C400C95
:104A30000D0F00FE8C1CC00F100B0000E41C000EBC
:104A4000100FFFFE5C1D800A0B0F00FEAF1D8011D2
:104A5000120D00FF241E8011120A00007E1E80111C
:104A6000120A0000D81E8011120A0000321F8011A5
:104A7000120A00008C1F8011120A0000E61F80112C
:104A8000120C00FF5220400C0C0F00FEAC20400C1A
:104A90000D0F00FE0E21000E0F0FFFFE7F21801173
:104AA000120B0000E221800A0B0F00FE3522100ECF
:104AB0000F0A00000000721F51EF58EF5BEF5CEF30
:104AC0005DEF61EF63EF65EF69EF6CEF71EF76EF2C
:104AD00077EF78EF8EEF93EF98EF9BEF9CEF9DEFE2
:104AE000A1EFA2EFA3EFA4EFB7EFB8EFBEEFC0EFD7
:104AF000C1EFC4EFC7EFC8EFC9EFCBEFE3EFE5EFCE
:104B000014F015F017F019F030F037F03AF043F0E8
:104B10006CF074F0ABF03BF190F191F192F193F104
:104B200094F1D7F1E3F13DF254F2AAF412F7F2F75F
:104B3000200000005F0001000000000000000000F5
:104B400000000200B0000000F3F76000B44A020069
:104B5000000000003E000300000001020003040505
:104B600002060708090A090A0B0C000D0E0F1011A6
:104B700012130C14140000001516171819161A1B1E
:104B80001C1D1D1E1F201D1D1621222303241E2552
:104B900025262728292A2B002C002D2E2F303132B4
:104BA000332D343435302D2D2E2E36373839333AD7
:104BB0003A3B3A3C290000093D0900000000000092
:104BC00000000000000000000000000000000000E5
:104BD00000000000000000000000000000000000D5
:104BE00000000000000000000000000000000000C5
:104BF000000000000000000001020003040502069E
:104C00000708090A090A0B0C0D0E0F10110C1213DC
:104C10001415150000001617181917191919171966
:104C2000191A1919191917191719031B1C1D1D1EFB
:104C30001F2021222300240025262727270027269E
:104C4000282926262A2A272A272A2B2C2D2E2E2FC2
:104C50002E30000023093109000000000000000090
:104C60000000000000000000000000000000000044
:104C70000000000000000000000000000000000034
:104C80000000000000000000000000000000000024
:104C90000000000000010000000000000001000012
:104CA0000200000000020000000000000000000000
:104CB00000000000000001000000000000000000F3
:104CC0000000000000010A0006FB00000000F4F3F1
:104CD000020B0504F7020B010902070000000000A7
:104CE0000000000000000D02FE00000000000000B7
:104CF00000000000000400F90000000000FC0404B3
:104D00000000FE00FE0200FE00FEFFFC00000000AE
:104D1000FE0000FDFD0000FE00FC000000000000A1
:104D2000000000FEFE00FD00FA00E50000FC0004AB
:104D3000070000FC02020704FC040000F30000006E
:104D40000000000000000000F8000000000000006B
:104D500000000000000000FAFDF500F7FE00000072
:104D600000000900F9FEFF0100FC0000FEEF00005A
:104D7000000000000000000000EEFE09000000003E
:104D80000000000000000000F7000000000000002C
:104D90000000000700020000FC000000000000000E
:104DA00000000000000000000000090201000000F7
:104DB00000000000000000000000000000000000F3
:104DC00000000000000000000000000000000000E3
:104DD00000000000F80000000000000000000000DB
:104DE000000000000000000000000002040207FEB6
:104DF000000004FEF9E102060400FD0008000700BF
:104E00000700EB00FD070007FE0402000001FE00A2
:104E100000FC12001200070009030407000000F85C
:104E20000000000001FE0002FCFDFC0200FE00008C
:104E300000F70000000000000000000000F100008A
:104E40000000000000000000000000000001F4006D
:104E5000F200000000FE0016FDFD0202FE00FD0251
:104E60000000F40000000000000000000000EA0064
:104E700002000000000000000000000000F2000D31
:104E80000000F8000700F1EAF1FC070000F1000360
:104E9000FB00FD0000000000000000000000000614
:104EA00007E50000000000000000000000000B000B
:104EB0000200000000000202FDFC00FFFFFE0000F7
:104EC000FE000000FC00FE00FBFC00FAF9F9FC000B
:104ED000FC00FC00000000FE0000020002FE0001D9
:104EE00000000002FE000000FE0202FF000000FCC5
:104EF00000FF0000000000010003FE00FD00FC00B8
:104F000000FE00070000FE0000000000FF01FEFEA2
:104F10000000FE00FE000000000000000000FFFF97
:104F200000FEFD0000000000010000FE00FEFEFE8D
:104F3000000000000000000000FF00000000FEFD77
:104F400000FD00F9FEF9040000FC02040600FAFF6F
:104F5000FD00FFF502FE02F402000001F400F4FE81
:104F6000EDFE00F50004060003000000000000FC58
:104F7000FD00F9000000FE000000FE00000000003F
:104F8000FFFF00FFFD00000000000000FEFE00FE2D
:104F9000FDFE0000FE000000000000000000000018
:104FA000FEFE00FD00FE00FC020000FD010202000A
:104FB0000000000000FE0000000000020000FE00F3
:104FC000FEFEFD000000000000000200FE000000E8
:104FD00000FEFD00FC0007FE01F9000006F5F4F7F5
:104FE000FC0200FEF1FC00FC00FC03FCF200FA00F5
:104FF0000001FF02FE000200F9F700F5FBFBFBF9E0
:10500000FDFA00FCFA01000100FE000000020002AF
:105010000000000000000000000000FE00FF00FF94
:10502000FE00FCFBFBFF00F9000000000000FE009A
:1050300000000001FF00000002000000000000006E
:10504000000B00000000000002000000FE00000055
:105050000000000000000000FC0002000000000052
:105060000000000000000000FE000000FC00000046
:1050700000F5F9000000FDF50000FE0200FA000056
:105080000000000000000000FC0000FC0000000028
:1050900000000000000000000200FC00000000030F
:1050A0000002FCFC00FEFEFD000000000000F90014
:1050B000FE00FDFE00FBFAF9FE00FC00F900000016
:1050C00000120000010000FD000200F600000000D8
:1050D00000EBFC0707FEF70002FD00F5FFFD02F004
:1050E000FE030003F8FDF8F9F70000F3000D0000DF
:1050F000FF000000FFFFFEFAF900EB0000000000D7
:10510000000000000100000000000000000000009E
:105110000000000000FE00FFFEFD0000FC00FE009D
:105120000000000000000000000000000000FF0080
:10513000FC000004FF0300FB02FEFFFAFE00FDFE80
:10514000FE00FDFC0000FEFFFEFCFD0000FE000274
:10515000FE00FB000000FC00FC00FCFC0200000064
:105160000000000000FC0200FD00FEFDF9FEFEFE56
:10517000FFFEFDFF0000000000FEFEFE000000003C
:1051800003FE00FE000000FEFDFEFEFDFE00020923
:10519000FF00FA00FE0400FEF7FD030000F5FC022C
:1051A000FC0200FEFEF900FD010000FC0000000210
:1051B00002FCFC00FCFEFDFEFE00FC01FCFC070006
:1051C00000000000000000000200000000000000DD
:1051D00000000000000000000000000000000000CF
:1051E000FC000000000000000000000000000000C3
:1051F00000000000000000000000000000000000AF
:10520000000000000000000000000000FE000000A0
:10521000000000000000000000000000000000008E
:1052200000000000000000000000FEFE0000000082
:105230000000000000000000FD0000FD0000FEFE78
:1052400000000000FE00000000FF0000000000FE63
:1052500000000000FD00FC000000F90002FB04005B
:10526000FEF50000FBFE00F7FAFA0000F6FEF7F785
:10527000F500FA00020FFD00FBFEFFFEFCFAFCF851
:10528000F7FBFE0000FE00010000F0FE0705FBF842
:105290000001F900F5FEFE04EBFD010000F1FDF454
:1052A000FEF00000F0000D0100FE00000000FFFE17
:1052B000F7FE00F100000000F900FE00FFFAF50023
:1052C00000FFFDF9FE00FE00000000F6FEF9F9FE09
:1052D000FCFAFEFC00FCFEF9FD00FDFCFEFC0001FA
:1052E00000FEF9000400FC00000000030002FC09BD
:1052F00000FEFEFD000000000000F900FE00FDFEC3
:1053000000FBFAF9FE00FC02090000000012000098
:10531000010000FD0002000000000000000000008D
:1053200000000000FEFC0000000000FF000000FE86
:10533000FE0000FCFE0000FC0004FF000000000076
:10534000000100000000030402FE00F9FC0007F960
:10535000F9FCFC090402EDFE04FE00FE02FEF8006A
:10536000FE02FDFEF9FE0000070400FA00F4FD064F
:10537000FDF701FDF9F9FE090200FD00FA00020740
:10538000FBF8F7FA070001F0FE02FCFEFB00FBF859
:10539000FDFDFE0000FBFBFE000705FEF400F4FD32
:1053A00000F8F3FFF9FCF9FA060000FD00FCFE002E
:1053B000FEFC0004F9020000F400FEFBFCFEF9FA1A
:1053C000F9FB00F9FEFBFCF9FE0000010BFC00F903
:1053D000FE00FEFCFBFAFAF7FDFC0400FD00F5FD03
:1053E0000104F9F8FCF907FE01EBFC04FBFCF800F2
:1053F000F9F7FDFEFEFEFBF9FF00000706FEF100D7
:10540000F3FB05F7F1FCF8F7F5F90400000000FDE7
:10541000000002FD0402FC040000F9FF00FF00018F
:1054200001FE000000000000FE0000000002070076
:1054300000FD00000000FEFEFD0000000102000073
:1054400000000200FE000900040101FD000400004C
:10545000000200000000000000000000000700063D
:105460000000000000000000000000000000F30049
:10547000FE04000700001603FCFC0202FE01F5001A
:10548000000BF30000000000000000000000F10924
:105490001F000000000000000000000000F30000FA
:1054A00000000000000000000000000000000000FC
:1054B0000000000000000000FC0000FCFE000000F6
:1054C00000000000000000000000000000000000DC
:1054D000FE00FA0000010000021DFCFE0706FA02B1
:1054E00000000202FD0000000000000000000000BB
:1054F000E3060000000000000000000000000000C3
:10550000000000FA000000FA00000000FBFF0000AD
:1055100000FB00FD00F5000000000000000000009E
:1055200000F10000000001000000000000FE00008B
:10553000FC00FD00FA000000FC02FD0000FAFEFB8A
:105540000000FA00FE00F500FE0000EEFCF7FEF899
:105550000000F100FAFF0000000000000000FDFC68
:10556000FEFC00000000FB00FB03FE0400FEFBFE4F
:10557000FCFC00FDFFFE02FAFF000000ECFEFD0057
:10558000FB00FEF5FE0000FEFE000000000200FE33
:10559000FCFE04000000000000000000000000000D
:1055A00000000000000000000000000000000000FB
:1055B00000000000000000000000000000000300E8
:1055C0000000000000FB00FE000000FC02000000E4
:1055D000FAFEFC0000FA00FE00F500000000EA0000
:1055E000FCF8F50000F100FEFD00000000000000E6
:1055F00000FEFDFFFD01000004FD00070BFEFEF9AB
:10560000030B0405FA030903060506000000000069
:105610000000000000000E0BFCFE00FE120A12004B
:105620000000020000080000FC0000000000000074
:105630000000FE0000000000000000030000000069
:10564000EDFDFEF7F50000F1000000000000000095
:10565000000000000000000000FC0000000000004E
:10566000000000FE00000000000000000300000039
:1056700000EDFDFEF7F50000F7000000000000005F
:10568000000000000000000000000000FE0000001C
:10569000FB0200FE020402F90000FE02000200000C
:1056A0000000FA00FEFEFC00FEF7000EFE00FBFE0E
:1056B00000FEFC00FEFAFCFD000000FC0000000003
:1056C0000000000000FE00000000000000000300D9
:1056D000000000EDFDFEF7F50000F1000000000005
:1056E000000B00000000000000000000FC00F9FDBD
:1056F000FE07FEFEF701FF01FEFA000500020102AF
:10570000FBF7FD00F7FCFAF7F700FCFCFDFDFEFEE1
:10571000FDFE00FEFF030003FE0007000000000086
:1057200000000000000000FEFEFE0000FA00FF0086
:10573000FC0000000000000000000000F30000007A
:105740000000000000000000FEFE00FD0000000060
:10575000FE0000FCFE0200FCFCFE00FAFEFBFEFD6B
:1057600000FC0000000000000000000000F1000745
:105770000000FC00000000FD00FE0000FF0000FE35
:1057800000FB000009FDF9F902020200FA0203021F
:10579000070207FEFA0000F70000F9FA0000FC001B
:1057A000FDFC00FD00FD00FE0300FEF9FE08000008
:1057B000FE00FC000003FB0002FE020000F900FEF8
:1057C000FF00FE02FE000000F7FDFB00F90000F5FF
:1057D0000008FE00FC000100FE00FEF900FE0200D1
:1057E000000000FE000002FD010000FDFE00FD00C3
:1057F00000000000000000000000000000000000A9
:10580000F200050000FE000000000000FEFE0000A7
:10581000000400050000000000F2F3010A0704F78D
:105820000209000800040000000000000000000061
:10583000000C00000000000000000000000000005C
:1058400000000000944C0200584B0200F64B02008E
:105850003D31000000000098C4450200304B0200BA
:1058600044580200100002287480FF1FF97D0100D7
:105870001D7D01001000030000FF010054580200CC
:105880000000000000000000F206E8EC993661D646
:105890003A9624BE055E05FA04B14D6A8E09CEE73C
:1058A000FF47FE00FCC0FAA47AA963F19CF3EA8AE0
:1058B000E38EECD3FE7AFF5DEA0FF312F476FDDAA5
:1058C000FF3DAA37BB59CC9BE5FCF73E7AB893B9AC
:1058D000B4FBD63DEF3E5B587C399D5BC65DEF5E09
:1058E000453E65BE965FBEFFE79F2DBE4E1E86BF3E
:1058F000B73FE7BF263B4E9C86FDB75EE7BF25332B
:105900004DB58658B6FBE79E65CD8630A6B4CF3937
:10591000EFBD9E6CAEB0C714DF79F7DDD70ADF2E7E
:10592000E773F7B8FFDCFF6BFF8EFFB3FFD8FFFC18
:10593000FE45FEA9FF10FF76FFDCFD24FDA9FE70E9
:10594000FF16FF9CFB88FC4CFD52FE77FF5C8B6CC6
:10595000A44FBD54D679EF5D7C939535B5F8CEDB79
:10596000EF7EBDF7E71CEF7DF7BEFFDFE1C6D16537
:10597000C145B0E3D8CCC0CBA8AA8869893578F4F2
:1059800068D348B159B65175413430D23A5531F3E4
:1059900029B2190F1C5C1BBA13380A3404DC045AF0
:1059A00003B702B3057804B40411030C044F03CD0C
:1059B000034B026845083C672BE61AE47D886CE7D8
:1059C00054453343C646ADA59CE483A2FEC6FE05FE
:1059D000FD44F3E2FD80FD00FC60FB60FC60F3E051
:1059E000EB60E280F283E243DA02B9A16A685A0608
:1059F00049A53924536F42CC3229218773AE630CF9
:105A00004208210400003C027804B306EE08280B8B
:105A1000610D990FD01106143A166C189D1ACB1C03
:105A2000F71E212148236C258E27AC29C72BDF2D9B
:105A3000F32F0332103418361C381C3A173C0E3E34
:105A4000FF3FEC41D443B64593476A493C4B084D70
:105A5000CD4E8D504652F953A5554B57EA58825AB0
:105A6000135C9C5D1F5F9A600D627963DD6439662B
:105A70008D67D9681D6A596B8C6CB76DD96EF36FE1
:105A800004710C720B730174EE74D275AD767F776E
:105A900047780679BB79677A0A7BA27B327CB77C30
:105AA000337DA57D0D7E6C7EC07E0B7F4B7F827F1C
:105AB000AF7FD27FEB7FFA7FFF7F00000000000006
:105AC00000040404040404040404040000000000AE
:105AD000060606060606050000000000000000009D
:105AE00000000000000000000200000000000000B4
:105AF000000004000002000202000000000000009C
:105B00000202020200020000000200000000000089
:105B1000020000000001010505050105000000006C
:105B200000100101000000001002020C0C12120013
:105B30000000000060440200DB2B010000000000B8
:105B400000000000052E01000000000041040000DC
:105B50006044020025360100733601000000000099
:105B60009136010004010D000006000060440200AF
:105B7000FF380100000000000000000000000000ED
:105B8000D127D1274402000060440200813901007E
:105B9000A539010000000000BD39010004018200A8
:105BA00085030000604402002141010059410100C9
:105BB0000000000029430100D127D127C4020000C2
:105BC000604402001D760100A5760100000000007F
:105BD000C97601008200D12705040000604402005C
:105BE0004B7B01007D7B010000000000417801003B
:105BF0000000000080020000604402004D9001009F
:105C0000C9900100000000000D910100D127D127AB
:105C1000C004000060440200F59E01000000000086
:105C200000000000099F0100D127D127C002000019
:105C30006044020035E601000000000000000000A2
:105C4000ADE60100D1278200C5020000F85B02002A
:105C500000000000000000000000000015E8010046
:105C600000000000C0040000505B0200DBE90100FE
:105C7000000000000000000035EA01000000000004
:105C80008507000060440200D7F50100FFF5010020
:105C90000000000009F6010034001E00840200002C
:105CA0006044020065F70100A1F701000000000058
:105CB00001F80100D127D1278503000060440200CC
:105CC000D9FB0100F3FD0100000000001DFE0100F2
:105CD00004018200440600002100200069006A00DF
:105CE0006C006B006D006E0063006200000000003D
:105CF0000A00000042746E310000000042746E32EF
:105D00000000000042746E330000000042746E34E4
:105D10000000000042746E35000000003C5D02008F
:105D20000880FF1F6C0100006C060000845D02000B
:105D30007481FF1FDCA10100967500000124022779
:105D40002D024E01022080C5D4C3B2A1021B7014E3
:105D5000110A02143D090214B508021A31041AC9C5
:105D60000C1AED081A150829B814F45C021AFC0480
:105D700014045D021AF0081A0C081A14041A180404
:045D800001480000D6
:02000004980062
:100000000EA0D90D90C80C80B70A60110B80D91FC3
:100010000991F0881F0880F088000000000D203C46
:1000200000000F0069002FFFFFFFF7015C11A61011
:10003000006900C300008800D2009FFFFFFFF0129C
:10004000C523E22000D203C00000F004B00000008D
:10005000700000000E00000000E0000019EFEA3020
:100060000CD6E6A702F40E00001F80E000006FEF40
:1000700050000016FFE500000E0AF00100E05F13DB
:10008000F85E6EB005CFFE9100000E00000000701B
:10009000000008DD3000A7004B02D004C00077004C
:1000A000D01D20004B03D0A7000007DC34C4CC30A7
:1000B00000001D2D22D00000A63B00B30005C03A71
:1000C00000A3001D200D00D000A60004CC40004D70
:1000D000FC300000F718C00001F205D00000BB6E34
:1000E0004000005FF3000007E6DB03802F301DBAFD
:1000F000A05F0001DF401FB448FEC003BFFC40B258
:1001000000000000001F01F01F00F0000003F10BD1
:10011000900F404F007D009B00AA00AA009B007D2D
:10012000004F000F400B9003F15E000E6008C0040A
:10013000F001F300F500E600E600F501F304F00835
:10014000C00E605E0000930088A6C209FE404DDD2F
:10015000B1429350005200000450000008A000007B
:1001600008A0001FFFFFF30339B3300008A0000010
:1001700008A0000103F61E60E12C00000003FFF957
:100180000333100003F52E4000000E400004E00091
:10019000009A00000E400004F000009A00000E409B
:1001A0000003F000009A00000E500003F000009AD7
:1001B00000000E500003F00000004CFE70004FB62F
:1001C0008F900DB0005F32F40000E74F20000CA4C8
:1001D000F20000CA2F40000E70DB0005F204FB683D
:1001E000F90004CFE700EFFB44CB00AB00AB00AB62
:1001F00000AB00AB00AB00AB00AB07DFEA108E85B5
:100200007EC0010006F1000006F000000D90000025
:10021000CC00001CC00001DB00001DE544427FFF54
:10022000FFF97FFFFFF024445F900000BC0000094D
:10023000E100003FD81000046DD0000002F410006F
:1002400002F4BD757DD019DFEA1000000DA000009A
:1002500000AC00000007E10000004F40100002F673
:1002600000F5001DA000F5007FFFFFFFF3133333FF
:10027000F730000000F500000000F50009FFFFF076
:100280000AB444400C8000000E7000000FFFFC40D8
:1002900003345CF2000000F7100000F78E856CF16B
:1002A00008DFFB30002AEFD5003FD657400CC000D6
:1002B0000002F40000004F5BFFA104FE845DD03F0C
:1002C00080003F30E80003F206F845DC0005DFE976
:1002D000109FFFFFFD9D4444E99C0004F200000BC9
:1002E000B000002F400000AD000001F6000008E063
:1002F00000000E8000006F1000019EFE9100BE63A2
:100300006EC00F60006F00CC202BC002EFFFE20038
:10031000DC424CD05F20001F55F20002F50ED535AF
:10032000DE001AEFEA1003BFEA202FA44BE18E0093
:1003300000E99D0000DD4F7129FF07FFFC9E0002D0
:1003400010AC000002F607658FB00AEFD7002E53FD
:10035000F50000000000003F52E42E53F5000000BD
:100360000000002E52F60D21D001000000003100E7
:10037000006CF2018ED6000FC300000AFB400000A3
:1003800017EE70000005C3000000001FFFFFF3031D
:1003900033333000000000000000001FFFFFF303B4
:1003A000333330040000000ED71000005CF9200049
:1003B000002AF20003AFB106DE82001C60000000DC
:1003C00000000007DFEA109E746EC0010006F00016
:1003D0000009C000008E200006F200000870000036
:1003E000000000000B8000000C900000006CEFDAB1
:1003F0004000003DA41016D90001E509EE98CA900E
:100400000A80BD43AFC0D30F13F2000CC0693C0695
:10041000D00007C03B4B06D00007C02C3C03F200C5
:100420000CC04A0F10BD439EE3C50A8009EE91CF70
:100430009001E50000000000003DA410280000002D
:10044000007CEFD9100000000CF1000000003FD745
:1004500000000000B96E00000002F20E500000091A
:10046000A007D000001F3000F400007FFFFFFB005A
:1004700000E733334F2005F000000C900C90000093
:1004800006F18FFFFEC408E3334BF28E00001F58C5
:10049000E00018F18FFFFFF808E33337F68E000015
:1004A00009C8E000009D8E33347F78FFFFFD7000A7
:1004B00007CFFB4000CF966AF50AE20000301F60CC
:1004C0000000004F200000004F200000001F6000CF
:1004D00000000AE200003001CF966AF50007DFFB5A
:1004E000408FFFFEA4008E4446CF708E000007F3BD
:1004F0008E000000DA8E0000009D8E0000009D8EB0
:10050000000000DA8E000007F38E4446BF708FFFB4
:10051000FEA4008FFFFFF68E4444418E0000008E43
:100520000000008FFFFFC08E3333208E0000008E4E
:100530000000008E4444428FFFFFF98FFFFFF68ECC
:100540004444418E0000008E0000008E0000008FA9
:10055000FFFFC08E3333208E0000008E0000008E1F
:100560000000000007CFFC5000CF966AF60AE200B8
:1005700000201F600000004F200000004F200000FE
:10058000B91F600000B90AE30000B900CF966AF80D
:100590000007DFFC608E000008E8E000008E8E009F
:1005A0000008E8E000008E8FFFFFFFE8E333339E92
:1005B0008E000008E8E000008E8E000008E8E000F1
:1005C000008E8E8E8E8E8E8E8E8E8E8E02FFFFC051
:1005D0000444BC000009C000009C000009C00000E9
:1005E0009C000009C02000BA0EB58F603CFE808ED2
:1005F00000004F508E0004F6008E003F70008E0306
:10060000F800008E2EC000008EECF600008FB07F48
:1006100030008E000AE1008E0000CC008E00001E2B
:10062000A08E0000008E0000008E0000008E0000F2
:10063000008E0000008E0000008E0000008E000082
:10064000008E4444408FFFFFF28E00000008E8F760
:10065000000002FE8FF10000BFE8DCA0004F9E8D7D
:100660002F300D87E8D09C06E07E8D01E7E507E896
:10067000D006FC007E8D000A2007E8D00000007E36
:100680008E100008E8FC00008E8FF90008E8E6F6FE
:10069000008E8E09F308E8E00CE18E8E001EB8E8AB
:1006A000E0003FEE8E00006FE8E00000AE0007CFF4
:1006B000EB500000CF966BF9000AE200005F601F6C
:1006C0006000000AD04F20000006F04F2000000616
:1006D000F01F6000000AD00AE200005F6000CF96C1
:1006E0006BFA000007DFEB50008FFFFD7008E44558
:1006F0008FB08E00005F38E00001F58E00003F48AB
:10070000E0014DD08FFFFFB208E33310008E0000F0
:100710000008E00000000007CFEB500000CF966B10
:10072000F9000AE200005F601F6000000AD04F205D
:10073000000006F04F20000005F01F6000000AD006
:100740000AE200005F6001DF855AFA000008DFFC62
:100750005000000001EC21940000001BFFC10000CC
:10076000000012008FFFFD7008E4458FB08E00007E
:100770005F38E00001F58E00003F38E0014DD08F7A
:10078000FFFFC208E333DA008E0002F608E000053E
:10079000F3019EFDA200CE646B702F40000001F8B3
:1007A00000000006FD950000016AEE500000009F69
:1007B00000200005F13FA547EB004BEFE910FFFFDC
:1007C000FFFF2444BD44400009C00000009C00001D
:1007D0000009C00000009C00000009C00000009C4F
:1007E00000000009C00000009C00009C00000BA954
:1007F000C00000BA9C00000BA9C00000BA9C000019
:100800000BA9C00000BA8E00000D94F40003F50C93
:10081000F868FD0009EFE9100CB000000AC05F2085
:100820000001F500E900008E0008F0000E70001FC6
:100830006005F10000AD00C9000003F43F30000086
:100840000CBAC00000005FF500000000EE00006F71
:1008500010000DB00002F21F60003FF10008D00B45
:10086000B0008BE6000D7006F000E69B002F200123
:10087000F503F14F108D0000CA09B00E60D80000DA
:100880006F0E6009B2F300001F9F1004F9D0000042
:100890000CFB0000EF80000007F600009F30003FD7
:1008A00050000DA008F2009D0000CC04F300002FC2
:1008B0009E70000006FC00000009FE1000004F4D75
:1008C000B00001E802F7000BD0007F207F20000B72
:1008D000D00CB000009C002F50002F30009E000C68
:1008E000900000E805F1000005F3E60000000CFDB3
:1008F000000000003F4000000002F3000000002F55
:100900003000000002F300004FFFFFFF9144444A13
:10091000F3000003F6000001EA000000CC00000034
:100920009E1000006F4000003F7000001ED4444441
:1009300036FFFFFFFC8FF68D318D008D008D008D11
:10094000008D008D008D008D008D008D008D318F0C
:10095000F65D000000F200000B8000006D00000159
:10096000F200000B8000006D000001F200000B702F
:1009700000006D000001F200000B7000006D00002F
:1009800001F2BFF325F302F302F302F302F302F3E1
:1009900002F302F302F302F302F325F3BFF300AD17
:1009A00000001EC4000885A000E20E105B00970B3B
:1009B0005002E0EEEEEEE00BC00009B004CFEA100A
:1009C0000B745DB0000004F004CEEEF21F8214F24E
:1009D0004F1004F21F703DF204DFD7F2BA0000009E
:1009E000BA000000BA000000BA8EFC30BFD54BF34D
:1009F000BE1000CABA00007EBA00007EBE1000CA57
:100A0000BFD55BF3B98EFC30007DFD6009F748F47B
:100A10002F5000205F0000005F0000002F500020DA
:100A200009F748F4007DFD600000001F4000000150
:100A3000F40000001F4008EFC4F40AF748FF42F535
:100A40000007F45F00002F45F00001F42F50006F05
:100A500040AE637EF4008EFC4F40008EFC400AD511
:100A600038F42F20008C5FEEEEFF5F2111112F7004
:100A7000001009F846E4007DFE80009EE305F44185
:100A800008C000CFFFF029D32008D00008D000080C
:100A9000D00008D00008D00008D000007EFC4E60D6
:100AA000AF747FF62F50005F65F00000F65F000026
:100AB0000F62F60006F609F747FF5007EFC4F5008E
:100AC00000003F20CB646EB003AEFD8000BA000092
:100AD00000BA000000BA000000BA8EFB20BFC56D4E
:100AE000D0BE0003F2BA0000F4BA0000F5BA00006C
:100AF000F5BA0000F5BA0000F5BAA800BABABABA59
:100B0000BABABABA000AB0009900000000AB000AF5
:100B1000B000AB000AB000AB000AB000AB000AB0F6
:100B200000AA064E71DFA0BA000000BA000000BAA9
:100B3000000000BA001CC0BA01CC00BA1CD100BB36
:100B4000CF6000BFDBE100BD11DC00BA003F70BA2E
:100B50000007F3BABABABABABABABABABABAB99E46
:100B6000FA15DFD40BFB45EDE64AF2BE0006F600AF
:100B70000E7BA0004F2000C9BA0003F1000C9BA01F
:100B8000003F1000C9BA0003F1000C9BA0003F1009
:100B900000C9B99EFB20BFB45DD0BE0003F2BA000D
:100BA00000F4BA0000F5BA0000F5BA0000F5BA008A
:100BB00000F5007DFD60009F748F702F50007F0551
:100BC000F00001F35F00002F32F50007F009F7484D
:100BD000F70007DFD600B98EFC30BFC43AF3BE1071
:100BE00000CABA00007EBA00007EBE1000CABFD59F
:100BF0005BF3BA7EFC30BA000000BA000000BA0015
:100C00000000008EFC3F40AF748EF42F50007F45F3
:100C1000F00001F45F00002F42F50007F40AF748E6
:100C2000FF4008EFC4F40000001F40000001F40082
:100C300000001F40B98E4BFD71BE100BB000BA0012
:100C40000BA000BA000BA00005DFEA13F735A06F78
:100C5000000001EE9610016AEF300000D96C646F5D
:100C600062AEFD7008D00008D000CFFFF029D3207D
:100C700008D00008D00008D00008D00005F55100C9
:100C80009FE3C80002F3C80002F3C80002F3C800E3
:100C900002F3C90003F3AB0007F35F837EF306DFC3
:100CA000C5F30D90000AA06E0001F300F5007D0071
:100CB00009C00E60003F24F00000C8B9000006FF24
:100CC0003000000FC000C80006F1000D56D000CF64
:100CD0006003F01F302F9C009A00B807B2F10E405D
:100CE00005E0D60C74E0000F6F007C990000AFA007
:100CF00001FF400005F4000BE0004F3007E109D090
:100D00002F4000D9D900003FD000004FE10001E79B
:100D1000BB000BB01E707E1005F30D90000AA06F93
:100D20000001F300F6007D0009C00D60002F34F0D3
:100D30000000C9A9000005FF2000000EC00000004F
:100D4000E5000094AD00001BFC2000005FFFFFA148
:100D50003337F40001E70000CB00008E10004F4055
:100D6000001EA33326FFFFFC006EA00F9201F400CB
:100D70001F4001F4003F303FC0006F3001F4001FFE
:100D80004001F4001F4000FA2005EA8B8B8B8B8B0F
:100D90008B8B8B8B8B8B8B8B8BBE5002AE0005F0BD
:100DA000005F0005F0004F1000DF104F5005F0000D
:100DB0005F0005F0005F002AE00BE40007EC40B4A0
:100DC0001E25DFC00100000004CC302B01C05700FD
:100DD000932B01C005CC3006A10FF60BE2000000FA
:100DE000000000000000000000027BFB0000000487
:100DF0009DFFFFD00003AFFFFFFFFD0000AFFFFF2F
:100E0000FFDFD0000AFFFFB610ED0000AF94000036
:100E10000ED0000AF1000000ED0000AF1000000E3F
:100E2000D0000AF1000045FD0000AF1001EFFFD037
:100E3000179DF1005FFFFC0EFFFF1000AFFD31FFBB
:100E4000FFE00000010003BDA300000000005018F7
:100E50008888888405FABFDDDDDDFDAFE47F100002
:100E600000CA4EE04F100000C80EFEEF100000CF89
:100E7000EFE03FEEEEEEF80EF68F766666EB6FF87B
:100E8000AF100000CC8FE03F100000C80EFCDF6503
:100E90005555EECFC25FFFFFFFF92C5775057777E9
:100EA0007775FFFF1FFFFFFFFFFFFF2FFFFFFFFF14
:100EB000EFFF0EFFFFFFFE01100011111110EFFEFA
:100EC0000EFFFFFFFEFFFF2FFFFFFFFFFFFF1FFFD4
:100ED000FFFFFF6887078888888668870788888873
:100EE00086FFFF1FFFFFFFFFFFFF2FFFFFFFFFDF5B
:100EF000FD0DFFFFFFFD000000000001500000009D
:100F000000001DF80000000001DFFD000000001DD2
:100F1000FFE22D600001DFFE20DFF7001DFFE20091
:100F20008FFF71DFFE200008FFFEFFE20000008F50
:100F3000FFFE2000000008FFE200000000007D200E
:100F400000000000000000007F60000BE2EFF600F0
:100F5000BFF84FFF6BFFD104FFFFFD10005FFFE103
:100F60000000BFFFF6000BFFDFFF60BFFD14FFF5C1
:100F7000CFD1004FF61710000360000000110000F1
:100F800000000000FF000000006F21FF12F70006C4
:100F9000FF61FF16FF601FF901FF109FF16FE00175
:100FA000FF100EF6AF8001FF1008FACF6001FF10AE
:100FB00006FCAF8000AA0008FB7FD00000000DF700
:100FC0001FF80000008FF107FF91002AFF70009FBB
:100FD000FFEEFFF9000005CFFFFD500000000244C6
:100FE0002000000000000000000000000AFFA00038
:100FF0000000000CFFC0000003D6DFFFFD6D300EC7
:10100000FFFFFFFFFFE05FFFFFAAFFFFF51AFFF4FE
:10101000004FFFA103FFD0000DFF3004FFF0000FD1
:10102000FF404FFFFB22BFFFF42FFFFFFFFFFFF248
:1010300009FEFFFFFFEF9000505EFFE50500000096
:101040000CFFC00000000004774000000000000317
:10105000100341000000009FF50DF50000001BFD8E
:10106000FF8DF5000002DFB12DFFF500004FF83EC7
:10107000C2BFF50007FF55FFFE39FE409FE38FFF1B
:10108000FFF56FF6AC2AFFFFFFFF73E6005FFFFF7F
:10109000FFFFF100006FFFD77FFFF200006FFF90AE
:1010A0000DFFF200006FFF900DFFF200004FFF7088
:1010B0000BFFE1000000003300000000000BFFB058
:1010C000000000000CFFC0000000000CFFC000008A
:1010D00000000CFFC0000000000CFFC00000008FEB
:1010E000FFFFFFF800002EFFFFFFE2000002EFFF0E
:1010F000FE200000002DFFE20000799982DE289991
:1011000097FFFFFB22BFFFFFFFFFFFFFFFFFFFFF78
:10111000FFFFFFFAB3CFACCCCCCCCCCCCA0006BB23
:10112000BBBBBA3000004FFFFFFFFFE10000EF3014
:10113000000006FB0009F800000000CF504FD0006F
:101140000000002FE1DF84420000344BF9FFFFFD77
:101150000001FFFFFBFFFFFF988BFFFFFCFFFFFF7E
:10116000FFFFFFFFFCFFFFFFFFFFFFFFFB9FFFFFF6
:10117000FFFFFFFFF60000000000003300018DFFBD
:10118000C600EF004EFFFFFFE4DF04FFB3004CFF9B
:10119000FF0EF90000008FFF6FC00001FFFFFF8E00
:1011A000500001DEEEED00000000000000222222CF
:1011B00000000021FFFFFF100008F8FFFBBC10003B
:1011C0001EF4FFFC100001DFC0FEEFE8448EFE10AD
:1011D000FE1AFFFFFFC100FD0028BB9400000000C5
:1011E00002700002EF0002EFFDFFFFFFFFFFFFFFB5
:1011F000FFFFFFFFFFFFFFFFFFFF3447FFF000058A
:10120000FF000005C00000000000027000000002A6
:10121000EF00000002EFF0000DFFFFFF0220FFFFD4
:10122000FFF08E1FFFFFFF00E7FFFFFFF03F5FFFB4
:10123000FFFF08903447FFF000000005FF000000AA
:101240000005C000000000000000000000000007D2
:101250007000000002700005FA0000002EF000810E
:101260004F600002EFF001DD07F0DFFFFFF0321EFC
:1012700080F6FFFFFFF08E27E0B9FFFFFFF00E734F
:10128000F19BFFFFFFF03F54F09AFFFFFFF0890A48
:10129000C0D83447FFF0007F43F300005FF002F650
:1012A0000CB0000005C00000BF10000000000009E5
:1012B000E30000000000000210003788888888885A
:1012C00073EFFFFFFFFFFFFEFE32DFFFFFFFFFF9BF
:1012D000007FFFFDFFFFFD10CFFFA07FFFFFFFFF9F
:1012E000FA0007FFFFF35FA00000CFFF300300000C
:1012F00000CFFC0000000000CFFFCCCCCCCCCCFF5A
:10130000AFFFFFFFFFFFF900002000000001FA001F
:10131000000006FF1000000DFF7000006FFFF100DD
:1013200001EFFFFA000BFFFFFF605FFFFFFFE0CF61
:10133000FFFFFFF6FEBFFFFFF9FD4FFFFFF9BF49BB
:10134000FFFFF53FE52EFFD006FFFFFD200028BA86
:10135000600004300000311FE00006F91FE0007F4C
:10136000FA1FE009FFFA1FE0AFFFFA1FEBFFFFFAD9
:101370001FFFFFFFFA1FFFFFFFFA1FE6FFFFFA1F25
:10138000E05FFFFA1FE004FFFA1FE0003EFA0FD013
:101390000002D700000000000200000000000CFB6B
:1013A0002000000000FFFF900000000FFFFFE6009C
:1013B0000000FFFFFFFC30000FFFFFFFFF9100FF69
:1013C000FFFFFFFFE60FFFFFFFFFFFF2FFFFFFFF43
:1013D000FFFD0FFFFFFFFFF800FFFFFFFFB2000F51
:1013E000FFFFFD400000FFFFF70000000FFFA1001E
:1013F0000000006A40000000000014442001444244
:101400000DFFFF10DFFFF1FFFFF30FFFFF3FFFFFB7
:1014100040FFFFF4FFFFF40FFFFF4FFFFF40FFFF10
:10142000F4FFFFF40FFFFF4FFFFF40FFFFF4FFFF4C
:10143000F40FFFFF4FFFFF40FFFFF4FFFFF40FFF2C
:10144000FF4FFFFF30FFFFF39FFFC009FFFC0014B9
:1014500044444444420DFFFFFFFFFFF1FFFFFFFF45
:10146000FFFF3FFFFFFFFFFFF4FFFFFFFFFFFF4F07
:10147000FFFFFFFFFFF4FFFFFFFFFFFF4FFFFFFF37
:10148000FFFFF4FFFFFFFFFFFF4FFFFFFFFFFFF432
:10149000FFFFFFFFFFFF4FFFFFFFFFFFF39FFFFF78
:1014A000FFFFFC0002100000420FE20003FB0FFEF2
:1014B0003004FB0FFFF404FB0FFFFF54FB0FFFFF93
:1014C000FAFB0FFFFFFFFB0FFFFFFFFB0FFFFFD636
:1014D000FB0FFFFD14FB0FFFC104FB0FFB0004FB20
:1014E0000CA00003FA000000000000000012000041
:1014F00000000003FF60000000002EFFF500000068
:1015000001EFFFFF4000001DFFFFFFF30000CFFFD2
:10151000FFFFFE200AFFFFFFFFFFE00EFFFFFFFFC0
:10152000FFF203999999999950058888888888705D
:101530000FFFFFFFFFFFF30FFFFFFFFFFFF40BFFA6
:10154000FFFFFFFFD1000000000000003F900000FF
:101550003FFC00003FFD10003FFD10003FFD10006C
:101560001FFD100000CFF4000000CFF4000000CFFA
:10157000F4000000CFF4000000CFE0000000A40061
:101580000000000000CD1000001FFD1000003FFD16
:101590001000003FFD1000003FFD1000003FFD0067
:1015A0000008FF900008FF900008FF900008FF90DF
:1015B0000002FF90000007800000000000045000BF
:1015C00000000002FF60000000003FF70000000084
:1015D00003FF70000000003FF7000006999AFFC962
:1015E0009980FFFFFFFFFFFF3DFFFFFFFFFFF201BD
:1015F000113FF71110000003FF70000000003FF7DB
:101600000000000003FF70000000000CD300000089
:101610006999999999980FFFFFFFFFFFF3DFFFFF8B
:10162000FFFFFF20000000000000000001566400E2
:1016300000000003BFFEEFF91000007FFA1003DF87
:10164000E40008FFA009B41EFF504FFF200BFF2647
:10165000FFE1EFFF09CFFF63FFFABFFF09FFFF5470
:10166000FFF61EFF51DFFB09FFB003EFE204305F1E
:10167000FC10002CFF956AFF9000000049DFFD92EE
:101680000000000000000000000000CD200000006D
:10169000000000008FF50014664000000004EFAC6D
:1016A000FFEFFF910000001CFFA1004DFE30000085
:1016B000009FF5AB31EFF40007B105FFFFE17FFEBE
:1016C000100FFE302DFFF54FFF900CFFE000AFF63E
:1016D0005FFF6002FFF40006FFEFFB00004FFD100C
:1016E000003EFFC0000002DFE85401BFE30000003D
:1016F00005AEFF6007FF60000000000000004EF62E
:101700000000000000000001A10000000000000037
:1017100000000000003ED00000000000000CFF8030
:10172000000000000006FFFF200000000000EFFFA7
:10173000FB00000000008FFCCFF4000000002FFB36
:1017400000FFD00000000BFFC00FFF70000004FF7F
:10175000FD01FFFF100000DFFFE02FFFFA00007F18
:10176000FFFF9BFFFFF3001FFFFFB00EFFFFC00A4C
:10177000FFFFFE24FFFFFF60FFFFFFFFFFFFFFFAF9
:1017800006CCCCCCCCCCCCCB30000000000036005A
:1017900000000000007F80DDDB00008DEFF8FFFF20
:1017A000B007FFFFFD556FF46FF8AFE2000574FF5F
:1017B000907E2000003FFA0000000002EFB2504A85
:1017C00000012EFD1DF48FB0FFFFD10BFFFFFBFFCB
:1017D000FE2000CFFFFB12210000029FC00000008E
:1017E00000005B00000007A00000000008FFB00040
:1017F000000008FFFFB0000008FF95FFB00008FFE1
:101800009005FFB007FF900005FFB09F9000000516
:10181000FD004000000003104C20000000B60BFE4D
:10182000200000CFF02EFE2000CFF4002EFE20CFAF
:10183000F400002EFECFF40000002EFFF4000000A4
:10184000002EF4000000000013000000000830002B
:10185000000000000000BFF308BBBBBB90000BFF03
:10186000FF39FFFFFFF1008FCFCFF000000AF1003A
:10187000382F948000000AF100002F900000000A29
:10188000F100002F900000030AF130002F900000BB
:101890001FCBF8F8002FEBBBBB39FFFFE2001FFFA7
:1018A000FFFFB09FFD2000000000000008D10037BE
:1018B000888700000000EFFFFFA0000000FFFFFF8F
:1018C000FDCCCCB6FFFFFFFFFFFFFFFFFFFFFFFFD9
:1018D000FFFFFFFFFFFFFFFFFFFFFFFFFFFFFFFF18
:1018E000FFFFFFFFFFFFFFFFFFFFFFFFFFFFFFFF08
:1018F000FFFFFFFFFFAFFFFFFFFFFFF9000000004A
:10190000000000000001DD10000000001DFFD100FC
:10191000000001DFFFFD1000001DFFFFFFD10000F0
:101920009FFFFFFFF90000011CFFC1100000000C29
:10193000FFC0000000000CFFC0000000000CFFC052
:10194000000079993BFFB39997FFFFB2442BFFFF4B
:10195000FFFFFEDDEFFFFFFFFFFFFFFAB3CFACCCD1
:10196000CCCCCCCCCA00000000000200000000007B
:101970000004FFC70000000000AFFFF000000000FF
:101980001FFFFD0000000006FFFFC0000000000870
:10199000FFF700000000000CFF300000000004FF13
:1019A000C00000000001EFF300004A3002DFF80041
:1019B00005DFFE15EFFB0000EFFFFFFFFA00000B55
:1019C000FFFFFFF70000007FFFFFA200000002BA48
:1019D00085000000000004860000001006FFFA00E9
:1019E00002DFD1EF3CF101DFFA0EE0AF21DFFA00B8
:1019F0009FEFF6DFFA00008DFFFFFB00000006FFFF
:101A0000FD00000048EFFFF600006FFFFBFFF6004F
:101A10000EF3CF23FFF600EE0AF204FFF609FEFCF8
:101A20000004FFF108DA100002620000000000006C
:101A30000000006FFFF987000008FFFF98F708A675
:101A40008FFFF95990FFA8FFFFFCCC0FFA8FFFFF23
:101A5000FFF1FFA8FFFFFFFF1FFA8FFFFFFFF1FF5E
:101A6000A8FFFFFFFF1FFA8FFFFFFFF1FFA8FFFF97
:101A7000FFFF1FFA7FFFFFFFF0FFE3122222210F7B
:101A8000FFFFFFF90000ACCCCCCB50000049999986
:101A90009995000EFFFFFFFFF600FD2222224FF670
:101AA0000FC0000001FFF3FC0000001FFF6FC0002B
:101AB0000002FFF6FFFFFFFFFFFF6FFFFFDCFFFFEE
:101AC000F6FFFFB005FFFF6FFFF6000FFFF6FFFF09
:101AD000C006FFFF6FFFFFEDFFFFF69FFFFFFFFF59
:101AE000FD10CDDDDDDDDDDD2FFFFFFFFFFFF3129C
:101AF000222222222200000000000000000000003C
:101B000000000FFFFFFFFFFFF3DEEEEEEEEEEE2034
:101B10000000000000000000000000000DEEEEEEEE
:101B2000EEEEE2FFFFFFFFFFFF30000000000000CD
:101B300037888888888873EFFFFFFFFFFFFEEFFF7D
:101B4000FFFFFFFFFE1CFFFFFFFFFFC1D28FFFFF64
:101B5000FFF82DFF64EFFFFE45FFFFFA2BFFB2AF4A
:101B6000FFFFFFD3553DFFFFFFFFFFBBFFFFFFFF61
:101B7000FFFFFFFFFFFFAFFFFFFFFFFFF9000000C8
:101B8000000001FFFFF00004FFFFD00006FFFF8010
:101B90000008FFFF30000AFFFFAAA60CFFFFFFF8B6
:101BA0000EFFFFFFE10BDDDFFF6000004FFD0000D7
:101BB000007FF3000000BFA0000000FF1000000342
:101BC000F800000003C000000000200000000455E1
:101BD000EFB5520000FFFD1FFFB0000FFFFFFFFC3D
:101BE0000000FFFF533320000FFF97FFFB5700FF5C
:101BF000F8AFFFC6F80FFF8AFFFC4AA1FFF8AFFF5E
:101C0000E3220FFF8AFFFFFFF4FFF8AFFFFFFF4F54
:101C1000FF8AFFFFFFF43552AFFFFFFF40000AFFCE
:101C2000FFFFF400007FFFFFFE2000000110000016
:101C3000000000AF00000000018FFA30000002EF4A
:101C4000FFFF500000BFFFFFFF10001FFFFFFFF569
:101C50000003FFFFFFFF70005FFFFFFFF90008FFB9
:101C6000FFFFFFC000DFFFFFFFFF209FFFFFFFFF21
:101C7000FD0EFFFFFFFFFFF20222222222210000C1
:101C800008FFC00000000009A20000005BBBBBBB56
:101C9000BBBBBBA3FFFFFFFFFFFFFFFBFC0C30E163
:101CA0001D0D11FCFC0B30E01D0D10FCFFFEFFEFC5
:101CB000FEFEEFFCFFF15A0870A05FFCFFF37B29EA
:101CC00092C27FFCFFBFCBBBBBBFCBFCFC0B200099
:101CD000000D00FCFFCFCCCCCCCFCCFB9FFFFFFF97
:101CE000FFFFFFF6000000000000020000000000FF
:101CF0000005DFB00000000007EFFFD00000001873
:101D0000FFFFFF70000029FFFFFFFF00003BFFFF08
:101D1000FFFFF8000AFFFFFFFFFFF1000FFFFFFFCB
:101D2000FFFFA000049AAAAFFFFF20000000000EF2
:101D3000FFFB00000000000EFFF400000000000E9A
:101D4000FFC000000000000EFF5000000000000D6A
:101D5000FD00000000000004B300000035555502EE
:101D6000000FFFFFF2F400FFFFFF2FF40FFFFFF261
:101D7000FFF3FFFFFF32221FFFFFFFFFF7FFFFFF11
:101D8000FFFF8FFFFFFFFFF8FFFFFFFFFF8FFFFF4A
:101D9000FFFFF8FFFFFFFFFF8FFFFFFFFFF8FFFFD1
:101DA000FFFFFF8FFFFFFFFFF88AAAAAAAAA300051
:101DB00000002455310000000003AFFFFFFFC70003
:101DC0000002BFFFFEDEFFFFF6005FFFB51000035D
:101DD0008EFFB0DFD300000000008FF5180005AEC5
:101DE000FEC81004600002DFFFFFFFF80000000CD7
:101DF000FF95347DFF40000002A200000077000044
:101E00000000000296000000000000000DFF5000DE
:101E100000000000000EFF6000000000000005DA76
:101E2000000000005BBBBBBBBBBBBBBA20FFFFFF1E
:101E3000FFFFFFFFFF90FC1222222222220FF7FC5D
:101E40005FFFFFFFFFFF2CFAFC5FFFFFFFFFFF219B
:101E5000FAFC5FFFFFFFFFFF27FAFC266666666657
:101E6000661FFAFEBBBBBBBBBBBBBFB1AFFFFFFF77
:101E7000FFFFFFFF500000000000000000005BBB00
:101E8000BBBBBBBBBBBA20FFFFFFFFFFFFFFFF9049
:101E9000FC1222222221000FF7FC5FFFFFFFF80057
:101EA0000CFAFC5FFFFFFFF80001FAFC5FFFFFFF89
:101EB000F80007FAFC2666666663000FFAFEBBBBF5
:101EC000BBBBBBBBBFB1AFFFFFFFFFFFFFFF5000BE
:101ED00000000000000000005BBBBBBBBBBBBBBA8B
:101EE00020FFFFFFFFFFFFFFFF90FC1222221000E8
:101EF000000FF7FC5FFFFFD000000CFAFC5FFFFF54
:101F0000D0000001FAFC5FFFFFD0000007FAFC26BA
:101F100066665000000FFAFEBBBBBBBBBBBBBFB1CC
:101F2000AFFFFFFFFFFFFFFF5000000000000000B9
:101F300000005BBBBBBBBBBBBBBA20FFFFFFFFFF0F
:101F4000FFFFFF90FC1222000000000FF7FC5FFF74
:101F5000300000000CFAFC5FFF3000000001FAFCCA
:101F60005FFF3000000007FAFC2666100000000F3B
:101F7000FAFEBBBBBBBBBBBBBFB1AFFFFFFFFFFFED
:101F8000FFFF500000000000000000005BBBBBBB77
:101F9000BBBBBBBA20FFFFFFFFFFFFFFFF90FC00B2
:101FA00000000000000FF7FC0000000000000CFA29
:101FB000FC00000000000001FAFC0000000000002E
:101FC00007FAFC0000000000000FFAFEBBBBBBBB21
:101FD000BBBBBFB1AFFFFFFFFFFFFFFF5000000023
:101FE0000000000000000000000007B20000000038
:101FF00000000ADFFA000000000000A93DF5000023
:1020000000044002E00010000000AFF80B60000088
:10201000006C30FFFFFFFFFFFFFFFFF4AFF9000C84
:102020005000006D4005500004C00000100000008A
:102030000000C43EE80000000000002EEFFA00009F
:1020400000000000004FFA00000000000000000047
:1020500000000000011000000007EFFFB30000AF18
:10206000FD8FFF2004FFFD09FFB00AFEFD12AFF057
:102070000EF55D2C0EF30FFF33129FF50FFFF307E4
:10208000FFF60FFFE206FFF60FFE24137FF50DF5B6
:102090007D2C0DF30AFFFD11BFF003FFFE0BFFA027
:1020A000007FFEBFFE100003ACDC81000000344363
:1020B000000005667FFFF96650FFFFFFFFFFFF3559
:1020C0006666666666501CCCCCCCCCC402FFFFFFB3
:1020D000FFFF602FF3FB7F6DF602FF2FB7F5DF6088
:1020E0002FF2FB7F5DF602FF2FB7F5DF602FF2FBCB
:1020F0007F5DF602FF2FB7F5DF602FF3FB7F6DF6F4
:1021000001FFFFFFFFFF5007BCCCCCCC90000000CC
:102110000000000120000000000004FF500000004B
:102120000002FFFF500000000439FFFE0000000421
:10213000FF39FFA0000004FFFF39B0000004FFFFDB
:10214000FF20000004FFFFFFB0000004FFFFFFB00E
:10215000000004FFFFFFB0000004FFFFFFB000001D
:1021600000BFFFFFB00000000DFFFFB00000000047
:10217000FFFFB00000000009A860000000000000A0
:1021800000178888888887400002EFFFFFFFFFFF65
:10219000F4003EFFFFCFFFCFFFF703EFFFF908F892
:1021A00009FFF83EFFFFFE20402EFFF8DFFFFFFF94
:1021B000E101EFFFF89FFFFFFF80008FFFF809FFAD
:1021C000FFF902C209FFF8009FFFFE4EFE4EFFF826
:1021D0000009FFFFFFFFFFFFF700008FFFFFFFFF7A
:1021E000FFC100000000000003EFFFFFE203FBFB64
:1021F000CEBFA4FF1D03A1FAFFF1D03A1FAFFFFF2E
:10220000FFFFFAFFFFFFFFFFAFFFFFFFFFFAFFFF38
:10221000FFFFFFAFFFFFFFFFFAFFFFFFFFFFAFFF73
:10222000FFFFFFFAFFFFFFFFFFADFFFFFFFFF829F2
:10223000AAAAAAA8000000000000000300000000F5
:10224000000004F1000820000001FF100BF700005F
:10225000002FF10CFF94444445FF1BFFFFFFFFFFDD
:10226000FFF18FFFFFFFFFFFFD007FF70000000081
:1022700000006F600000000000003000000000005F
:040000050000028174
:00000001FF
